Date,CPER
1990-01-29,0.9675000000
1990-01-30,0.9530000000
1990-01-31,0.9780000000
1990-02-01,0.9720000000
1990-02-02,0.9935000000
1990-02-05,0.9820000000
1990-02-06,0.9850000000
1990-02-07,0.9900000000
1990-02-08,0.9885000000
1990-02-09,1.0035000000
1990-02-12,0.9890000000
1990-02-13,1.0290000000
1990-02-14,1.0385000000
1990-02-15,1.0505000000
1990-02-16,1.0880000000
1990-02-20,1.1025000000
1990-02-21,1.1080000000
1990-02-22,1.1120000000
1990-02-23,1.1050000000
1990-02-26,1.1030000000
1990-02-27,1.0675000000
1990-02-28,1.0825000000
1990-03-01,1.0920000000
1990-03-02,1.1370000000
1990-03-05,1.1680000000
1990-03-06,1.1535000000
1990-03-07,1.1465000000
1990-03-08,1.1590000000
1990-03-09,1.1550000000
1990-03-12,1.1495000000
1990-03-13,1.1270000000
1990-03-14,1.1740000000
1990-03-15,1.1955000000
1990-03-16,1.1975000000
1990-03-19,1.1910000000
1990-03-20,1.1730000000
1990-03-21,1.2120000000
1990-03-22,1.1810000000
1990-03-23,1.1790000000
1990-03-26,1.1470000000
1990-03-27,1.1225000000
1990-03-28,1.1650000000
1990-03-29,1.1450000000
1990-03-30,1.1810000000
1990-04-02,1.1640000000
1990-04-03,1.2035000000
1990-04-04,1.1515000000
1990-04-05,1.1465000000
1990-04-06,1.1685000000
1990-04-09,1.1270000000
1990-04-10,1.1540000000
1990-04-11,1.1460000000
1990-04-12,1.1285000000
1990-04-16,1.1250000000
1990-04-17,1.1250000000
1990-04-18,1.1260000000
1990-04-19,1.1300000000
1990-04-20,1.0955000000
1990-04-23,1.0890000000
1990-04-24,1.1200000000
1990-04-25,1.1525000000
1990-04-26,1.1500000000
1990-04-27,1.1160000000
1990-04-30,1.0890000000
1990-05-01,1.1330000000
1990-05-02,1.1215000000
1990-05-03,1.1160000000
1990-05-04,1.1125000000
1990-05-07,1.0965000000
1990-05-08,1.1215000000
1990-05-09,1.1750000000
1990-05-10,1.1840000000
1990-05-11,1.1765000000
1990-05-14,1.1500000000
1990-05-15,1.1410000000
1990-05-16,1.1440000000
1990-05-17,1.1490000000
1990-05-18,1.1485000000
1990-05-21,1.1345000000
1990-05-22,1.1615000000
1990-05-23,1.1505000000
1990-05-24,1.1655000000
1990-05-25,1.1525000000
1990-05-29,1.1250000000
1990-05-30,1.0875000000
1990-05-31,1.0820000000
1990-06-01,1.0970000000
1990-06-04,1.0890000000
1990-06-05,1.1050000000
1990-06-06,1.1000000000
1990-06-07,1.1035000000
1990-06-08,1.1050000000
1990-06-11,1.0845000000
1990-06-12,1.0960000000
1990-06-13,1.0810000000
1990-06-14,1.0950000000
1990-06-15,1.0970000000
1990-06-18,1.1220000000
1990-06-19,1.1160000000
1990-06-20,1.0885000000
1990-06-21,1.1000000000
1990-06-22,1.1050000000
1990-06-25,1.0790000000
1990-06-26,1.0760000000
1990-06-27,1.0930000000
1990-06-28,1.1330000000
1990-06-29,1.1400000000
1990-07-02,1.1290000000
1990-07-03,1.1310000000
1990-07-05,1.1605000000
1990-07-06,1.1820000000
1990-07-09,1.1735000000
1990-07-10,1.1675000000
1990-07-11,1.2200000000
1990-07-12,1.2405000000
1990-07-13,1.2295000000
1990-07-16,1.2200000000
1990-07-17,1.2000000000
1990-07-18,1.1930000000
1990-07-19,1.1790000000
1990-07-20,1.1980000000
1990-07-23,1.1910000000
1990-07-24,1.2040000000
1990-07-25,1.2165000000
1990-07-26,1.2290000000
1990-07-27,1.2590000000
1990-07-30,1.2175000000
1990-07-31,1.2260000000
1990-08-01,1.2660000000
1990-08-02,1.2670000000
1990-08-03,1.2350000000
1990-08-06,1.2460000000
1990-08-07,1.2545000000
1990-08-08,1.2890000000
1990-08-09,1.2905000000
1990-08-10,1.2900000000
1990-08-13,1.2900000000
1990-08-14,1.2985000000
1990-08-15,1.3060000000
1990-08-16,1.3015000000
1990-08-17,1.3060000000
1990-08-20,1.2945000000
1990-08-21,1.2980000000
1990-08-22,1.2725000000
1990-08-23,1.2785000000
1990-08-24,1.2725000000
1990-08-27,1.2865000000
1990-08-28,1.2720000000
1990-08-29,1.2810000000
1990-08-30,1.2650000000
1990-08-31,1.2650000000
1990-09-04,1.2540000000
1990-09-05,1.2400000000
1990-09-06,1.2545000000
1990-09-07,1.3255000000
1990-09-10,1.3050000000
1990-09-11,1.3065000000
1990-09-12,1.3135000000
1990-09-13,1.2915000000
1990-09-14,1.3080000000
1990-09-17,1.3010000000
1990-09-18,1.2640000000
1990-09-19,1.2200000000
1990-09-20,1.2055000000
1990-09-21,1.2205000000
1990-09-24,1.2075000000
1990-09-25,1.2020000000
1990-09-26,1.2100000000
1990-09-27,1.1985000000
1990-09-28,1.1880000000
1990-10-01,1.1700000000
1990-10-02,1.1835000000
1990-10-03,1.2100000000
1990-10-04,1.2060000000
1990-10-05,1.2205000000
1990-10-08,1.2065000000
1990-10-09,1.1810000000
1990-10-10,1.1935000000
1990-10-11,1.1575000000
1990-10-12,1.1350000000
1990-10-15,1.1425000000
1990-10-16,1.1335000000
1990-10-17,1.1210000000
1990-10-18,1.1400000000
1990-10-19,1.1750000000
1990-10-22,1.1730000000
1990-10-23,1.2265000000
1990-10-24,1.2045000000
1990-10-25,1.1980000000
1990-10-26,1.1980000000
1990-10-29,1.1720000000
1990-10-30,1.1320000000
1990-10-31,1.1355000000
1990-11-01,1.1220000000
1990-11-02,1.1420000000
1990-11-05,1.1285000000
1990-11-06,1.1415000000
1990-11-07,1.1395000000
1990-11-08,1.1270000000
1990-11-09,1.1385000000
1990-11-12,1.1325000000
1990-11-13,1.1420000000
1990-11-14,1.1400000000
1990-11-15,1.1505000000
1990-11-16,1.1600000000
1990-11-19,1.1480000000
1990-11-20,1.1505000000
1990-11-21,1.1390000000
1990-11-23,1.1430000000
1990-11-26,1.1520000000
1990-11-27,1.1110000000
1990-11-28,1.1115000000
1990-11-29,1.0850000000
1990-11-30,1.0850000000
1990-12-03,1.0910000000
1990-12-04,1.0920000000
1990-12-05,1.0900000000
1990-12-06,1.1110000000
1990-12-07,1.0820000000
1990-12-10,1.0980000000
1990-12-11,1.0930000000
1990-12-12,1.1070000000
1990-12-13,1.1050000000
1990-12-14,1.0960000000
1990-12-17,1.1010000000
1990-12-18,1.1010000000
1990-12-19,1.1070000000
1990-12-20,1.1180000000
1990-12-21,1.1145000000
1990-12-26,1.1250000000
1990-12-27,1.1250000000
1990-12-28,1.1410000000
1990-12-31,1.1685000000
1991-01-02,1.1930000000
1991-01-03,1.1630000000
1991-01-04,1.1590000000
1991-01-07,1.1680000000
1991-01-08,1.1450000000
1991-01-09,1.1345000000
1991-01-10,1.1310000000
1991-01-11,1.1285000000
1991-01-14,1.1060000000
1991-01-15,1.0770000000
1991-01-16,1.0585000000
1991-01-17,1.0925000000
1991-01-18,1.0825000000
1991-01-21,1.0840000000
1991-01-22,1.0595000000
1991-01-23,1.0490000000
1991-01-24,1.0310000000
1991-01-25,1.0420000000
1991-01-28,1.0550000000
1991-01-29,1.0535000000
1991-01-30,1.0570000000
1991-01-31,1.0550000000
1991-02-01,1.0575000000
1991-02-04,1.0510000000
1991-02-05,1.0595000000
1991-02-06,1.0655000000
1991-02-07,1.0610000000
1991-02-08,1.0800000000
1991-02-11,1.0830000000
1991-02-12,1.0840000000
1991-02-13,1.0930000000
1991-02-14,1.0780000000
1991-02-15,1.0900000000
1991-02-19,1.0820000000
1991-02-20,1.0780000000
1991-02-21,1.0930000000
1991-02-22,1.0870000000
1991-02-25,1.1160000000
1991-02-26,1.1070000000
1991-02-27,1.1045000000
1991-02-28,1.1150000000
1991-03-01,1.1090000000
1991-03-04,1.0995000000
1991-03-05,1.0975000000
1991-03-06,1.0970000000
1991-03-07,1.0960000000
1991-03-08,1.0985000000
1991-03-11,1.0750000000
1991-03-12,1.0825000000
1991-03-13,1.0770000000
1991-03-14,1.0730000000
1991-03-15,1.0710000000
1991-03-18,1.0605000000
1991-03-19,1.0595000000
1991-03-20,1.0630000000
1991-03-21,1.0745000000
1991-03-22,1.0660000000
1991-03-25,1.0620000000
1991-03-26,1.0690000000
1991-03-27,1.0570000000
1991-03-28,1.0550000000
1991-04-01,1.0570000000
1991-04-02,1.0845000000
1991-04-03,1.0800000000
1991-04-04,1.0830000000
1991-04-05,1.0750000000
1991-04-08,1.0685000000
1991-04-09,1.0640000000
1991-04-10,1.0820000000
1991-04-11,1.0815000000
1991-04-12,1.0810000000
1991-04-15,1.0775000000
1991-04-16,1.0805000000
1991-04-17,1.1020000000
1991-04-18,1.1060000000
1991-04-19,1.0990000000
1991-04-22,1.0940000000
1991-04-23,1.0850000000
1991-04-24,1.0875000000
1991-04-25,1.0800000000
1991-04-26,1.0700000000
1991-04-29,1.0740000000
1991-04-30,1.0510000000
1991-05-01,1.0505000000
1991-05-02,1.0545000000
1991-05-03,1.0205000000
1991-05-06,1.0120000000
1991-05-07,1.0210000000
1991-05-08,1.0250000000
1991-05-09,1.0220000000
1991-05-10,1.0225000000
1991-05-13,0.9925000000
1991-05-14,0.9750000000
1991-05-15,0.9890000000
1991-05-16,0.9820000000
1991-05-17,0.9800000000
1991-05-20,0.9880000000
1991-05-21,0.9950000000
1991-05-22,0.9855000000
1991-05-23,0.9920000000
1991-05-24,0.9910000000
1991-05-28,0.9920000000
1991-05-29,0.9820000000
1991-05-30,0.9630000000
1991-05-31,0.9640000000
1991-06-03,0.9670000000
1991-06-04,0.9860000000
1991-06-05,1.0010000000
1991-06-06,0.9860000000
1991-06-07,0.9850000000
1991-06-10,0.9810000000
1991-06-11,0.9950000000
1991-06-12,0.9755000000
1991-06-13,0.9825000000
1991-06-14,0.9785000000
1991-06-17,0.9785000000
1991-06-18,0.9820000000
1991-06-19,0.9840000000
1991-06-20,1.0030000000
1991-06-21,1.0020000000
1991-06-24,0.9950000000
1991-06-25,1.0095000000
1991-06-26,1.0145000000
1991-06-27,0.9910000000
1991-06-28,1.0015000000
1991-07-01,1.0120000000
1991-07-02,1.0345000000
1991-07-03,1.0155000000
1991-07-08,1.0155000000
1991-07-09,1.0080000000
1991-07-10,0.9910000000
1991-07-11,0.9790000000
1991-07-12,0.9850000000
1991-07-15,0.9825000000
1991-07-16,0.9865000000
1991-07-17,0.9920000000
1991-07-18,0.9875000000
1991-07-19,0.9980000000
1991-07-22,0.9960000000
1991-07-23,0.9950000000
1991-07-24,0.9905000000
1991-07-25,0.9985000000
1991-07-26,1.0115000000
1991-07-29,1.0070000000
1991-07-30,1.0005000000
1991-07-31,1.0080000000
1991-08-01,1.0040000000
1991-08-02,1.0040000000
1991-08-05,1.0110000000
1991-08-06,1.0030000000
1991-08-07,1.0185000000
1991-08-08,1.0175000000
1991-08-09,1.0230000000
1991-08-12,1.0030000000
1991-08-13,1.0075000000
1991-08-14,1.0040000000
1991-08-15,1.0035000000
1991-08-16,0.9925000000
1991-08-19,0.9865000000
1991-08-20,0.9870000000
1991-08-21,1.0020000000
1991-08-22,1.0025000000
1991-08-23,1.0060000000
1991-08-26,1.0065000000
1991-08-27,1.0250000000
1991-08-28,1.0315000000
1991-08-29,1.0310000000
1991-08-30,1.0345000000
1991-09-03,1.0360000000
1991-09-04,1.0280000000
1991-09-05,1.0335000000
1991-09-06,1.0595000000
1991-09-09,1.0505000000
1991-09-10,1.0545000000
1991-09-11,1.0530000000
1991-09-12,1.0525000000
1991-09-13,1.0495000000
1991-09-16,1.0355000000
1991-09-17,1.0200000000
1991-09-18,1.0365000000
1991-09-19,1.0400000000
1991-09-20,1.0645000000
1991-09-23,1.0635000000
1991-09-24,1.0540000000
1991-09-25,1.0790000000
1991-09-26,1.0750000000
1991-09-27,1.0660000000
1991-09-30,1.0480000000
1991-10-01,1.0500000000
1991-10-02,1.0445000000
1991-10-03,1.0515000000
1991-10-04,1.0510000000
1991-10-07,1.0355000000
1991-10-08,1.0600000000
1991-10-09,1.0645000000
1991-10-10,1.0485000000
1991-10-11,1.0555000000
1991-10-14,1.0420000000
1991-10-15,1.0410000000
1991-10-16,1.0465000000
1991-10-17,1.0595000000
1991-10-18,1.0495000000
1991-10-21,1.0480000000
1991-10-22,1.0490000000
1991-10-23,1.0535000000
1991-10-24,1.0525000000
1991-10-25,1.0520000000
1991-10-28,1.0615000000
1991-10-29,1.0785000000
1991-10-30,1.0670000000
1991-10-31,1.0580000000
1991-11-01,1.0560000000
1991-11-04,1.0600000000
1991-11-05,1.0545000000
1991-11-06,1.0535000000
1991-11-07,1.0490000000
1991-11-08,1.0445000000
1991-11-11,1.0335000000
1991-11-12,1.0390000000
1991-11-13,1.0360000000
1991-11-14,1.0525000000
1991-11-15,1.0525000000
1991-11-18,1.0420000000
1991-11-19,1.0315000000
1991-11-20,1.0330000000
1991-11-21,1.0315000000
1991-11-22,1.0285000000
1991-11-25,1.0395000000
1991-11-26,1.0425000000
1991-11-27,1.0315000000
1991-11-29,1.0160000000
1991-12-02,1.0080000000
1991-12-03,1.0080000000
1991-12-04,0.9990000000
1991-12-05,0.9850000000
1991-12-06,0.9880000000
1991-12-09,0.9850000000
1991-12-10,0.9690000000
1991-12-11,0.9780000000
1991-12-12,0.9770000000
1991-12-13,0.9760000000
1991-12-16,0.9775000000
1991-12-17,0.9800000000
1991-12-18,0.9805000000
1991-12-19,0.9710000000
1991-12-20,0.9695000000
1991-12-23,0.9780000000
1991-12-24,0.9845000000
1991-12-26,0.9830000000
1991-12-27,0.9900000000
1991-12-30,0.9845000000
1991-12-31,0.9755000000
1992-01-02,0.9570000000
1992-01-03,0.9605000000
1992-01-06,0.9605000000
1992-01-07,0.9515000000
1992-01-08,0.9455000000
1992-01-09,0.9435000000
1992-01-10,0.9505000000
1992-01-13,0.9480000000
1992-01-14,0.9470000000
1992-01-15,0.9585000000
1992-01-16,0.9705000000
1992-01-17,0.9730000000
1992-01-20,0.9715000000
1992-01-21,0.9695000000
1992-01-22,0.9760000000
1992-01-23,0.9700000000
1992-01-24,0.9890000000
1992-01-27,0.9840000000
1992-01-28,0.9900000000
1992-01-29,0.9910000000
1992-01-30,0.9885000000
1992-01-31,0.9845000000
1992-02-03,0.9755000000
1992-02-04,0.9750000000
1992-02-05,0.9820000000
1992-02-06,0.9795000000
1992-02-07,0.9820000000
1992-02-10,0.9800000000
1992-02-11,0.9840000000
1992-02-12,1.0110000000
1992-02-13,1.0125000000
1992-02-14,1.0180000000
1992-02-18,1.0160000000
1992-02-19,1.0050000000
1992-02-20,1.0110000000
1992-02-21,1.0075000000
1992-02-24,1.0210000000
1992-02-25,1.0180000000
1992-02-26,1.0310000000
1992-02-27,1.0330000000
1992-02-28,1.0320000000
1992-03-02,1.0240000000
1992-03-03,1.0215000000
1992-03-04,1.0245000000
1992-03-05,1.0175000000
1992-03-06,1.0115000000
1992-03-09,1.0090000000
1992-03-10,1.0205000000
1992-03-11,1.0120000000
1992-03-12,1.0085000000
1992-03-13,1.0110000000
1992-03-16,1.0090000000
1992-03-17,1.0190000000
1992-03-18,1.0195000000
1992-03-19,1.0195000000
1992-03-20,1.0080000000
1992-03-23,1.0125000000
1992-03-24,1.0140000000
1992-03-25,1.0105000000
1992-03-26,1.0130000000
1992-03-27,1.0120000000
1992-03-30,1.0115000000
1992-03-31,1.0135000000
1992-04-01,1.0235000000
1992-04-02,1.0310000000
1992-04-03,1.0285000000
1992-04-06,1.0255000000
1992-04-07,1.0225000000
1992-04-08,1.0040000000
1992-04-09,1.0080000000
1992-04-10,1.0005000000
1992-04-13,0.9930000000
1992-04-14,0.9955000000
1992-04-15,0.9970000000
1992-04-16,0.9920000000
1992-04-20,0.9875000000
1992-04-21,0.9960000000
1992-04-22,0.9970000000
1992-04-23,1.0030000000
1992-04-24,1.0030000000
1992-04-27,0.9995000000
1992-04-28,1.0040000000
1992-04-29,1.0005000000
1992-04-30,1.0045000000
1992-05-01,0.9980000000
1992-05-04,1.0050000000
1992-05-05,1.0005000000
1992-05-06,1.0045000000
1992-05-07,1.0120000000
1992-05-08,1.0125000000
1992-05-11,1.0140000000
1992-05-12,1.0110000000
1992-05-13,1.0070000000
1992-05-14,1.0035000000
1992-05-15,1.0050000000
1992-05-18,1.0060000000
1992-05-19,1.0115000000
1992-05-20,1.0095000000
1992-05-21,1.0110000000
1992-05-22,1.0135000000
1992-05-26,1.0110000000
1992-05-27,1.0080000000
1992-05-28,1.0100000000
1992-05-29,1.0125000000
1992-06-01,1.0230000000
1992-06-02,1.0230000000
1992-06-03,1.0215000000
1992-06-04,1.0425000000
1992-06-05,1.0405000000
1992-06-08,1.0375000000
1992-06-09,1.0390000000
1992-06-10,1.0325000000
1992-06-11,1.0295000000
1992-06-12,1.0335000000
1992-06-15,1.0350000000
1992-06-16,1.0365000000
1992-06-17,1.0430000000
1992-06-18,1.0455000000
1992-06-19,1.0475000000
1992-06-22,1.0460000000
1992-06-23,1.0510000000
1992-06-24,1.0720000000
1992-06-25,1.0790000000
1992-06-26,1.0755000000
1992-06-29,1.1080000000
1992-06-30,1.0970000000
1992-07-01,1.0985000000
1992-07-02,1.1200000000
1992-07-06,1.1165000000
1992-07-07,1.1330000000
1992-07-08,1.1305000000
1992-07-09,1.1155000000
1992-07-10,1.1345000000
1992-07-13,1.1275000000
1992-07-14,1.1440000000
1992-07-15,1.1580000000
1992-07-16,1.1635000000
1992-07-17,1.1520000000
1992-07-20,1.1500000000
1992-07-21,1.1550000000
1992-07-22,1.1515000000
1992-07-23,1.1550000000
1992-07-24,1.1530000000
1992-07-27,1.1475000000
1992-07-28,1.1490000000
1992-07-29,1.1395000000
1992-07-30,1.1325000000
1992-07-31,1.1250000000
1992-08-03,1.1225000000
1992-08-04,1.1255000000
1992-08-05,1.1290000000
1992-08-06,1.1325000000
1992-08-07,1.1365000000
1992-08-10,1.1275000000
1992-08-11,1.1275000000
1992-08-12,1.1150000000
1992-08-13,1.1185000000
1992-08-14,1.1155000000
1992-08-17,1.1540000000
1992-08-18,1.1505000000
1992-08-19,1.1470000000
1992-08-20,1.1395000000
1992-08-21,1.1360000000
1992-08-24,1.1405000000
1992-08-25,1.1270000000
1992-08-26,1.1195000000
1992-08-27,1.1185000000
1992-08-28,1.1075000000
1992-08-31,1.1050000000
1992-09-01,1.1210000000
1992-09-02,1.1205000000
1992-09-03,1.1090000000
1992-09-04,1.1210000000
1992-09-08,1.1010000000
1992-09-09,1.0940000000
1992-09-10,1.0665000000
1992-09-11,1.0670000000
1992-09-14,1.0810000000
1992-09-15,1.0765000000
1992-09-16,1.0820000000
1992-09-17,1.0820000000
1992-09-18,1.0855000000
1992-09-21,1.0810000000
1992-09-22,1.0680000000
1992-09-23,1.0645000000
1992-09-24,1.0715000000
1992-09-25,1.0640000000
1992-09-28,1.0445000000
1992-09-29,1.0530000000
1992-09-30,1.0475000000
1992-10-01,1.0330000000
1992-10-02,1.0140000000
1992-10-05,1.0145000000
1992-10-06,1.0255000000
1992-10-07,1.0170000000
1992-10-08,1.0150000000
1992-10-09,1.0160000000
1992-10-12,1.0045000000
1992-10-13,1.0005000000
1992-10-14,1.0000000000
1992-10-15,1.0060000000
1992-10-16,1.0000000000
1992-10-19,0.9960000000
1992-10-20,1.0045000000
1992-10-21,1.0075000000
1992-10-22,1.0005000000
1992-10-23,0.9910000000
1992-10-26,1.0010000000
1992-10-27,1.0050000000
1992-10-28,1.0120000000
1992-10-29,1.0235000000
1992-10-30,1.0170000000
1992-11-02,0.9990000000
1992-11-03,1.0005000000
1992-11-04,0.9955000000
1992-11-05,0.9820000000
1992-11-06,0.9680000000
1992-11-09,0.9525000000
1992-11-10,0.9605000000
1992-11-11,0.9695000000
1992-11-12,0.9580000000
1992-11-13,0.9510000000
1992-11-16,0.9625000000
1992-11-17,0.9600000000
1992-11-18,0.9595000000
1992-11-19,0.9590000000
1992-11-20,0.9575000000
1992-11-23,0.9595000000
1992-11-24,0.9595000000
1992-11-25,0.9635000000
1992-11-30,0.9860000000
1992-12-01,0.9745000000
1992-12-02,0.9790000000
1992-12-03,0.9735000000
1992-12-04,0.9775000000
1992-12-07,0.9955000000
1992-12-08,0.9915000000
1992-12-09,0.9875000000
1992-12-10,0.9805000000
1992-12-11,0.9835000000
1992-12-14,0.9855000000
1992-12-15,0.9950000000
1992-12-16,0.9925000000
1992-12-17,0.9920000000
1992-12-18,1.0005000000
1992-12-21,1.0165000000
1992-12-22,1.0185000000
1992-12-23,1.0075000000
1992-12-28,1.0165000000
1992-12-29,1.0230000000
1992-12-30,1.0285000000
1992-12-31,1.0360000000
1993-01-04,1.0640000000
1993-01-05,1.0605000000
1993-01-06,1.0595000000
1993-01-07,1.0615000000
1993-01-08,1.0760000000
1993-01-11,1.0405000000
1993-01-12,0.9755000000
1993-01-13,0.9865000000
1993-01-14,0.9900000000
1993-01-15,0.9880000000
1993-01-18,0.9860000000
1993-01-19,0.9920000000
1993-01-20,0.9895000000
1993-01-21,0.9920000000
1993-01-22,0.9940000000
1993-01-25,0.9955000000
1993-01-26,1.0045000000
1993-01-27,1.0060000000
1993-01-28,1.0050000000
1993-01-29,0.9920000000
1993-02-01,0.9920000000
1993-02-02,0.9950000000
1993-02-03,0.9960000000
1993-02-04,1.0030000000
1993-02-05,1.0025000000
1993-02-08,1.0085000000
1993-02-09,1.0005000000
1993-02-10,0.9930000000
1993-02-11,0.9960000000
1993-02-12,0.9885000000
1993-02-16,0.9910000000
1993-02-17,0.9930000000
1993-02-18,0.9935000000
1993-02-19,0.9910000000
1993-02-22,0.9910000000
1993-02-23,0.9805000000
1993-02-24,0.9630000000
1993-02-25,0.9575000000
1993-02-26,0.9595000000
1993-03-02,0.9480000000
1993-03-03,0.9550000000
1993-03-04,0.9475000000
1993-03-05,0.9550000000
1993-03-08,0.9570000000
1993-03-09,0.9525000000
1993-03-10,0.9630000000
1993-03-11,0.9770000000
1993-03-12,0.9865000000
1993-03-15,0.9670000000
1993-03-16,0.9710000000
1993-03-17,0.9650000000
1993-03-18,0.9745000000
1993-03-19,0.9775000000
1993-03-22,0.9775000000
1993-03-23,0.9770000000
1993-03-24,0.9700000000
1993-03-25,0.9765000000
1993-03-26,0.9605000000
1993-03-29,0.9590000000
1993-03-30,0.9660000000
1993-03-31,0.9660000000
1993-04-01,0.9670000000
1993-04-02,0.9565000000
1993-04-05,0.9495000000
1993-04-06,0.9290000000
1993-04-07,0.8875000000
1993-04-08,0.8975000000
1993-04-12,0.9070000000
1993-04-13,0.9090000000
1993-04-14,0.8900000000
1993-04-15,0.8780000000
1993-04-16,0.8430000000
1993-04-19,0.8470000000
1993-04-20,0.8200000000
1993-04-21,0.8310000000
1993-04-22,0.8365000000
1993-04-23,0.8525000000
1993-04-26,0.8525000000
1993-04-27,0.8510000000
1993-04-28,0.8365000000
1993-04-29,0.8335000000
1993-04-30,0.8450000000
1993-05-03,0.8340000000
1993-05-04,0.8170000000
1993-05-05,0.8155000000
1993-05-06,0.7815000000
1993-05-07,0.7755000000
1993-05-10,0.7825000000
1993-05-11,0.7960000000
1993-05-12,0.8225000000
1993-05-13,0.8320000000
1993-05-14,0.7965000000
1993-05-17,0.7945000000
1993-05-18,0.8040000000
1993-05-19,0.8080000000
1993-05-20,0.8255000000
1993-05-21,0.8225000000
1993-05-24,0.8165000000
1993-05-25,0.8235000000
1993-05-26,0.8220000000
1993-05-27,0.7955000000
1993-05-28,0.8010000000
1993-06-01,0.8065000000
1993-06-02,0.8160000000
1993-06-03,0.8440000000
1993-06-04,0.8165000000
1993-06-07,0.8200000000
1993-06-08,0.8190000000
1993-06-09,0.8320000000
1993-06-10,0.8230000000
1993-06-11,0.8285000000
1993-06-14,0.8285000000
1993-06-15,0.8280000000
1993-06-16,0.8335000000
1993-06-17,0.8355000000
1993-06-18,0.8430000000
1993-06-21,0.8465000000
1993-06-22,0.8395000000
1993-06-23,0.8405000000
1993-06-24,0.8425000000
1993-06-25,0.8430000000
1993-06-28,0.8410000000
1993-06-29,0.8590000000
1993-06-30,0.8650000000
1993-07-01,0.8710000000
1993-07-02,0.8775000000
1993-07-06,0.8735000000
1993-07-07,0.8865000000
1993-07-08,0.8965000000
1993-07-09,0.8790000000
1993-07-12,0.8620000000
1993-07-13,0.8515000000
1993-07-14,0.8565000000
1993-07-15,0.8420000000
1993-07-16,0.8535000000
1993-07-19,0.8515000000
1993-07-20,0.8490000000
1993-07-21,0.8420000000
1993-07-22,0.8455000000
1993-07-23,0.8565000000
1993-07-26,0.8560000000
1993-07-27,0.8690000000
1993-07-28,0.8740000000
1993-07-29,0.8775000000
1993-07-30,0.8830000000
1993-08-02,0.8755000000
1993-08-03,0.8640000000
1993-08-04,0.8720000000
1993-08-05,0.8655000000
1993-08-06,0.8580000000
1993-08-09,0.8380000000
1993-08-10,0.8350000000
1993-08-11,0.8380000000
1993-08-12,0.8455000000
1993-08-13,0.8395000000
1993-08-16,0.8450000000
1993-08-17,0.8440000000
1993-08-18,0.8365000000
1993-08-19,0.8425000000
1993-08-20,0.8510000000
1993-08-23,0.8630000000
1993-08-24,0.8650000000
1993-08-25,0.8515000000
1993-08-26,0.8495000000
1993-08-27,0.8570000000
1993-08-30,0.8570000000
1993-08-31,0.8590000000
1993-09-01,0.8370000000
1993-09-02,0.8665000000
1993-09-03,0.8660000000
1993-09-07,0.8570000000
1993-09-08,0.8490000000
1993-09-09,0.8270000000
1993-09-10,0.8290000000
1993-09-13,0.8280000000
1993-09-14,0.8265000000
1993-09-15,0.8220000000
1993-09-16,0.8085000000
1993-09-17,0.7840000000
1993-09-20,0.7695000000
1993-09-21,0.7830000000
1993-09-22,0.7785000000
1993-09-23,0.7730000000
1993-09-24,0.7845000000
1993-09-27,0.7810000000
1993-09-28,0.7600000000
1993-09-29,0.7615000000
1993-09-30,0.7490000000
1993-10-01,0.7540000000
1993-10-04,0.7505000000
1993-10-05,0.7590000000
1993-10-06,0.7510000000
1993-10-07,0.7520000000
1993-10-08,0.7560000000
1993-10-11,0.7675000000
1993-10-12,0.7520000000
1993-10-13,0.7690000000
1993-10-14,0.7540000000
1993-10-15,0.7530000000
1993-10-18,0.7385000000
1993-10-19,0.7315000000
1993-10-20,0.7315000000
1993-10-21,0.7305000000
1993-10-22,0.7295000000
1993-10-25,0.7310000000
1993-10-26,0.7260000000
1993-10-27,0.7260000000
1993-10-28,0.7325000000
1993-10-29,0.7340000000
1993-11-01,0.7315000000
1993-11-02,0.7410000000
1993-11-03,0.7375000000
1993-11-04,0.7465000000
1993-11-05,0.7500000000
1993-11-08,0.7525000000
1993-11-09,0.7495000000
1993-11-10,0.7505000000
1993-11-11,0.7520000000
1993-11-12,0.7495000000
1993-11-15,0.7430000000
1993-11-16,0.7355000000
1993-11-17,0.7335000000
1993-11-18,0.7350000000
1993-11-19,0.7450000000
1993-11-22,0.7460000000
1993-11-23,0.7425000000
1993-11-24,0.7445000000
1993-11-29,0.7425000000
1993-11-30,0.7470000000
1993-12-01,0.7630000000
1993-12-02,0.7640000000
1993-12-03,0.7640000000
1993-12-06,0.7715000000
1993-12-07,0.7725000000
1993-12-08,0.7730000000
1993-12-09,0.7700000000
1993-12-10,0.7995000000
1993-12-13,0.8035000000
1993-12-14,0.7915000000
1993-12-15,0.7890000000
1993-12-16,0.7910000000
1993-12-17,0.8015000000
1993-12-20,0.8105000000
1993-12-21,0.8175000000
1993-12-22,0.8130000000
1993-12-23,0.8120000000
1993-12-27,0.8165000000
1993-12-28,0.8185000000
1993-12-29,0.8260000000
1993-12-30,0.8330000000
1994-01-03,0.8025000000
1994-01-04,0.7985000000
1994-01-05,0.8010000000
1994-01-06,0.7985000000
1994-01-07,0.7860000000
1994-01-10,0.8120000000
1994-01-11,0.8120000000
1994-01-12,0.8135000000
1994-01-13,0.8295000000
1994-01-14,0.8450000000
1994-01-17,0.8500000000
1994-01-18,0.8670000000
1994-01-19,0.8670000000
1994-01-20,0.8660000000
1994-01-21,0.8565000000
1994-01-24,0.8655000000
1994-01-25,0.8650000000
1994-01-26,0.8685000000
1994-01-27,0.8680000000
1994-01-28,0.8520000000
1994-01-31,0.8600000000
1994-02-01,0.8885000000
1994-02-02,0.8900000000
1994-02-03,0.8895000000
1994-02-04,0.8820000000
1994-02-07,0.8865000000
1994-02-08,0.8670000000
1994-02-09,0.8680000000
1994-02-10,0.8580000000
1994-02-11,0.8405000000
1994-02-14,0.8505000000
1994-02-15,0.8625000000
1994-02-16,0.8645000000
1994-02-17,0.8800000000
1994-02-18,0.8610000000
1994-02-22,0.8650000000
1994-02-23,0.8620000000
1994-02-24,0.8695000000
1994-02-25,0.8580000000
1994-02-28,0.8665000000
1994-03-01,0.8590000000
1994-03-02,0.8725000000
1994-03-03,0.8755000000
1994-03-04,0.8955000000
1994-03-07,0.8850000000
1994-03-08,0.8875000000
1994-03-09,0.8845000000
1994-03-10,0.8895000000
1994-03-11,0.9085000000
1994-03-14,0.9090000000
1994-03-15,0.9205000000
1994-03-16,0.9315000000
1994-03-17,0.9180000000
1994-03-18,0.9220000000
1994-03-21,0.9070000000
1994-03-22,0.9095000000
1994-03-23,0.9090000000
1994-03-24,0.8980000000
1994-03-25,0.9130000000
1994-03-28,0.9065000000
1994-03-29,0.8935000000
1994-03-30,0.8655000000
1994-03-31,0.8685000000
1994-04-04,0.8785000000
1994-04-05,0.8710000000
1994-04-06,0.8585000000
1994-04-07,0.8690000000
1994-04-08,0.8675000000
1994-04-11,0.8745000000
1994-04-12,0.8740000000
1994-04-13,0.8720000000
1994-04-14,0.8695000000
1994-04-15,0.8730000000
1994-04-18,0.8725000000
1994-04-19,0.8770000000
1994-04-20,0.8705000000
1994-04-21,0.8880000000
1994-04-22,0.8945000000
1994-04-25,0.8930000000
1994-04-26,0.8905000000
1994-04-28,0.9140000000
1994-04-29,0.9150000000
1994-05-02,0.9305000000
1994-05-03,0.9330000000
1994-05-04,0.9250000000
1994-05-05,0.9265000000
1994-05-06,0.9545000000
1994-05-09,0.9755000000
1994-05-10,0.9600000000
1994-05-11,0.9800000000
1994-05-12,0.9810000000
1994-05-13,1.0180000000
1994-05-16,1.0200000000
1994-05-17,1.0405000000
1994-05-18,1.0515000000
1994-05-19,1.0435000000
1994-05-20,1.0245000000
1994-05-23,1.0635000000
1994-05-24,1.0555000000
1994-05-25,1.0330000000
1994-05-26,1.0200000000
1994-05-27,1.0305000000
1994-05-31,1.0340000000
1994-06-01,1.0090000000
1994-06-02,1.0180000000
1994-06-03,1.0300000000
1994-06-06,1.0185000000
1994-06-07,1.0670000000
1994-06-08,1.0850000000
1994-06-09,1.0940000000
1994-06-10,1.0930000000
1994-06-13,1.1160000000
1994-06-14,1.1005000000
1994-06-15,1.1040000000
1994-06-16,1.1140000000
1994-06-17,1.1370000000
1994-06-20,1.1220000000
1994-06-21,1.1185000000
1994-06-22,1.1340000000
1994-06-23,1.1330000000
1994-06-24,1.1205000000
1994-06-27,1.1085000000
1994-06-28,1.0635000000
1994-06-29,1.0710000000
1994-06-30,1.0825000000
1994-07-01,1.1115000000
1994-07-05,1.1250000000
1994-07-06,1.1135000000
1994-07-07,1.1020000000
1994-07-08,1.0965000000
1994-07-11,1.1025000000
1994-07-12,1.1060000000
1994-07-13,1.1090000000
1994-07-14,1.1275000000
1994-07-15,1.1250000000
1994-07-18,1.1245000000
1994-07-19,1.1620000000
1994-07-20,1.1515000000
1994-07-21,1.1510000000
1994-07-22,1.1440000000
1994-07-25,1.1510000000
1994-07-26,1.1135000000
1994-07-27,1.1115000000
1994-07-28,1.1025000000
1994-07-29,1.1135000000
1994-08-01,1.0965000000
1994-08-02,1.1015000000
1994-08-03,1.0680000000
1994-08-04,1.0750000000
1994-08-05,1.0710000000
1994-08-08,1.0875000000
1994-08-09,1.0755000000
1994-08-10,1.0920000000
1994-08-11,1.0990000000
1994-08-12,1.0855000000
1994-08-15,1.0855000000
1994-08-16,1.0805000000
1994-08-17,1.0935000000
1994-08-18,1.0930000000
1994-08-19,1.0840000000
1994-08-22,1.0680000000
1994-08-23,1.0760000000
1994-08-24,1.0940000000
1994-08-25,1.0915000000
1994-08-26,1.1170000000
1994-08-29,1.1295000000
1994-08-30,1.1360000000
1994-08-31,1.1595000000
1994-09-01,1.1450000000
1994-09-02,1.1485000000
1994-09-06,1.1510000000
1994-09-07,1.1520000000
1994-09-08,1.1530000000
1994-09-09,1.1510000000
1994-09-12,1.1705000000
1994-09-13,1.1565000000
1994-09-14,1.1610000000
1994-09-15,1.1510000000
1994-09-16,1.1770000000
1994-09-19,1.1785000000
1994-09-20,1.1765000000
1994-09-21,1.1760000000
1994-09-22,1.1830000000
1994-09-23,1.1935000000
1994-09-26,1.1900000000
1994-09-27,1.1880000000
1994-09-28,1.1835000000
1994-09-29,1.1615000000
1994-09-30,1.1255000000
1994-10-03,1.1450000000
1994-10-04,1.1535000000
1994-10-05,1.1590000000
1994-10-06,1.1635000000
1994-10-07,1.1465000000
1994-10-10,1.1485000000
1994-10-11,1.1435000000
1994-10-12,1.1480000000
1994-10-13,1.1370000000
1994-10-14,1.1420000000
1994-10-17,1.1375000000
1994-10-18,1.1460000000
1994-10-19,1.1860000000
1994-10-20,1.1760000000
1994-10-21,1.1695000000
1994-10-24,1.1790000000
1994-10-25,1.1925000000
1994-10-26,1.2200000000
1994-10-27,1.2335000000
1994-10-28,1.2270000000
1994-10-31,1.2190000000
1994-11-01,1.2480000000
1994-11-02,1.2550000000
1994-11-03,1.2280000000
1994-11-04,1.2550000000
1994-11-07,1.2305000000
1994-11-08,1.2300000000
1994-11-09,1.2200000000
1994-11-10,1.2275000000
1994-11-11,1.2370000000
1994-11-14,1.2670000000
1994-11-15,1.2770000000
1994-11-16,1.3185000000
1994-11-17,1.3105000000
1994-11-18,1.3090000000
1994-11-21,1.3250000000
1994-11-22,1.2915000000
1994-11-23,1.2855000000
1994-11-28,1.3000000000
1994-11-29,1.3330000000
1994-11-30,1.3365000000
1994-12-01,1.3535000000
1994-12-02,1.3535000000
1994-12-05,1.3280000000
1994-12-06,1.3265000000
1994-12-07,1.3125000000
1994-12-08,1.3480000000
1994-12-09,1.3390000000
1994-12-12,1.3405000000
1994-12-13,1.3325000000
1994-12-14,1.3535000000
1994-12-15,1.3750000000
1994-12-16,1.3720000000
1994-12-19,1.3500000000
1994-12-20,1.3430000000
1994-12-21,1.3615000000
1994-12-22,1.3610000000
1994-12-23,1.3530000000
1994-12-27,1.3660000000
1994-12-28,1.3850000000
1994-12-29,1.3805000000
1994-12-30,1.3860000000
1995-01-03,1.3370000000
1995-01-04,1.3270000000
1995-01-05,1.3480000000
1995-01-06,1.3630000000
1995-01-09,1.3905000000
1995-01-10,1.3930000000
1995-01-11,1.3760000000
1995-01-12,1.3800000000
1995-01-13,1.3795000000
1995-01-16,1.3565000000
1995-01-17,1.3885000000
1995-01-18,1.3960000000
1995-01-19,1.4270000000
1995-01-20,1.4140000000
1995-01-23,1.4035000000
1995-01-24,1.4170000000
1995-01-25,1.3835000000
1995-01-26,1.3995000000
1995-01-27,1.3820000000
1995-01-30,1.3635000000
1995-01-31,1.3515000000
1995-02-01,1.3120000000
1995-02-02,1.3270000000
1995-02-03,1.3005000000
1995-02-06,1.3080000000
1995-02-07,1.2845000000
1995-02-08,1.2910000000
1995-02-09,1.3005000000
1995-02-10,1.3190000000
1995-02-13,1.3065000000
1995-02-14,1.3220000000
1995-02-15,1.3170000000
1995-02-16,1.3285000000
1995-02-17,1.3195000000
1995-02-21,1.3195000000
1995-02-22,1.3045000000
1995-02-23,1.3135000000
1995-02-24,1.3185000000
1995-02-27,1.3105000000
1995-02-28,1.2855000000
1995-03-01,1.3100000000
1995-03-02,1.3165000000
1995-03-03,1.3275000000
1995-03-06,1.3190000000
1995-03-07,1.3290000000
1995-03-08,1.3420000000
1995-03-09,1.3380000000
1995-03-10,1.3380000000
1995-03-13,1.3490000000
1995-03-14,1.3480000000
1995-03-15,1.3390000000
1995-03-16,1.3445000000
1995-03-17,1.3425000000
1995-03-20,1.3495000000
1995-03-21,1.3440000000
1995-03-22,1.3830000000
1995-03-23,1.3800000000
1995-03-24,1.3890000000
1995-03-27,1.3875000000
1995-03-28,1.3780000000
1995-03-29,1.3730000000
1995-03-30,1.3560000000
1995-03-31,1.3420000000
1995-04-03,1.3560000000
1995-04-04,1.3465000000
1995-04-05,1.3500000000
1995-04-06,1.3430000000
1995-04-07,1.3520000000
1995-04-10,1.3475000000
1995-04-11,1.3465000000
1995-04-12,1.3395000000
1995-04-13,1.3395000000
1995-04-17,1.3425000000
1995-04-18,1.3365000000
1995-04-19,1.2880000000
1995-04-20,1.2955000000
1995-04-21,1.3075000000
1995-04-24,1.2755000000
1995-04-25,1.2525000000
1995-04-26,1.2575000000
1995-04-27,1.2545000000
1995-04-28,1.2710000000
1995-05-01,1.2520000000
1995-05-02,1.2460000000
1995-05-03,1.2540000000
1995-05-04,1.2245000000
1995-05-05,1.2260000000
1995-05-08,1.2310000000
1995-05-09,1.2385000000
1995-05-10,1.2425000000
1995-05-11,1.2540000000
1995-05-12,1.2495000000
1995-05-15,1.2455000000
1995-05-16,1.2500000000
1995-05-17,1.2455000000
1995-05-18,1.2495000000
1995-05-19,1.2510000000
1995-05-22,1.2425000000
1995-05-23,1.2855000000
1995-05-24,1.3095000000
1995-05-25,1.2990000000
1995-05-26,1.3110000000
1995-05-30,1.2925000000
1995-05-31,1.2950000000
1995-06-01,1.3190000000
1995-06-02,1.3215000000
1995-06-05,1.3235000000
1995-06-06,1.3045000000
1995-06-07,1.3215000000
1995-06-08,1.3075000000
1995-06-09,1.3325000000
1995-06-12,1.3295000000
1995-06-13,1.3175000000
1995-06-14,1.3360000000
1995-06-15,1.3745000000
1995-06-16,1.3820000000
1995-06-19,1.3700000000
1995-06-20,1.3835000000
1995-06-21,1.3920000000
1995-06-22,1.4275000000
1995-06-23,1.4025000000
1995-06-26,1.3965000000
1995-06-27,1.3615000000
1995-06-28,1.3740000000
1995-06-29,1.3715000000
1995-06-30,1.3670000000
1995-07-05,1.3615000000
1995-07-06,1.3585000000
1995-07-07,1.3680000000
1995-07-10,1.3725000000
1995-07-11,1.3910000000
1995-07-12,1.4055000000
1995-07-13,1.3935000000
1995-07-14,1.4060000000
1995-07-17,1.3875000000
1995-07-18,1.3860000000
1995-07-19,1.3475000000
1995-07-20,1.3390000000
1995-07-21,1.3170000000
1995-07-24,1.3200000000
1995-07-25,1.3255000000
1995-07-26,1.3300000000
1995-07-27,1.3310000000
1995-07-28,1.3265000000
1995-07-31,1.3335000000
1995-08-01,1.3295000000
1995-08-02,1.3755000000
1995-08-03,1.3730000000
1995-08-04,1.3730000000
1995-08-07,1.3570000000
1995-08-08,1.3460000000
1995-08-09,1.3545000000
1995-08-10,1.3500000000
1995-08-11,1.3585000000
1995-08-14,1.3560000000
1995-08-15,1.3795000000
1995-08-16,1.4075000000
1995-08-17,1.4035000000
1995-08-18,1.4105000000
1995-08-21,1.3905000000
1995-08-22,1.3895000000
1995-08-23,1.3825000000
1995-08-24,1.3905000000
1995-08-25,1.3735000000
1995-08-28,1.3660000000
1995-08-29,1.3430000000
1995-08-30,1.3185000000
1995-08-31,1.3275000000
1995-09-01,1.3300000000
1995-09-05,1.3245000000
1995-09-06,1.3345000000
1995-09-07,1.3270000000
1995-09-08,1.3165000000
1995-09-11,1.3330000000
1995-09-12,1.3005000000
1995-09-13,1.2870000000
1995-09-14,1.2830000000
1995-09-15,1.2945000000
1995-09-18,1.2905000000
1995-09-19,1.3105000000
1995-09-20,1.3055000000
1995-09-21,1.3310000000
1995-09-22,1.3310000000
1995-09-25,1.3210000000
1995-09-26,1.3280000000
1995-09-27,1.3040000000
1995-09-28,1.3135000000
1995-09-29,1.3165000000
1995-10-02,1.3005000000
1995-10-03,1.2945000000
1995-10-04,1.3065000000
1995-10-05,1.2775000000
1995-10-06,1.2750000000
1995-10-09,1.2670000000
1995-10-10,1.2360000000
1995-10-11,1.2505000000
1995-10-12,1.2700000000
1995-10-13,1.2660000000
1995-10-16,1.2705000000
1995-10-17,1.2385000000
1995-10-18,1.2110000000
1995-10-19,1.2485000000
1995-10-20,1.2305000000
1995-10-23,1.2535000000
1995-10-24,1.2395000000
1995-10-25,1.2440000000
1995-10-26,1.2500000000
1995-10-27,1.2370000000
1995-10-30,1.2255000000
1995-10-31,1.2335000000
1995-11-01,1.2715000000
1995-11-02,1.3055000000
1995-11-03,1.3090000000
1995-11-06,1.3010000000
1995-11-07,1.3095000000
1995-11-08,1.2960000000
1995-11-09,1.3045000000
1995-11-10,1.3185000000
1995-11-13,1.3030000000
1995-11-14,1.2895000000
1995-11-15,1.2720000000
1995-11-16,1.2815000000
1995-11-17,1.2780000000
1995-11-20,1.2915000000
1995-11-21,1.2875000000
1995-11-22,1.2880000000
1995-11-27,1.2930000000
1995-11-28,1.2860000000
1995-11-29,1.2640000000
1995-11-30,1.2625000000
1995-12-01,1.2580000000
1995-12-04,1.2560000000
1995-12-05,1.2485000000
1995-12-06,1.2215000000
1995-12-07,1.2485000000
1995-12-08,1.2410000000
1995-12-11,1.2620000000
1995-12-12,1.2480000000
1995-12-13,1.2705000000
1995-12-14,1.3080000000
1995-12-15,1.2690000000
1995-12-18,1.2615000000
1995-12-19,1.2555000000
1995-12-20,1.2655000000
1995-12-21,1.2650000000
1995-12-22,1.2515000000
1995-12-26,1.2485000000
1995-12-27,1.2440000000
1995-12-28,1.2175000000
1995-12-29,1.2055000000
1996-01-02,1.1810000000
1996-01-03,1.1690000000
1996-01-04,1.1470000000
1996-01-05,1.1705000000
1996-01-08,1.1705000000
1996-01-09,1.1405000000
1996-01-10,1.1480000000
1996-01-11,1.1535000000
1996-01-12,1.1270000000
1996-01-15,1.1165000000
1996-01-16,1.1255000000
1996-01-17,1.1165000000
1996-01-18,1.1480000000
1996-01-19,1.1215000000
1996-01-22,1.1275000000
1996-01-23,1.1525000000
1996-01-24,1.1620000000
1996-01-25,1.1360000000
1996-01-26,1.1290000000
1996-01-29,1.1310000000
1996-01-30,1.1380000000
1996-01-31,1.1340000000
1996-02-01,1.1610000000
1996-02-02,1.1610000000
1996-02-05,1.1525000000
1996-02-06,1.1515000000
1996-02-07,1.1685000000
1996-02-08,1.1620000000
1996-02-09,1.1620000000
1996-02-12,1.1500000000
1996-02-13,1.1300000000
1996-02-14,1.1340000000
1996-02-15,1.1305000000
1996-02-16,1.1180000000
1996-02-20,1.1325000000
1996-02-21,1.1355000000
1996-02-22,1.1460000000
1996-02-23,1.1500000000
1996-02-26,1.1390000000
1996-02-27,1.1480000000
1996-02-28,1.1265000000
1996-02-29,1.1530000000
1996-03-01,1.1620000000
1996-03-04,1.1785000000
1996-03-05,1.1645000000
1996-03-06,1.1685000000
1996-03-07,1.1720000000
1996-03-08,1.1990000000
1996-03-11,1.1900000000
1996-03-12,1.1965000000
1996-03-13,1.1885000000
1996-03-14,1.1720000000
1996-03-15,1.1695000000
1996-03-18,1.1805000000
1996-03-19,1.1685000000
1996-03-20,1.1710000000
1996-03-21,1.1690000000
1996-03-22,1.1515000000
1996-03-25,1.1490000000
1996-03-26,1.1620000000
1996-03-27,1.1560000000
1996-03-28,1.1520000000
1996-03-29,1.1505000000
1996-04-01,1.1375000000
1996-04-02,1.1305000000
1996-04-03,1.1205000000
1996-04-04,1.1285000000
1996-04-08,1.1260000000
1996-04-09,1.1240000000
1996-04-10,1.1430000000
1996-04-11,1.1760000000
1996-04-12,1.1810000000
1996-04-15,1.1650000000
1996-04-16,1.1715000000
1996-04-17,1.1820000000
1996-04-18,1.1920000000
1996-04-19,1.2150000000
1996-04-22,1.2125000000
1996-04-23,1.2060000000
1996-04-24,1.2165000000
1996-04-25,1.2220000000
1996-04-26,1.2200000000
1996-04-29,1.1985000000
1996-04-30,1.1915000000
1996-05-01,1.2060000000
1996-05-02,1.2005000000
1996-05-03,1.2220000000
1996-05-06,1.2130000000
1996-05-07,1.2490000000
1996-05-08,1.2545000000
1996-05-09,1.2495000000
1996-05-10,1.2450000000
1996-05-13,1.2555000000
1996-05-14,1.2410000000
1996-05-15,1.2365000000
1996-05-16,1.2365000000
1996-05-17,1.1560000000
1996-05-20,1.1120000000
1996-05-21,1.1155000000
1996-05-22,1.1355000000
1996-05-23,1.1365000000
1996-05-24,1.1265000000
1996-05-28,1.1360000000
1996-05-29,1.1620000000
1996-05-30,1.1360000000
1996-05-31,1.1310000000
1996-06-03,1.1200000000
1996-06-04,1.0930000000
1996-06-05,1.0055000000
1996-06-06,1.0180000000
1996-06-07,1.0465000000
1996-06-10,1.0495000000
1996-06-11,0.9880000000
1996-06-12,1.0280000000
1996-06-13,1.0240000000
1996-06-14,0.9335000000
1996-06-17,0.9305000000
1996-06-18,0.9420000000
1996-06-19,0.9600000000
1996-06-20,0.9360000000
1996-06-21,0.9000000000
1996-06-24,0.8845000000
1996-06-25,0.8395000000
1996-06-26,0.8785000000
1996-06-27,0.8950000000
1996-06-28,0.9040000000
1996-07-01,0.8825000000
1996-07-02,0.8815000000
1996-07-03,0.8780000000
1996-07-08,0.9055000000
1996-07-09,0.9080000000
1996-07-10,0.8970000000
1996-07-11,0.8730000000
1996-07-12,0.8840000000
1996-07-15,0.8635000000
1996-07-16,0.8760000000
1996-07-17,0.8845000000
1996-07-18,0.8805000000
1996-07-19,0.8820000000
1996-07-22,0.8940000000
1996-07-23,0.9195000000
1996-07-24,0.9280000000
1996-07-25,0.9480000000
1996-07-26,0.9365000000
1996-07-29,0.9215000000
1996-07-30,0.9160000000
1996-07-31,0.9255000000
1996-08-01,0.9180000000
1996-08-02,0.9075000000
1996-08-05,0.8960000000
1996-08-06,0.9145000000
1996-08-07,0.9195000000
1996-08-08,0.9100000000
1996-08-09,0.9130000000
1996-08-12,0.9050000000
1996-08-13,0.9070000000
1996-08-14,0.9230000000
1996-08-15,0.9185000000
1996-08-16,0.8975000000
1996-08-19,0.9245000000
1996-08-20,0.9030000000
1996-08-21,0.9080000000
1996-08-22,0.9050000000
1996-08-23,0.9100000000
1996-08-26,0.9080000000
1996-08-27,0.9080000000
1996-08-28,0.9095000000
1996-08-29,0.9100000000
1996-08-30,0.9565000000
1996-09-03,0.9615000000
1996-09-04,0.9480000000
1996-09-05,0.8930000000
1996-09-06,0.9000000000
1996-09-09,0.9010000000
1996-09-10,0.9025000000
1996-09-11,0.8740000000
1996-09-12,0.8620000000
1996-09-13,0.8720000000
1996-09-16,0.8695000000
1996-09-17,0.8820000000
1996-09-18,0.9005000000
1996-09-19,0.9065000000
1996-09-20,0.8820000000
1996-09-23,0.8795000000
1996-09-24,0.8945000000
1996-09-25,0.8990000000
1996-09-26,0.9075000000
1996-09-27,0.9125000000
1996-09-30,0.9010000000
1996-10-01,0.8785000000
1996-10-02,0.8910000000
1996-10-03,0.8885000000
1996-10-04,0.8915000000
1996-10-07,0.8845000000
1996-10-08,0.9165000000
1996-10-09,0.9035000000
1996-10-10,0.9225000000
1996-10-11,0.9150000000
1996-10-14,0.9010000000
1996-10-15,0.9060000000
1996-10-16,0.8865000000
1996-10-17,0.9090000000
1996-10-18,0.9155000000
1996-10-21,0.9300000000
1996-10-22,0.9245000000
1996-10-23,0.9295000000
1996-10-24,0.9495000000
1996-10-25,0.9715000000
1996-10-28,0.9545000000
1996-10-29,0.9040000000
1996-10-30,0.9160000000
1996-10-31,0.9050000000
1996-11-01,0.9155000000
1996-11-04,0.9245000000
1996-11-05,0.9135000000
1996-11-06,0.9155000000
1996-11-07,0.9435000000
1996-11-08,0.9285000000
1996-11-11,0.9410000000
1996-11-12,0.9645000000
1996-11-13,0.9650000000
1996-11-14,0.9465000000
1996-11-15,1.0005000000
1996-11-18,1.0415000000
1996-11-19,1.0475000000
1996-11-20,1.0425000000
1996-11-21,1.0440000000
1996-11-22,1.0340000000
1996-11-25,1.0460000000
1996-11-26,1.0560000000
1996-11-27,1.0680000000
1996-12-02,1.0160000000
1996-12-03,1.0195000000
1996-12-04,1.0295000000
1996-12-05,1.0235000000
1996-12-06,1.0145000000
1996-12-09,0.9990000000
1996-12-10,1.0080000000
1996-12-11,1.0160000000
1996-12-12,1.0090000000
1996-12-13,1.0065000000
1996-12-16,0.9765000000
1996-12-17,0.9720000000
1996-12-18,0.9940000000
1996-12-19,1.0130000000
1996-12-20,1.0040000000
1996-12-23,0.9945000000
1996-12-24,1.0020000000
1996-12-26,1.0090000000
1996-12-27,1.0010000000
1996-12-30,0.9825000000
1996-12-31,1.0025000000
1997-01-02,1.0215000000
1997-01-03,1.0230000000
1997-01-06,1.0155000000
1997-01-07,1.0515000000
1997-01-08,1.0480000000
1997-01-09,1.0655000000
1997-01-10,1.0610000000
1997-01-13,1.0635000000
1997-01-14,1.0545000000
1997-01-15,1.0690000000
1997-01-16,1.0580000000
1997-01-17,1.0585000000
1997-01-20,1.0755000000
1997-01-21,1.0625000000
1997-01-22,1.0730000000
1997-01-23,1.0710000000
1997-01-24,1.0665000000
1997-01-27,1.0590000000
1997-01-28,1.0615000000
1997-01-29,1.0250000000
1997-01-30,0.9990000000
1997-01-31,1.0195000000
1997-02-03,1.0115000000
1997-02-04,1.0275000000
1997-02-05,1.0675000000
1997-02-06,1.0640000000
1997-02-07,1.0500000000
1997-02-10,1.0500000000
1997-02-11,1.0380000000
1997-02-12,1.0605000000
1997-02-13,1.0595000000
1997-02-14,1.0590000000
1997-02-18,1.0750000000
1997-02-19,1.0950000000
1997-02-20,1.0960000000
1997-02-21,1.1130000000
1997-02-24,1.1170000000
1997-02-25,1.1015000000
1997-02-26,1.1355000000
1997-02-27,1.1135000000
1997-02-28,1.1090000000
1997-03-03,1.1275000000
1997-03-04,1.1300000000
1997-03-05,1.1040000000
1997-03-06,1.1220000000
1997-03-07,1.1140000000
1997-03-10,1.0995000000
1997-03-11,1.1065000000
1997-03-12,1.0885000000
1997-03-13,1.0935000000
1997-03-14,1.1120000000
1997-03-17,1.0965000000
1997-03-18,1.0875000000
1997-03-19,1.0880000000
1997-03-20,1.1050000000
1997-03-21,1.1210000000
1997-03-24,1.1095000000
1997-03-25,1.1290000000
1997-03-26,1.1065000000
1997-03-27,1.0995000000
1997-03-31,1.1080000000
1997-04-01,1.1005000000
1997-04-02,1.1005000000
1997-04-03,1.0580000000
1997-04-04,1.0730000000
1997-04-07,1.0390000000
1997-04-08,1.0595000000
1997-04-09,1.0670000000
1997-04-10,1.0685000000
1997-04-11,1.0555000000
1997-04-14,1.0475000000
1997-04-15,1.0550000000
1997-04-16,1.0460000000
1997-04-17,1.0510000000
1997-04-18,1.0620000000
1997-04-21,1.0660000000
1997-04-22,1.0910000000
1997-04-23,1.1140000000
1997-04-24,1.1055000000
1997-04-25,1.1160000000
1997-04-28,1.1070000000
1997-04-29,1.0955000000
1997-04-30,1.1135000000
1997-05-01,1.0985000000
1997-05-02,1.1025000000
1997-05-05,1.1045000000
1997-05-06,1.0905000000
1997-05-07,1.1045000000
1997-05-08,1.1145000000
1997-05-09,1.1160000000
1997-05-12,1.1310000000
1997-05-13,1.1310000000
1997-05-14,1.1380000000
1997-05-15,1.1640000000
1997-05-16,1.1620000000
1997-05-19,1.1585000000
1997-05-20,1.1785000000
1997-05-21,1.1820000000
1997-05-22,1.1895000000
1997-05-23,1.1875000000
1997-05-27,1.1840000000
1997-05-28,1.1945000000
1997-05-29,1.1605000000
1997-05-30,1.1650000000
1997-06-02,1.1545000000
1997-06-03,1.1525000000
1997-06-04,1.1385000000
1997-06-05,1.1480000000
1997-06-06,1.1495000000
1997-06-09,1.1545000000
1997-06-10,1.1770000000
1997-06-11,1.1950000000
1997-06-12,1.1935000000
1997-06-13,1.1900000000
1997-06-16,1.2040000000
1997-06-17,1.1990000000
1997-06-18,1.2025000000
1997-06-19,1.2035000000
1997-06-20,1.1700000000
1997-06-23,1.1690000000
1997-06-24,1.1115000000
1997-06-25,1.0895000000
1997-06-26,1.1150000000
1997-06-27,1.1185000000
1997-06-30,1.1215000000
1997-07-01,1.1005000000
1997-07-02,1.1190000000
1997-07-03,1.1125000000
1997-07-07,1.0955000000
1997-07-08,1.0505000000
1997-07-09,1.0250000000
1997-07-10,1.0435000000
1997-07-11,1.0430000000
1997-07-14,1.0630000000
1997-07-15,1.0470000000
1997-07-16,1.0380000000
1997-07-17,1.0645000000
1997-07-18,1.0740000000
1997-07-21,1.0855000000
1997-07-22,1.0685000000
1997-07-23,1.0560000000
1997-07-24,1.0780000000
1997-07-25,1.1145000000
1997-07-28,1.0970000000
1997-07-29,1.1075000000
1997-07-30,1.0460000000
1997-07-31,1.0750000000
1997-08-01,1.0625000000
1997-08-04,1.0510000000
1997-08-05,1.0605000000
1997-08-06,1.0520000000
1997-08-07,1.0690000000
1997-08-08,1.0520000000
1997-08-11,1.0470000000
1997-08-12,1.0435000000
1997-08-13,1.0465000000
1997-08-14,1.0360000000
1997-08-15,1.0000000000
1997-08-18,0.9690000000
1997-08-19,0.9815000000
1997-08-20,0.9845000000
1997-08-21,0.9935000000
1997-08-22,1.0005000000
1997-08-25,0.9970000000
1997-08-26,0.9990000000
1997-08-27,1.0015000000
1997-08-28,0.9745000000
1997-08-29,0.9945000000
1997-09-02,0.9640000000
1997-09-03,0.9810000000
1997-09-04,0.9815000000
1997-09-05,0.9860000000
1997-09-08,0.9700000000
1997-09-09,0.9715000000
1997-09-10,0.9740000000
1997-09-11,0.9500000000
1997-09-12,0.9520000000
1997-09-15,0.9530000000
1997-09-16,0.9445000000
1997-09-17,0.9465000000
1997-09-18,0.9600000000
1997-09-19,0.9600000000
1997-09-22,0.9500000000
1997-09-23,0.9480000000
1997-09-24,0.9535000000
1997-09-25,0.9435000000
1997-09-26,0.9470000000
1997-09-29,0.9945000000
1997-09-30,0.9700000000
1997-10-01,0.9660000000
1997-10-02,0.9375000000
1997-10-03,0.9385000000
1997-10-06,0.9430000000
1997-10-07,0.9485000000
1997-10-08,0.9425000000
1997-10-09,0.9505000000
1997-10-10,0.9425000000
1997-10-13,0.9415000000
1997-10-14,0.9585000000
1997-10-15,0.9705000000
1997-10-16,0.9540000000
1997-10-17,0.9575000000
1997-10-20,0.9695000000
1997-10-21,0.9490000000
1997-10-22,0.9535000000
1997-10-23,0.9390000000
1997-10-24,0.9110000000
1997-10-27,0.9045000000
1997-10-28,0.9050000000
1997-10-29,0.9105000000
1997-10-30,0.9115000000
1997-10-31,0.9100000000
1997-11-03,0.9065000000
1997-11-04,0.9055000000
1997-11-05,0.9075000000
1997-11-06,0.8940000000
1997-11-07,0.8955000000
1997-11-10,0.9090000000
1997-11-11,0.8975000000
1997-11-12,0.8895000000
1997-11-13,0.8900000000
1997-11-14,0.8935000000
1997-11-17,0.8945000000
1997-11-18,0.8635000000
1997-11-19,0.8635000000
1997-11-20,0.8535000000
1997-11-21,0.8445000000
1997-11-24,0.8420000000
1997-11-25,0.8545000000
1997-11-26,0.8565000000
1997-12-01,0.8290000000
1997-12-02,0.8300000000
1997-12-03,0.8145000000
1997-12-04,0.8225000000
1997-12-05,0.8080000000
1997-12-08,0.8215000000
1997-12-09,0.8185000000
1997-12-10,0.8170000000
1997-12-11,0.8110000000
1997-12-12,0.8140000000
1997-12-15,0.7980000000
1997-12-16,0.7885000000
1997-12-17,0.8010000000
1997-12-18,0.8065000000
1997-12-19,0.8045000000
1997-12-22,0.8030000000
1997-12-23,0.7925000000
1997-12-24,0.7855000000
1997-12-26,0.7835000000
1997-12-29,0.7715000000
1997-12-30,0.7850000000
1997-12-31,0.7810000000
1998-01-02,0.7745000000
1998-01-05,0.7640000000
1998-01-06,0.7670000000
1998-01-07,0.7620000000
1998-01-08,0.7585000000
1998-01-09,0.7530000000
1998-01-12,0.7480000000
1998-01-13,0.7690000000
1998-01-14,0.7730000000
1998-01-15,0.7800000000
1998-01-16,0.7725000000
1998-01-20,0.7700000000
1998-01-21,0.7735000000
1998-01-22,0.7855000000
1998-01-23,0.7945000000
1998-01-26,0.7975000000
1998-01-27,0.8120000000
1998-01-28,0.8060000000
1998-01-29,0.8100000000
1998-01-30,0.7970000000
1998-02-02,0.7935000000
1998-02-03,0.7725000000
1998-02-04,0.7785000000
1998-02-05,0.7740000000
1998-02-06,0.7705000000
1998-02-09,0.7585000000
1998-02-10,0.7745000000
1998-02-11,0.7765000000
1998-02-12,0.7745000000
1998-02-13,0.7650000000
1998-02-17,0.7585000000
1998-02-18,0.7505000000
1998-02-19,0.7575000000
1998-02-20,0.7470000000
1998-02-23,0.7335000000
1998-02-24,0.7310000000
1998-02-25,0.7545000000
1998-02-26,0.7720000000
1998-02-27,0.7705000000
1998-03-02,0.7985000000
1998-03-03,0.7845000000
1998-03-04,0.7875000000
1998-03-05,0.8045000000
1998-03-06,0.8040000000
1998-03-09,0.8005000000
1998-03-10,0.8070000000
1998-03-11,0.8055000000
1998-03-12,0.8370000000
1998-03-13,0.8280000000
1998-03-16,0.8310000000
1998-03-17,0.8250000000
1998-03-18,0.8085000000
1998-03-19,0.8015000000
1998-03-20,0.8005000000
1998-03-23,0.8165000000
1998-03-24,0.8010000000
1998-03-25,0.7895000000
1998-03-26,0.7945000000
1998-03-27,0.7955000000
1998-03-30,0.7985000000
1998-03-31,0.8010000000
1998-04-01,0.7715000000
1998-04-02,0.7760000000
1998-04-03,0.7680000000
1998-04-06,0.7720000000
1998-04-07,0.7810000000
1998-04-08,0.7855000000
1998-04-09,0.8125000000
1998-04-13,0.8235000000
1998-04-14,0.8195000000
1998-04-15,0.8555000000
1998-04-16,0.8360000000
1998-04-17,0.8385000000
1998-04-20,0.8345000000
1998-04-21,0.8440000000
1998-04-22,0.8525000000
1998-04-23,0.8510000000
1998-04-24,0.8405000000
1998-04-27,0.8535000000
1998-04-28,0.8555000000
1998-04-29,0.8450000000
1998-04-30,0.8370000000
1998-05-01,0.8540000000
1998-05-04,0.8520000000
1998-05-05,0.8450000000
1998-05-06,0.8200000000
1998-05-07,0.7955000000
1998-05-08,0.7965000000
1998-05-11,0.7800000000
1998-05-12,0.7930000000
1998-05-13,0.7860000000
1998-05-14,0.7905000000
1998-05-15,0.7835000000
1998-05-18,0.7375000000
1998-05-19,0.7560000000
1998-05-20,0.7595000000
1998-05-21,0.7645000000
1998-05-22,0.7635000000
1998-05-26,0.7490000000
1998-05-27,0.7630000000
1998-05-28,0.7720000000
1998-05-29,0.7780000000
1998-06-01,0.7630000000
1998-06-02,0.7515000000
1998-06-03,0.7700000000
1998-06-04,0.7590000000
1998-06-05,0.7615000000
1998-06-08,0.7680000000
1998-06-09,0.7665000000
1998-06-10,0.7820000000
1998-06-11,0.7660000000
1998-06-12,0.7570000000
1998-06-15,0.7380000000
1998-06-16,0.7395000000
1998-06-17,0.7525000000
1998-06-18,0.7450000000
1998-06-19,0.7595000000
1998-06-22,0.7605000000
1998-06-23,0.7545000000
1998-06-24,0.7485000000
1998-06-25,0.7465000000
1998-06-26,0.7415000000
1998-06-29,0.7360000000
1998-06-30,0.7380000000
1998-07-01,0.7250000000
1998-07-02,0.7285000000
1998-07-06,0.7215000000
1998-07-07,0.7240000000
1998-07-08,0.7220000000
1998-07-09,0.7180000000
1998-07-10,0.7230000000
1998-07-13,0.7430000000
1998-07-14,0.7495000000
1998-07-15,0.7655000000
1998-07-16,0.7660000000
1998-07-17,0.7705000000
1998-07-20,0.7905000000
1998-07-21,0.7725000000
1998-07-22,0.7820000000
1998-07-23,0.7780000000
1998-07-24,0.8070000000
1998-07-27,0.7915000000
1998-07-28,0.7885000000
1998-07-29,0.7795000000
1998-07-30,0.7845000000
1998-07-31,0.7695000000
1998-08-03,0.7520000000
1998-08-04,0.7410000000
1998-08-05,0.7420000000
1998-08-06,0.7410000000
1998-08-07,0.7470000000
1998-08-10,0.7345000000
1998-08-11,0.7215000000
1998-08-12,0.7305000000
1998-08-13,0.7295000000
1998-08-14,0.7305000000
1998-08-17,0.7365000000
1998-08-18,0.7315000000
1998-08-19,0.7340000000
1998-08-20,0.7485000000
1998-08-21,0.7335000000
1998-08-24,0.7450000000
1998-08-25,0.7410000000
1998-08-26,0.7350000000
1998-08-27,0.7390000000
1998-08-28,0.7220000000
1998-08-31,0.7155000000
1998-09-01,0.7610000000
1998-09-02,0.7430000000
1998-09-03,0.7515000000
1998-09-04,0.7550000000
1998-09-08,0.7715000000
1998-09-09,0.7805000000
1998-09-10,0.7710000000
1998-09-11,0.7655000000
1998-09-14,0.7565000000
1998-09-15,0.7700000000
1998-09-16,0.7605000000
1998-09-17,0.7470000000
1998-09-18,0.7475000000
1998-09-21,0.7455000000
1998-09-22,0.7350000000
1998-09-23,0.7500000000
1998-09-24,0.7505000000
1998-09-25,0.7555000000
1998-09-28,0.7525000000
1998-09-29,0.7530000000
1998-09-30,0.7375000000
1998-10-01,0.7350000000
1998-10-02,0.7270000000
1998-10-05,0.7150000000
1998-10-06,0.7215000000
1998-10-07,0.7310000000
1998-10-08,0.7230000000
1998-10-09,0.7235000000
1998-10-12,0.7275000000
1998-10-13,0.7310000000
1998-10-14,0.7270000000
1998-10-15,0.7260000000
1998-10-16,0.7455000000
1998-10-19,0.7385000000
1998-10-20,0.7350000000
1998-10-21,0.7305000000
1998-10-22,0.7280000000
1998-10-23,0.7255000000
1998-10-26,0.7185000000
1998-10-27,0.7135000000
1998-10-28,0.7075000000
1998-10-29,0.7180000000
1998-10-30,0.7270000000
1998-11-02,0.7315000000
1998-11-03,0.7290000000
1998-11-04,0.7345000000
1998-11-05,0.7355000000
1998-11-06,0.7345000000
1998-11-09,0.7270000000
1998-11-10,0.7175000000
1998-11-11,0.7220000000
1998-11-12,0.7235000000
1998-11-13,0.7140000000
1998-11-16,0.7080000000
1998-11-17,0.7190000000
1998-11-18,0.7205000000
1998-11-19,0.7145000000
1998-11-20,0.7250000000
1998-11-23,0.7145000000
1998-11-24,0.7140000000
1998-11-25,0.7145000000
1998-11-30,0.7105000000
1998-12-01,0.7085000000
1998-12-02,0.6985000000
1998-12-03,0.6840000000
1998-12-04,0.6825000000
1998-12-07,0.6770000000
1998-12-08,0.6770000000
1998-12-09,0.6815000000
1998-12-10,0.6770000000
1998-12-11,0.6620000000
1998-12-14,0.6610000000
1998-12-15,0.6660000000
1998-12-16,0.6765000000
1998-12-17,0.6625000000
1998-12-18,0.6590000000
1998-12-21,0.6600000000
1998-12-22,0.6635000000
1998-12-23,0.6565000000
1998-12-24,0.6565000000
1998-12-28,0.6615000000
1998-12-29,0.6725000000
1998-12-30,0.6690000000
1998-12-31,0.6720000000
1999-01-04,0.6540000000
1999-01-05,0.6470000000
1999-01-06,0.6530000000
1999-01-07,0.6525000000
1999-01-08,0.6590000000
1999-01-11,0.6720000000
1999-01-12,0.6695000000
1999-01-13,0.6645000000
1999-01-14,0.6580000000
1999-01-15,0.6630000000
1999-01-19,0.6690000000
1999-01-20,0.6600000000
1999-01-21,0.6585000000
1999-01-22,0.6570000000
1999-01-25,0.6535000000
1999-01-26,0.6495000000
1999-01-27,0.6440000000
1999-01-28,0.6475000000
1999-01-29,0.6495000000
1999-02-01,0.6510000000
1999-02-02,0.6535000000
1999-02-03,0.6525000000
1999-02-04,0.6625000000
1999-02-05,0.6705000000
1999-02-08,0.6885000000
1999-02-09,0.6715000000
1999-02-10,0.6665000000
1999-02-11,0.6665000000
1999-02-12,0.6590000000
1999-02-16,0.6300000000
1999-02-17,0.6320000000
1999-02-18,0.6220000000
1999-02-19,0.6235000000
1999-02-22,0.6185000000
1999-02-23,0.6230000000
1999-02-24,0.6250000000
1999-02-25,0.6340000000
1999-02-26,0.6325000000
1999-03-01,0.6240000000
1999-03-02,0.6300000000
1999-03-03,0.6340000000
1999-03-04,0.6330000000
1999-03-05,0.6340000000
1999-03-08,0.6265000000
1999-03-09,0.6310000000
1999-03-10,0.6340000000
1999-03-11,0.6310000000
1999-03-12,0.6245000000
1999-03-15,0.6175000000
1999-03-16,0.6185000000
1999-03-17,0.6230000000
1999-03-18,0.6165000000
1999-03-19,0.6175000000
1999-03-22,0.6450000000
1999-03-23,0.6560000000
1999-03-24,0.6520000000
1999-03-25,0.6585000000
1999-03-26,0.6515000000
1999-03-29,0.6245000000
1999-03-30,0.6260000000
1999-03-31,0.6320000000
1999-04-01,0.6325000000
1999-04-05,0.6340000000
1999-04-06,0.6320000000
1999-04-07,0.6505000000
1999-04-08,0.6490000000
1999-04-09,0.6500000000
1999-04-12,0.6400000000
1999-04-13,0.6605000000
1999-04-14,0.6555000000
1999-04-15,0.6760000000
1999-04-16,0.6940000000
1999-04-19,0.7080000000
1999-04-20,0.6915000000
1999-04-21,0.6960000000
1999-04-22,0.7100000000
1999-04-23,0.7020000000
1999-04-26,0.6985000000
1999-04-27,0.7010000000
1999-04-28,0.7040000000
1999-04-29,0.7255000000
1999-04-30,0.7275000000
1999-05-03,0.7330000000
1999-05-04,0.7270000000
1999-05-05,0.7220000000
1999-05-06,0.7285000000
1999-05-07,0.7225000000
1999-05-10,0.7225000000
1999-05-11,0.7220000000
1999-05-12,0.7100000000
1999-05-13,0.7160000000
1999-05-14,0.7190000000
1999-05-17,0.7130000000
1999-05-18,0.7075000000
1999-05-19,0.6870000000
1999-05-20,0.6790000000
1999-05-21,0.6710000000
1999-05-24,0.6715000000
1999-05-25,0.6735000000
1999-05-26,0.6645000000
1999-05-27,0.6360000000
1999-05-28,0.6325000000
1999-06-01,0.6395000000
1999-06-02,0.6280000000
1999-06-03,0.6290000000
1999-06-04,0.6250000000
1999-06-07,0.6350000000
1999-06-08,0.6410000000
1999-06-09,0.6435000000
1999-06-10,0.6450000000
1999-06-11,0.6505000000
1999-06-14,0.6540000000
1999-06-15,0.6375000000
1999-06-16,0.6345000000
1999-06-17,0.6375000000
1999-06-18,0.6590000000
1999-06-21,0.6655000000
1999-06-22,0.6695000000
1999-06-23,0.6655000000
1999-06-24,0.6685000000
1999-06-25,0.6945000000
1999-06-28,0.7015000000
1999-06-29,0.7160000000
1999-06-30,0.7665000000
1999-07-01,0.7600000000
1999-07-02,0.7650000000
1999-07-06,0.7620000000
1999-07-07,0.7860000000
1999-07-08,0.7815000000
1999-07-09,0.7810000000
1999-07-12,0.7790000000
1999-07-13,0.7620000000
1999-07-14,0.7770000000
1999-07-15,0.7990000000
1999-07-16,0.7830000000
1999-07-19,0.7790000000
1999-07-20,0.7695000000
1999-07-21,0.7475000000
1999-07-22,0.7540000000
1999-07-23,0.7460000000
1999-07-26,0.7470000000
1999-07-27,0.7540000000
1999-07-28,0.7450000000
1999-07-29,0.7365000000
1999-07-30,0.7660000000
1999-08-02,0.7515000000
1999-08-03,0.7595000000
1999-08-04,0.7650000000
1999-08-05,0.7770000000
1999-08-06,0.7800000000
1999-08-09,0.7805000000
1999-08-10,0.7705000000
1999-08-11,0.7805000000
1999-08-12,0.7735000000
1999-08-13,0.7790000000
1999-08-16,0.7780000000
1999-08-17,0.7730000000
1999-08-18,0.7490000000
1999-08-19,0.7510000000
1999-08-20,0.7440000000
1999-08-23,0.7430000000
1999-08-24,0.7595000000
1999-08-25,0.7570000000
1999-08-26,0.7530000000
1999-08-27,0.7585000000
1999-08-30,0.7570000000
1999-08-31,0.7870000000
1999-09-01,0.8025000000
1999-09-02,0.8060000000
1999-09-03,0.8035000000
1999-09-07,0.8220000000
1999-09-08,0.8175000000
1999-09-09,0.8290000000
1999-09-10,0.8240000000
1999-09-13,0.8170000000
1999-09-14,0.8040000000
1999-09-15,0.8240000000
1999-09-16,0.8185000000
1999-09-17,0.8390000000
1999-09-20,0.8250000000
1999-09-21,0.8320000000
1999-09-22,0.8180000000
1999-09-23,0.8110000000
1999-09-24,0.7975000000
1999-09-27,0.7925000000
1999-09-28,0.8120000000
1999-09-29,0.8105000000
1999-09-30,0.8265000000
1999-10-01,0.8150000000
1999-10-04,0.8065000000
1999-10-05,0.8100000000
1999-10-06,0.8055000000
1999-10-07,0.8050000000
1999-10-08,0.7675000000
1999-10-11,0.7590000000
1999-10-12,0.7870000000
1999-10-13,0.7955000000
1999-10-14,0.7900000000
1999-10-15,0.7895000000
1999-10-18,0.7960000000
1999-10-19,0.7910000000
1999-10-20,0.8130000000
1999-10-21,0.8125000000
1999-10-22,0.8175000000
1999-10-25,0.8095000000
1999-10-26,0.7980000000
1999-10-27,0.7975000000
1999-10-28,0.8110000000
1999-10-29,0.8100000000
1999-11-01,0.8095000000
1999-11-02,0.8180000000
1999-11-03,0.8160000000
1999-11-04,0.8135000000
1999-11-05,0.8050000000
1999-11-08,0.8030000000
1999-11-09,0.8085000000
1999-11-10,0.7945000000
1999-11-11,0.7850000000
1999-11-12,0.7770000000
1999-11-15,0.7870000000
1999-11-16,0.7885000000
1999-11-17,0.7880000000
1999-11-18,0.7875000000
1999-11-19,0.7905000000
1999-11-22,0.7955000000
1999-11-23,0.7920000000
1999-11-24,0.7970000000
1999-11-29,0.8090000000
1999-11-30,0.8135000000
1999-12-01,0.8020000000
1999-12-02,0.7955000000
1999-12-03,0.8090000000
1999-12-06,0.8110000000
1999-12-07,0.7985000000
1999-12-08,0.7955000000
1999-12-09,0.8000000000
1999-12-10,0.7920000000
1999-12-13,0.7975000000
1999-12-14,0.8040000000
1999-12-15,0.8345000000
1999-12-16,0.8355000000
1999-12-17,0.8400000000
1999-12-20,0.8415000000
1999-12-21,0.8275000000
1999-12-22,0.8480000000
1999-12-23,0.8465000000
1999-12-27,0.8465000000
1999-12-28,0.8465000000
1999-12-29,0.8585000000
1999-12-30,0.8630000000
2000-01-04,0.8480000000
2000-01-05,0.8565000000
2000-01-06,0.8530000000
2000-01-07,0.8540000000
2000-01-10,0.8465000000
2000-01-11,0.8435000000
2000-01-12,0.8660000000
2000-01-13,0.8565000000
2000-01-14,0.8625000000
2000-01-18,0.8660000000
2000-01-19,0.8825000000
2000-01-20,0.8730000000
2000-01-21,0.8730000000
2000-01-24,0.8565000000
2000-01-25,0.8425000000
2000-01-26,0.8415000000
2000-01-27,0.8445000000
2000-01-28,0.8400000000
2000-01-31,0.8545000000
2000-02-01,0.8480000000
2000-02-02,0.8275000000
2000-02-03,0.8305000000
2000-02-04,0.8325000000
2000-02-07,0.8325000000
2000-02-08,0.8255000000
2000-02-09,0.8275000000
2000-02-10,0.8545000000
2000-02-11,0.8500000000
2000-02-14,0.8490000000
2000-02-15,0.8320000000
2000-02-16,0.8330000000
2000-02-17,0.8415000000
2000-02-18,0.8370000000
2000-02-22,0.8330000000
2000-02-23,0.8450000000
2000-02-24,0.8405000000
2000-02-25,0.8215000000
2000-02-28,0.7940000000
2000-02-29,0.7980000000
2000-03-01,0.8030000000
2000-03-02,0.7970000000
2000-03-03,0.8030000000
2000-03-06,0.8045000000
2000-03-07,0.7945000000
2000-03-08,0.7895000000
2000-03-09,0.7990000000
2000-03-10,0.7915000000
2000-03-13,0.7900000000
2000-03-14,0.8030000000
2000-03-15,0.8110000000
2000-03-16,0.8195000000
2000-03-17,0.8145000000
2000-03-20,0.8075000000
2000-03-21,0.8185000000
2000-03-22,0.8170000000
2000-03-23,0.8180000000
2000-03-24,0.8110000000
2000-03-27,0.8025000000
2000-03-28,0.8040000000
2000-03-29,0.8070000000
2000-03-30,0.8110000000
2000-03-31,0.8085000000
2000-04-03,0.8055000000
2000-04-04,0.7965000000
2000-04-05,0.7945000000
2000-04-06,0.7675000000
2000-04-07,0.7725000000
2000-04-10,0.7800000000
2000-04-11,0.7845000000
2000-04-12,0.7820000000
2000-04-13,0.7745000000
2000-04-14,0.7585000000
2000-04-17,0.7485000000
2000-04-18,0.7695000000
2000-04-19,0.7745000000
2000-04-20,0.7710000000
2000-04-24,0.7715000000
2000-04-25,0.7940000000
2000-04-26,0.7880000000
2000-04-27,0.7965000000
2000-04-28,0.7960000000
2000-05-01,0.8000000000
2000-05-02,0.8215000000
2000-05-03,0.8185000000
2000-05-04,0.8195000000
2000-05-05,0.8405000000
2000-05-08,0.8355000000
2000-05-09,0.8305000000
2000-05-10,0.8285000000
2000-05-11,0.8300000000
2000-05-12,0.8445000000
2000-05-15,0.8405000000
2000-05-16,0.8510000000
2000-05-17,0.8430000000
2000-05-18,0.8450000000
2000-05-19,0.8425000000
2000-05-22,0.8310000000
2000-05-23,0.8345000000
2000-05-24,0.8385000000
2000-05-25,0.8325000000
2000-05-26,0.8355000000
2000-05-30,0.8135000000
2000-05-31,0.8160000000
2000-06-01,0.8130000000
2000-06-02,0.7950000000
2000-06-05,0.8040000000
2000-06-06,0.8065000000
2000-06-07,0.7970000000
2000-06-08,0.8000000000
2000-06-09,0.8005000000
2000-06-12,0.7970000000
2000-06-13,0.8040000000
2000-06-14,0.8120000000
2000-06-15,0.8210000000
2000-06-16,0.8270000000
2000-06-19,0.8310000000
2000-06-20,0.8160000000
2000-06-21,0.8275000000
2000-06-22,0.8205000000
2000-06-23,0.8145000000
2000-06-26,0.8270000000
2000-06-27,0.8225000000
2000-06-28,0.8235000000
2000-06-29,0.8185000000
2000-06-30,0.8240000000
2000-07-05,0.8225000000
2000-07-06,0.8115000000
2000-07-07,0.8135000000
2000-07-10,0.8210000000
2000-07-11,0.8260000000
2000-07-12,0.8320000000
2000-07-13,0.8295000000
2000-07-14,0.8290000000
2000-07-17,0.8460000000
2000-07-18,0.8470000000
2000-07-19,0.8470000000
2000-07-20,0.8480000000
2000-07-21,0.8670000000
2000-07-24,0.8685000000
2000-07-25,0.8700000000
2000-07-26,0.8610000000
2000-07-27,0.8715000000
2000-07-28,0.8695000000
2000-07-31,0.8755000000
2000-08-01,0.8745000000
2000-08-02,0.8710000000
2000-08-03,0.8700000000
2000-08-04,0.8740000000
2000-08-07,0.8725000000
2000-08-08,0.8635000000
2000-08-09,0.8755000000
2000-08-10,0.8665000000
2000-08-11,0.8615000000
2000-08-14,0.8690000000
2000-08-15,0.8725000000
2000-08-16,0.8685000000
2000-08-17,0.8710000000
2000-08-18,0.8675000000
2000-08-21,0.8575000000
2000-08-22,0.8610000000
2000-08-23,0.8600000000
2000-08-24,0.8645000000
2000-08-25,0.8665000000
2000-08-28,0.8640000000
2000-08-29,0.8825000000
2000-08-30,0.8930000000
2000-08-31,0.8920000000
2000-09-01,0.8950000000
2000-09-05,0.9105000000
2000-09-06,0.9055000000
2000-09-07,0.9095000000
2000-09-08,0.9160000000
2000-09-11,0.9185000000
2000-09-12,0.9335000000
2000-09-13,0.9330000000
2000-09-14,0.9320000000
2000-09-15,0.9270000000
2000-09-18,0.9250000000
2000-09-19,0.9275000000
2000-09-20,0.9075000000
2000-09-21,0.9315000000
2000-09-22,0.9250000000
2000-09-25,0.9320000000
2000-09-26,0.9205000000
2000-09-27,0.9175000000
2000-09-28,0.9190000000
2000-09-29,0.9205000000
2000-10-02,0.8990000000
2000-10-03,0.9025000000
2000-10-04,0.8990000000
2000-10-05,0.9110000000
2000-10-06,0.9060000000
2000-10-09,0.8965000000
2000-10-10,0.9055000000
2000-10-11,0.9020000000
2000-10-12,0.8820000000
2000-10-13,0.8925000000
2000-10-16,0.8940000000
2000-10-17,0.8830000000
2000-10-18,0.8720000000
2000-10-19,0.8730000000
2000-10-20,0.8620000000
2000-10-23,0.8675000000
2000-10-24,0.8655000000
2000-10-25,0.8525000000
2000-10-26,0.8315000000
2000-10-27,0.8440000000
2000-10-30,0.8485000000
2000-10-31,0.8520000000
2000-11-01,0.8395000000
2000-11-02,0.8415000000
2000-11-03,0.8415000000
2000-11-06,0.8310000000
2000-11-07,0.8345000000
2000-11-08,0.8400000000
2000-11-09,0.8445000000
2000-11-10,0.8430000000
2000-11-13,0.8260000000
2000-11-14,0.8330000000
2000-11-15,0.8320000000
2000-11-16,0.8250000000
2000-11-17,0.8290000000
2000-11-20,0.8295000000
2000-11-21,0.8325000000
2000-11-22,0.8250000000
2000-11-27,0.8465000000
2000-11-28,0.8560000000
2000-11-29,0.8580000000
2000-11-30,0.8455000000
2000-12-01,0.8595000000
2000-12-04,0.8630000000
2000-12-05,0.8700000000
2000-12-06,0.8785000000
2000-12-07,0.8830000000
2000-12-08,0.8940000000
2000-12-11,0.8930000000
2000-12-12,0.8865000000
2000-12-13,0.8840000000
2000-12-14,0.8930000000
2000-12-15,0.8730000000
2000-12-18,0.8755000000
2000-12-19,0.8745000000
2000-12-20,0.8620000000
2000-12-21,0.8565000000
2000-12-22,0.8605000000
2000-12-26,0.8655000000
2000-12-27,0.8505000000
2000-12-28,0.8495000000
2000-12-29,0.8430000000
2001-01-02,0.8115000000
2001-01-03,0.8170000000
2001-01-04,0.8110000000
2001-01-05,0.8245000000
2001-01-08,0.8285000000
2001-01-09,0.8250000000
2001-01-10,0.8260000000
2001-01-11,0.8305000000
2001-01-12,0.8415000000
2001-01-16,0.8230000000
2001-01-17,0.8275000000
2001-01-18,0.8615000000
2001-01-19,0.8475000000
2001-01-22,0.8475000000
2001-01-23,0.8485000000
2001-01-24,0.8350000000
2001-01-25,0.8370000000
2001-01-26,0.8400000000
2001-01-29,0.8325000000
2001-01-30,0.8390000000
2001-01-31,0.8420000000
2001-02-01,0.8440000000
2001-02-02,0.8385000000
2001-02-05,0.8235000000
2001-02-06,0.8290000000
2001-02-07,0.8275000000
2001-02-08,0.8295000000
2001-02-09,0.8205000000
2001-02-12,0.8180000000
2001-02-13,0.8250000000
2001-02-14,0.8240000000
2001-02-15,0.8295000000
2001-02-16,0.8275000000
2001-02-20,0.8235000000
2001-02-21,0.8040000000
2001-02-22,0.8040000000
2001-02-23,0.7985000000
2001-02-26,0.8095000000
2001-02-27,0.8095000000
2001-02-28,0.8160000000
2001-03-01,0.8240000000
2001-03-02,0.8280000000
2001-03-05,0.8380000000
2001-03-06,0.8485000000
2001-03-07,0.8400000000
2001-03-08,0.8265000000
2001-03-09,0.8325000000
2001-03-12,0.8285000000
2001-03-13,0.8195000000
2001-03-14,0.8130000000
2001-03-15,0.8105000000
2001-03-16,0.7920000000
2001-03-19,0.7980000000
2001-03-20,0.8010000000
2001-03-21,0.7925000000
2001-03-22,0.7840000000
2001-03-23,0.7860000000
2001-03-26,0.7845000000
2001-03-27,0.7920000000
2001-03-28,0.7730000000
2001-03-29,0.7780000000
2001-03-30,0.7665000000
2001-04-02,0.7635000000
2001-04-03,0.7685000000
2001-04-04,0.7685000000
2001-04-05,0.7715000000
2001-04-06,0.7540000000
2001-04-09,0.7635000000
2001-04-10,0.7730000000
2001-04-11,0.7685000000
2001-04-12,0.7705000000
2001-04-16,0.7715000000
2001-04-17,0.7675000000
2001-04-18,0.7885000000
2001-04-19,0.7770000000
2001-04-20,0.7790000000
2001-04-23,0.7635000000
2001-04-24,0.7660000000
2001-04-25,0.7695000000
2001-04-26,0.7650000000
2001-04-27,0.7695000000
2001-04-30,0.7770000000
2001-05-01,0.7840000000
2001-05-02,0.7965000000
2001-05-03,0.7915000000
2001-05-04,0.7855000000
2001-05-07,0.7865000000
2001-05-08,0.7685000000
2001-05-09,0.7635000000
2001-05-10,0.7595000000
2001-05-11,0.7635000000
2001-05-14,0.7550000000
2001-05-15,0.7550000000
2001-05-16,0.7565000000
2001-05-17,0.7685000000
2001-05-18,0.7875000000
2001-05-21,0.8030000000
2001-05-22,0.7915000000
2001-05-23,0.7905000000
2001-05-24,0.7935000000
2001-05-25,0.7925000000
2001-05-29,0.7670000000
2001-05-30,0.7665000000
2001-05-31,0.7610000000
2001-06-01,0.7560000000
2001-06-04,0.7565000000
2001-06-05,0.7660000000
2001-06-06,0.7580000000
2001-06-07,0.7550000000
2001-06-08,0.7355000000
2001-06-11,0.7365000000
2001-06-12,0.7330000000
2001-06-13,0.7295000000
2001-06-14,0.7315000000
2001-06-15,0.7245000000
2001-06-18,0.7250000000
2001-06-19,0.7295000000
2001-06-20,0.7185000000
2001-06-21,0.7245000000
2001-06-22,0.7175000000
2001-06-25,0.7175000000
2001-06-26,0.7225000000
2001-06-27,0.7260000000
2001-06-28,0.7170000000
2001-06-29,0.7135000000
2001-07-02,0.7210000000
2001-07-03,0.7140000000
2001-07-05,0.7060000000
2001-07-06,0.7110000000
2001-07-09,0.7095000000
2001-07-10,0.7180000000
2001-07-11,0.7135000000
2001-07-12,0.7055000000
2001-07-13,0.7070000000
2001-07-16,0.7095000000
2001-07-17,0.7190000000
2001-07-18,0.7065000000
2001-07-19,0.6960000000
2001-07-20,0.7000000000
2001-07-23,0.6880000000
2001-07-24,0.6855000000
2001-07-25,0.6875000000
2001-07-26,0.6855000000
2001-07-27,0.6785000000
2001-07-30,0.6825000000
2001-07-31,0.6860000000
2001-08-01,0.6910000000
2001-08-02,0.6850000000
2001-08-03,0.6810000000
2001-08-06,0.6750000000
2001-08-07,0.6730000000
2001-08-08,0.6655000000
2001-08-09,0.6705000000
2001-08-10,0.6660000000
2001-08-13,0.6610000000
2001-08-14,0.6690000000
2001-08-15,0.6625000000
2001-08-16,0.6715000000
2001-08-17,0.6895000000
2001-08-20,0.6790000000
2001-08-21,0.6745000000
2001-08-22,0.6805000000
2001-08-23,0.6875000000
2001-08-24,0.6850000000
2001-08-27,0.6965000000
2001-08-28,0.6935000000
2001-08-29,0.6970000000
2001-08-30,0.6865000000
2001-08-31,0.6840000000
2001-09-04,0.6760000000
2001-09-05,0.6745000000
2001-09-06,0.6630000000
2001-09-07,0.6545000000
2001-09-10,0.6535000000
2001-09-11,0.6540000000
2001-09-14,0.6600000000
2001-09-17,0.6535000000
2001-09-18,0.6540000000
2001-09-19,0.6510000000
2001-09-20,0.6495000000
2001-09-21,0.6585000000
2001-09-24,0.6560000000
2001-09-25,0.6505000000
2001-09-26,0.6550000000
2001-09-27,0.6565000000
2001-09-28,0.6520000000
2001-10-01,0.6505000000
2001-10-02,0.6500000000
2001-10-03,0.6415000000
2001-10-04,0.6445000000
2001-10-05,0.6405000000
2001-10-08,0.6435000000
2001-10-09,0.6415000000
2001-10-10,0.6400000000
2001-10-11,0.6415000000
2001-10-12,0.6405000000
2001-10-15,0.6395000000
2001-10-16,0.6440000000
2001-10-17,0.6390000000
2001-10-18,0.6320000000
2001-10-19,0.6235000000
2001-10-22,0.6250000000
2001-10-23,0.6300000000
2001-10-24,0.6225000000
2001-10-25,0.6260000000
2001-10-26,0.6350000000
2001-10-29,0.6310000000
2001-10-30,0.6400000000
2001-10-31,0.6275000000
2001-11-01,0.6230000000
2001-11-02,0.6165000000
2001-11-05,0.6185000000
2001-11-06,0.6185000000
2001-11-07,0.6085000000
2001-11-08,0.6175000000
2001-11-09,0.6435000000
2001-11-12,0.6605000000
2001-11-13,0.6790000000
2001-11-14,0.6795000000
2001-11-15,0.6755000000
2001-11-16,0.6845000000
2001-11-19,0.6860000000
2001-11-20,0.6755000000
2001-11-21,0.6795000000
2001-11-26,0.6855000000
2001-11-27,0.7070000000
2001-11-28,0.7085000000
2001-11-29,0.7205000000
2001-11-30,0.7290000000
2001-12-03,0.7110000000
2001-12-04,0.7060000000
2001-12-05,0.7000000000
2001-12-06,0.6935000000
2001-12-07,0.6825000000
2001-12-10,0.6820000000
2001-12-11,0.6860000000
2001-12-12,0.6760000000
2001-12-13,0.6750000000
2001-12-14,0.6765000000
2001-12-17,0.6795000000
2001-12-18,0.6875000000
2001-12-19,0.6760000000
2001-12-20,0.6765000000
2001-12-21,0.6825000000
2001-12-26,0.6895000000
2001-12-27,0.6840000000
2001-12-28,0.6775000000
2001-12-31,0.6590000000
2002-01-02,0.6580000000
2002-01-03,0.6640000000
2002-01-04,0.6745000000
2002-01-07,0.7150000000
2002-01-08,0.7085000000
2002-01-09,0.7155000000
2002-01-10,0.7055000000
2002-01-11,0.7085000000
2002-01-14,0.7080000000
2002-01-15,0.7015000000
2002-01-16,0.7085000000
2002-01-17,0.7080000000
2002-01-18,0.6985000000
2002-01-22,0.7025000000
2002-01-23,0.7085000000
2002-01-24,0.7155000000
2002-01-25,0.7115000000
2002-01-28,0.7005000000
2002-01-29,0.6990000000
2002-01-30,0.7000000000
2002-01-31,0.7360000000
2002-02-01,0.7395000000
2002-02-04,0.7315000000
2002-02-05,0.7350000000
2002-02-06,0.7320000000
2002-02-07,0.7395000000
2002-02-08,0.7365000000
2002-02-11,0.7305000000
2002-02-12,0.7355000000
2002-02-13,0.7540000000
2002-02-14,0.7475000000
2002-02-15,0.7370000000
2002-02-19,0.7105000000
2002-02-20,0.7120000000
2002-02-21,0.7175000000
2002-02-22,0.7030000000
2002-02-25,0.7090000000
2002-02-26,0.7050000000
2002-02-27,0.7205000000
2002-02-28,0.7205000000
2002-03-01,0.7325000000
2002-03-04,0.7415000000
2002-03-05,0.7405000000
2002-03-06,0.7505000000
2002-03-07,0.7480000000
2002-03-08,0.7525000000
2002-03-11,0.7460000000
2002-03-12,0.7415000000
2002-03-13,0.7405000000
2002-03-14,0.7450000000
2002-03-15,0.7505000000
2002-03-18,0.7645000000
2002-03-19,0.7705000000
2002-03-20,0.7660000000
2002-03-21,0.7625000000
2002-03-22,0.7485000000
2002-03-25,0.7375000000
2002-03-26,0.7455000000
2002-03-27,0.7545000000
2002-03-28,0.7665000000
2002-04-01,0.7675000000
2002-04-02,0.7665000000
2002-04-03,0.7455000000
2002-04-04,0.7355000000
2002-04-05,0.7260000000
2002-04-08,0.7260000000
2002-04-09,0.7300000000
2002-04-10,0.7275000000
2002-04-11,0.7265000000
2002-04-12,0.7205000000
2002-04-15,0.7195000000
2002-04-16,0.7295000000
2002-04-17,0.7395000000
2002-04-18,0.7300000000
2002-04-19,0.7360000000
2002-04-22,0.7465000000
2002-04-23,0.7345000000
2002-04-24,0.7390000000
2002-04-25,0.7330000000
2002-04-26,0.7390000000
2002-04-29,0.7405000000
2002-04-30,0.7390000000
2002-05-01,0.7290000000
2002-05-02,0.7355000000
2002-05-03,0.7240000000
2002-05-06,0.7150000000
2002-05-07,0.7260000000
2002-05-08,0.7330000000
2002-05-09,0.7300000000
2002-05-10,0.7385000000
2002-05-13,0.7375000000
2002-05-14,0.7450000000
2002-05-15,0.7475000000
2002-05-16,0.7385000000
2002-05-17,0.7285000000
2002-05-20,0.7260000000
2002-05-21,0.7275000000
2002-05-22,0.7280000000
2002-05-23,0.7360000000
2002-05-24,0.7390000000
2002-05-28,0.7570000000
2002-05-29,0.7510000000
2002-05-30,0.7545000000
2002-05-31,0.7670000000
2002-06-03,0.7785000000
2002-06-04,0.7885000000
2002-06-05,0.7860000000
2002-06-06,0.7815000000
2002-06-07,0.7825000000
2002-06-10,0.7835000000
2002-06-11,0.7680000000
2002-06-12,0.7670000000
2002-06-13,0.7690000000
2002-06-14,0.7680000000
2002-06-17,0.7640000000
2002-06-18,0.7635000000
2002-06-19,0.7610000000
2002-06-20,0.7550000000
2002-06-21,0.7465000000
2002-06-24,0.7440000000
2002-06-25,0.7530000000
2002-06-26,0.7545000000
2002-06-27,0.7600000000
2002-06-28,0.7745000000
2002-07-01,0.7745000000
2002-07-02,0.7625000000
2002-07-03,0.7550000000
2002-07-08,0.7620000000
2002-07-09,0.7615000000
2002-07-10,0.7585000000
2002-07-11,0.7510000000
2002-07-12,0.7450000000
2002-07-15,0.7390000000
2002-07-16,0.7435000000
2002-07-17,0.7355000000
2002-07-18,0.7325000000
2002-07-19,0.7190000000
2002-07-22,0.7055000000
2002-07-23,0.6980000000
2002-07-24,0.6965000000
2002-07-25,0.6900000000
2002-07-26,0.6905000000
2002-07-29,0.6985000000
2002-07-30,0.6955000000
2002-07-31,0.6840000000
2002-08-01,0.6875000000
2002-08-02,0.6845000000
2002-08-05,0.6750000000
2002-08-06,0.6780000000
2002-08-07,0.6740000000
2002-08-08,0.6775000000
2002-08-09,0.6805000000
2002-08-12,0.6810000000
2002-08-13,0.6780000000
2002-08-14,0.6720000000
2002-08-15,0.6845000000
2002-08-16,0.6775000000
2002-08-19,0.6765000000
2002-08-20,0.6845000000
2002-08-21,0.6780000000
2002-08-22,0.6870000000
2002-08-23,0.6875000000
2002-08-26,0.6905000000
2002-08-27,0.6915000000
2002-08-28,0.6865000000
2002-08-29,0.6905000000
2002-08-30,0.6925000000
2002-09-03,0.6805000000
2002-09-04,0.6790000000
2002-09-05,0.6735000000
2002-09-06,0.6795000000
2002-09-09,0.6945000000
2002-09-10,0.7060000000
2002-09-11,0.7040000000
2002-09-12,0.7020000000
2002-09-13,0.6970000000
2002-09-16,0.6860000000
2002-09-17,0.6855000000
2002-09-18,0.6750000000
2002-09-19,0.6740000000
2002-09-20,0.6795000000
2002-09-23,0.6745000000
2002-09-24,0.6695000000
2002-09-25,0.6740000000
2002-09-26,0.6760000000
2002-09-27,0.6670000000
2002-09-30,0.6660000000
2002-10-01,0.6705000000
2002-10-02,0.6760000000
2002-10-03,0.6680000000
2002-10-04,0.6620000000
2002-10-07,0.6650000000
2002-10-08,0.6645000000
2002-10-09,0.6640000000
2002-10-10,0.6710000000
2002-10-11,0.6835000000
2002-10-14,0.6710000000
2002-10-15,0.6765000000
2002-10-16,0.6750000000
2002-10-17,0.6970000000
2002-10-18,0.6925000000
2002-10-21,0.7035000000
2002-10-22,0.6975000000
2002-10-23,0.6945000000
2002-10-24,0.7030000000
2002-10-25,0.7145000000
2002-10-28,0.7135000000
2002-10-29,0.7040000000
2002-10-30,0.7060000000
2002-10-31,0.7195000000
2002-11-01,0.7285000000
2002-11-04,0.7310000000
2002-11-05,0.7280000000
2002-11-06,0.7330000000
2002-11-07,0.7180000000
2002-11-08,0.7190000000
2002-11-11,0.7240000000
2002-11-12,0.7240000000
2002-11-13,0.7205000000
2002-11-14,0.7150000000
2002-11-15,0.7215000000
2002-11-18,0.7310000000
2002-11-19,0.7300000000
2002-11-20,0.7420000000
2002-11-21,0.7425000000
2002-11-22,0.7395000000
2002-11-25,0.7390000000
2002-11-26,0.7320000000
2002-11-27,0.7525000000
2002-12-02,0.7620000000
2002-12-03,0.7585000000
2002-12-04,0.7585000000
2002-12-05,0.7450000000
2002-12-06,0.7460000000
2002-12-09,0.7355000000
2002-12-10,0.7420000000
2002-12-11,0.7410000000
2002-12-12,0.7380000000
2002-12-13,0.7290000000
2002-12-16,0.7275000000
2002-12-17,0.7290000000
2002-12-18,0.7220000000
2002-12-19,0.7180000000
2002-12-20,0.7155000000
2002-12-23,0.7180000000
2002-12-24,0.7065000000
2002-12-26,0.7005000000
2002-12-27,0.7040000000
2002-12-30,0.7040000000
2002-12-31,0.7025000000
2003-01-02,0.7180000000
2003-01-03,0.7315000000
2003-01-06,0.7390000000
2003-01-07,0.7360000000
2003-01-08,0.7465000000
2003-01-09,0.7505000000
2003-01-10,0.7445000000
2003-01-13,0.7525000000
2003-01-14,0.7600000000
2003-01-15,0.7650000000
2003-01-16,0.7610000000
2003-01-17,0.7580000000
2003-01-21,0.7690000000
2003-01-22,0.7730000000
2003-01-23,0.7700000000
2003-01-24,0.7685000000
2003-01-27,0.7600000000
2003-01-28,0.7570000000
2003-01-29,0.7650000000
2003-01-30,0.7935000000
2003-01-31,0.7975000000
2003-02-03,0.7920000000
2003-02-04,0.7825000000
2003-02-05,0.7820000000
2003-02-06,0.7710000000
2003-02-07,0.7665000000
2003-02-10,0.7785000000
2003-02-11,0.7785000000
2003-02-12,0.7740000000
2003-02-13,0.7530000000
2003-02-14,0.7585000000
2003-02-18,0.7430000000
2003-02-19,0.7490000000
2003-02-20,0.7550000000
2003-02-21,0.7800000000
2003-02-24,0.7890000000
2003-02-25,0.7825000000
2003-02-26,0.7990000000
2003-02-27,0.7940000000
2003-02-28,0.7810000000
2003-03-03,0.7925000000
2003-03-04,0.7810000000
2003-03-05,0.7645000000
2003-03-06,0.7550000000
2003-03-07,0.7695000000
2003-03-10,0.7560000000
2003-03-11,0.7655000000
2003-03-12,0.7570000000
2003-03-13,0.7520000000
2003-03-14,0.7545000000
2003-03-17,0.7715000000
2003-03-18,0.7645000000
2003-03-19,0.7775000000
2003-03-20,0.7680000000
2003-03-21,0.7790000000
2003-03-24,0.7685000000
2003-03-25,0.7710000000
2003-03-26,0.7525000000
2003-03-27,0.7315000000
2003-03-28,0.7300000000
2003-03-31,0.7170000000
2003-04-01,0.7270000000
2003-04-02,0.7210000000
2003-04-03,0.7135000000
2003-04-04,0.7205000000
2003-04-07,0.7310000000
2003-04-08,0.7250000000
2003-04-09,0.7215000000
2003-04-10,0.7170000000
2003-04-11,0.7280000000
2003-04-14,0.7265000000
2003-04-15,0.7360000000
2003-04-16,0.7360000000
2003-04-17,0.7395000000
2003-04-21,0.7310000000
2003-04-22,0.7235000000
2003-04-23,0.7255000000
2003-04-24,0.7175000000
2003-04-25,0.7180000000
2003-04-28,0.7170000000
2003-04-29,0.7290000000
2003-04-30,0.7310000000
2003-05-01,0.7295000000
2003-05-02,0.7190000000
2003-05-05,0.7180000000
2003-05-06,0.7240000000
2003-05-07,0.7350000000
2003-05-08,0.7410000000
2003-05-09,0.7385000000
2003-05-12,0.7520000000
2003-05-13,0.7645000000
2003-05-14,0.7610000000
2003-05-15,0.7610000000
2003-05-16,0.7615000000
2003-05-19,0.7635000000
2003-05-20,0.7635000000
2003-05-21,0.7710000000
2003-05-22,0.7680000000
2003-05-23,0.7670000000
2003-05-27,0.7780000000
2003-05-28,0.7700000000
2003-05-29,0.7740000000
2003-05-30,0.7840000000
2003-06-02,0.7915000000
2003-06-03,0.7850000000
2003-06-04,0.7820000000
2003-06-05,0.7840000000
2003-06-06,0.7850000000
2003-06-09,0.7720000000
2003-06-10,0.7690000000
2003-06-11,0.7695000000
2003-06-12,0.7760000000
2003-06-13,0.7630000000
2003-06-16,0.7630000000
2003-06-17,0.7830000000
2003-06-18,0.7800000000
2003-06-19,0.7835000000
2003-06-20,0.7765000000
2003-06-23,0.7700000000
2003-06-24,0.7710000000
2003-06-25,0.7615000000
2003-06-26,0.7545000000
2003-06-27,0.7620000000
2003-06-30,0.7530000000
2003-07-01,0.7510000000
2003-07-02,0.7615000000
2003-07-03,0.7510000000
2003-07-07,0.7710000000
2003-07-08,0.7685000000
2003-07-09,0.7810000000
2003-07-10,0.7815000000
2003-07-11,0.7800000000
2003-07-14,0.7980000000
2003-07-15,0.7940000000
2003-07-16,0.7930000000
2003-07-17,0.7820000000
2003-07-18,0.7870000000
2003-07-21,0.7765000000
2003-07-22,0.7725000000
2003-07-23,0.7790000000
2003-07-24,0.7935000000
2003-07-25,0.7980000000
2003-07-28,0.8075000000
2003-07-29,0.8060000000
2003-07-30,0.8025000000
2003-07-31,0.8210000000
2003-08-01,0.8190000000
2003-08-04,0.8100000000
2003-08-05,0.8090000000
2003-08-06,0.8050000000
2003-08-07,0.8160000000
2003-08-08,0.8025000000
2003-08-11,0.8080000000
2003-08-12,0.7905000000
2003-08-13,0.7935000000
2003-08-14,0.8000000000
2003-08-15,0.7930000000
2003-08-18,0.7980000000
2003-08-19,0.8045000000
2003-08-20,0.8075000000
2003-08-21,0.8055000000
2003-08-22,0.8060000000
2003-08-25,0.8075000000
2003-08-26,0.7970000000
2003-08-27,0.7955000000
2003-08-28,0.7930000000
2003-08-29,0.8080000000
2003-09-02,0.8150000000
2003-09-03,0.8295000000
2003-09-04,0.8180000000
2003-09-05,0.8310000000
2003-09-08,0.8280000000
2003-09-09,0.8175000000
2003-09-10,0.8075000000
2003-09-11,0.8265000000
2003-09-12,0.8140000000
2003-09-15,0.8195000000
2003-09-16,0.8145000000
2003-09-17,0.8230000000
2003-09-18,0.8265000000
2003-09-19,0.8285000000
2003-09-22,0.8290000000
2003-09-23,0.8235000000
2003-09-24,0.8270000000
2003-09-25,0.8300000000
2003-09-26,0.8190000000
2003-09-29,0.8240000000
2003-09-30,0.8185000000
2003-10-01,0.8230000000
2003-10-02,0.8335000000
2003-10-03,0.8370000000
2003-10-06,0.8375000000
2003-10-07,0.8470000000
2003-10-08,0.8545000000
2003-10-09,0.8535000000
2003-10-10,0.8635000000
2003-10-13,0.8875000000
2003-10-14,0.8740000000
2003-10-15,0.8980000000
2003-10-16,0.8940000000
2003-10-17,0.8945000000
2003-10-20,0.9115000000
2003-10-21,0.9060000000
2003-10-22,0.9135000000
2003-10-23,0.9065000000
2003-10-24,0.8930000000
2003-10-27,0.9075000000
2003-10-28,0.9040000000
2003-10-29,0.9190000000
2003-10-30,0.9355000000
2003-10-31,0.9410000000
2003-11-03,0.9355000000
2003-11-04,0.9595000000
2003-11-05,0.9585000000
2003-11-06,0.9420000000
2003-11-07,0.9460000000
2003-11-10,0.9305000000
2003-11-11,0.9470000000
2003-11-12,0.9510000000
2003-11-13,0.9450000000
2003-11-14,0.9540000000
2003-11-17,0.9205000000
2003-11-18,0.9345000000
2003-11-19,0.9200000000
2003-11-20,0.8860000000
2003-11-21,0.8970000000
2003-11-24,0.9075000000
2003-11-25,0.8900000000
2003-11-26,0.9125000000
2003-12-01,0.9595000000
2003-12-02,0.9725000000
2003-12-03,0.9790000000
2003-12-04,0.9650000000
2003-12-05,0.9710000000
2003-12-08,0.9680000000
2003-12-09,0.9790000000
2003-12-10,0.9795000000
2003-12-11,0.9780000000
2003-12-12,0.9880000000
2003-12-15,0.9945000000
2003-12-16,1.0045000000
2003-12-17,0.9970000000
2003-12-18,1.0155000000
2003-12-19,1.0245000000
2003-12-22,1.0070000000
2003-12-23,1.0185000000
2003-12-24,1.0230000000
2003-12-29,1.0435000000
2003-12-30,1.0430000000
2003-12-31,1.0455000000
2004-01-05,1.0870000000
2004-01-06,1.0705000000
2004-01-07,1.0665000000
2004-01-08,1.1085000000
2004-01-09,1.1035000000
2004-01-12,1.0825000000
2004-01-13,1.0855000000
2004-01-14,1.0940000000
2004-01-15,1.0840000000
2004-01-16,1.0940000000
2004-01-20,1.1175000000
2004-01-21,1.1175000000
2004-01-22,1.1200000000
2004-01-23,1.1245000000
2004-01-26,1.1165000000
2004-01-27,1.1140000000
2004-01-28,1.1325000000
2004-01-29,1.1195000000
2004-01-30,1.1420000000
2004-02-02,1.1405000000
2004-02-03,1.1650000000
2004-02-04,1.1710000000
2004-02-05,1.1705000000
2004-02-06,1.1765000000
2004-02-09,1.1825000000
2004-02-10,1.1745000000
2004-02-11,1.2110000000
2004-02-12,1.2345000000
2004-02-13,1.2360000000
2004-02-17,1.2930000000
2004-02-18,1.2945000000
2004-02-19,1.3250000000
2004-02-20,1.3055000000
2004-02-23,1.3125000000
2004-02-24,1.3275000000
2004-02-25,1.3110000000
2004-02-26,1.3540000000
2004-02-27,1.3460000000
2004-03-01,1.3985000000
2004-03-02,1.3760000000
2004-03-03,1.3065000000
2004-03-04,1.3225000000
2004-03-05,1.3430000000
2004-03-08,1.2970000000
2004-03-09,1.2720000000
2004-03-10,1.2870000000
2004-03-11,1.3390000000
2004-03-12,1.3135000000
2004-03-15,1.3490000000
2004-03-16,1.3660000000
2004-03-17,1.3505000000
2004-03-18,1.3710000000
2004-03-19,1.3780000000
2004-03-22,1.3530000000
2004-03-23,1.3590000000
2004-03-24,1.3545000000
2004-03-25,1.3435000000
2004-03-26,1.3485000000
2004-03-29,1.3580000000
2004-03-30,1.3385000000
2004-03-31,1.3580000000
2004-04-01,1.3710000000
2004-04-02,1.3470000000
2004-04-05,1.3095000000
2004-04-06,1.3180000000
2004-04-07,1.3110000000
2004-04-08,1.3070000000
2004-04-12,1.2900000000
2004-04-13,1.2825000000
2004-04-14,1.2965000000
2004-04-15,1.2905000000
2004-04-16,1.3400000000
2004-04-19,1.3570000000
2004-04-20,1.3110000000
2004-04-21,1.2295000000
2004-04-22,1.2280000000
2004-04-23,1.2440000000
2004-04-26,1.2435000000
2004-04-27,1.2375000000
2004-04-28,1.1775000000
2004-04-29,1.1925000000
2004-04-30,1.2075000000
2004-05-03,1.2255000000
2004-05-04,1.2285000000
2004-05-05,1.2420000000
2004-05-06,1.2370000000
2004-05-07,1.1905000000
2004-05-10,1.1675000000
2004-05-11,1.1940000000
2004-05-12,1.1875000000
2004-05-13,1.1790000000
2004-05-14,1.1780000000
2004-05-17,1.1445000000
2004-05-18,1.1535000000
2004-05-19,1.1965000000
2004-05-20,1.1865000000
2004-05-21,1.2220000000
2004-05-24,1.2340000000
2004-05-25,1.2340000000
2004-05-26,1.2315000000
2004-05-27,1.2665000000
2004-05-28,1.2745000000
2004-06-01,1.2900000000
2004-06-02,1.2455000000
2004-06-03,1.2435000000
2004-06-04,1.2290000000
2004-06-07,1.2640000000
2004-06-08,1.2375000000
2004-06-09,1.1650000000
2004-06-10,1.1740000000
2004-06-14,1.1550000000
2004-06-15,1.1925000000
2004-06-16,1.1810000000
2004-06-17,1.2015000000
2004-06-18,1.1955000000
2004-06-21,1.1980000000
2004-06-22,1.1660000000
2004-06-23,1.1960000000
2004-06-24,1.2245000000
2004-06-25,1.2105000000
2004-06-28,1.2105000000
2004-06-29,1.1750000000
2004-06-30,1.2080000000
2004-07-01,1.2220000000
2004-07-02,1.2200000000
2004-07-06,1.2180000000
2004-07-07,1.2550000000
2004-07-08,1.2510000000
2004-07-09,1.2810000000
2004-07-12,1.2775000000
2004-07-13,1.2780000000
2004-07-14,1.2770000000
2004-07-15,1.2875000000
2004-07-16,1.3105000000
2004-07-19,1.3050000000
2004-07-20,1.2855000000
2004-07-21,1.2750000000
2004-07-22,1.2870000000
2004-07-23,1.2480000000
2004-07-26,1.2500000000
2004-07-27,1.2210000000
2004-07-28,1.2710000000
2004-07-29,1.2820000000
2004-07-30,1.2980000000
2004-08-02,1.2915000000
2004-08-03,1.2930000000
2004-08-04,1.2855000000
2004-08-05,1.2710000000
2004-08-06,1.2720000000
2004-08-09,1.2385000000
2004-08-10,1.2540000000
2004-08-11,1.2690000000
2004-08-12,1.2640000000
2004-08-13,1.3120000000
2004-08-16,1.3100000000
2004-08-17,1.3030000000
2004-08-18,1.2685000000
2004-08-19,1.2895000000
2004-08-20,1.2665000000
2004-08-23,1.2415000000
2004-08-24,1.2410000000
2004-08-25,1.2415000000
2004-08-26,1.2520000000
2004-08-27,1.2610000000
2004-08-30,1.2650000000
2004-08-31,1.2815000000
2004-09-01,1.2770000000
2004-09-02,1.2480000000
2004-09-03,1.2395000000
2004-09-07,1.2720000000
2004-09-08,1.2570000000
2004-09-09,1.2645000000
2004-09-10,1.2805000000
2004-09-13,1.2850000000
2004-09-14,1.2795000000
2004-09-15,1.2700000000
2004-09-16,1.3000000000
2004-09-17,1.3010000000
2004-09-20,1.3190000000
2004-09-21,1.3415000000
2004-09-22,1.3705000000
2004-09-23,1.3590000000
2004-09-24,1.3575000000
2004-09-27,1.3790000000
2004-09-28,1.3710000000
2004-09-29,1.3930000000
2004-09-30,1.3960000000
2004-10-01,1.4040000000
2004-10-04,1.3970000000
2004-10-05,1.4015000000
2004-10-06,1.4230000000
2004-10-07,1.4275000000
2004-10-08,1.4695000000
2004-10-11,1.4685000000
2004-10-12,1.4480000000
2004-10-13,1.2880000000
2004-10-14,1.2695000000
2004-10-15,1.3090000000
2004-10-18,1.2840000000
2004-10-19,1.2970000000
2004-10-20,1.3015000000
2004-10-21,1.3135000000
2004-10-22,1.3055000000
2004-10-25,1.2765000000
2004-10-26,1.2815000000
2004-10-27,1.2880000000
2004-10-28,1.2485000000
2004-10-29,1.3325000000
2004-11-01,1.3025000000
2004-11-02,1.3155000000
2004-11-03,1.3250000000
2004-11-04,1.3415000000
2004-11-05,1.3575000000
2004-11-08,1.3565000000
2004-11-09,1.3705000000
2004-11-10,1.3580000000
2004-11-11,1.3685000000
2004-11-12,1.3925000000
2004-11-15,1.3845000000
2004-11-16,1.3620000000
2004-11-17,1.4000000000
2004-11-18,1.4170000000
2004-11-19,1.4240000000
2004-11-22,1.4090000000
2004-11-23,1.4175000000
2004-11-24,1.4360000000
2004-11-29,1.4435000000
2004-11-30,1.4390000000
2004-12-01,1.4470000000
2004-12-02,1.3875000000
2004-12-03,1.4010000000
2004-12-06,1.3940000000
2004-12-07,1.3640000000
2004-12-08,1.3275000000
2004-12-09,1.3295000000
2004-12-10,1.3390000000
2004-12-13,1.3690000000
2004-12-14,1.3780000000
2004-12-15,1.3995000000
2004-12-16,1.4020000000
2004-12-17,1.4115000000
2004-12-20,1.4325000000
2004-12-21,1.4575000000
2004-12-22,1.4245000000
2004-12-23,1.4375000000
2004-12-27,1.4565000000
2004-12-28,1.4720000000
2004-12-29,1.4450000000
2004-12-30,1.4525000000
2005-01-03,1.4735000000
2005-01-04,1.3430000000
2005-01-05,1.3750000000
2005-01-06,1.3750000000
2005-01-07,1.3700000000
2005-01-10,1.3695000000
2005-01-11,1.3970000000
2005-01-12,1.4040000000
2005-01-13,1.3810000000
2005-01-14,1.3990000000
2005-01-18,1.4015000000
2005-01-19,1.4095000000
2005-01-20,1.4150000000
2005-01-21,1.4345000000
2005-01-24,1.4300000000
2005-01-25,1.4290000000
2005-01-26,1.4355000000
2005-01-27,1.4270000000
2005-01-28,1.4230000000
2005-01-31,1.4210000000
2005-02-01,1.4055000000
2005-02-02,1.3845000000
2005-02-03,1.3805000000
2005-02-04,1.3685000000
2005-02-07,1.3820000000
2005-02-08,1.3830000000
2005-02-09,1.3820000000
2005-02-10,1.4200000000
2005-02-11,1.4175000000
2005-02-14,1.4345000000
2005-02-15,1.4530000000
2005-02-16,1.4445000000
2005-02-17,1.4900000000
2005-02-18,1.4905000000
2005-02-22,1.4910000000
2005-02-23,1.4980000000
2005-02-24,1.4840000000
2005-02-25,1.4860000000
2005-02-28,1.4985000000
2005-03-01,1.4645000000
2005-03-02,1.4770000000
2005-03-03,1.4760000000
2005-03-04,1.4940000000
2005-03-07,1.4965000000
2005-03-08,1.4995000000
2005-03-09,1.5035000000
2005-03-10,1.4960000000
2005-03-11,1.4790000000
2005-03-14,1.4705000000
2005-03-15,1.4905000000
2005-03-16,1.5060000000
2005-03-17,1.5045000000
2005-03-18,1.5070000000
2005-03-21,1.4890000000
2005-03-22,1.4975000000
2005-03-23,1.4445000000
2005-03-24,1.4535000000
2005-03-28,1.4545000000
2005-03-29,1.4705000000
2005-03-30,1.4870000000
2005-03-31,1.4970000000
2005-04-01,1.4805000000
2005-04-04,1.4910000000
2005-04-05,1.4805000000
2005-04-06,1.5040000000
2005-04-07,1.5030000000
2005-04-08,1.5040000000
2005-04-11,1.5205000000
2005-04-12,1.4920000000
2005-04-13,1.4575000000
2005-04-14,1.4275000000
2005-04-15,1.4440000000
2005-04-18,1.4440000000
2005-04-19,1.4705000000
2005-04-20,1.5075000000
2005-04-21,1.4825000000
2005-04-22,1.4870000000
2005-04-25,1.4880000000
2005-04-26,1.4650000000
2005-04-27,1.4545000000
2005-04-28,1.4440000000
2005-04-29,1.4640000000
2005-05-02,1.4550000000
2005-05-03,1.4435000000
2005-05-04,1.4290000000
2005-05-05,1.4300000000
2005-05-06,1.4410000000
2005-05-09,1.4465000000
2005-05-10,1.4570000000
2005-05-11,1.4425000000
2005-05-12,1.3760000000
2005-05-13,1.3525000000
2005-05-16,1.3460000000
2005-05-17,1.3485000000
2005-05-18,1.3760000000
2005-05-19,1.3630000000
2005-05-20,1.3750000000
2005-05-23,1.3885000000
2005-05-24,1.4050000000
2005-05-25,1.4195000000
2005-05-26,1.4495000000
2005-05-27,1.4165000000
2005-05-31,1.4225000000
2005-06-01,1.4495000000
2005-06-02,1.4835000000
2005-06-03,1.5225000000
2005-06-06,1.5290000000
2005-06-07,1.5160000000
2005-06-08,1.5190000000
2005-06-09,1.5170000000
2005-06-10,1.5335000000
2005-06-13,1.5170000000
2005-06-14,1.5080000000
2005-06-15,1.5285000000
2005-06-16,1.5490000000
2005-06-17,1.5820000000
2005-06-20,1.5715000000
2005-06-21,1.5805000000
2005-06-22,1.5685000000
2005-06-23,1.5600000000
2005-06-24,1.5805000000
2005-06-27,1.5870000000
2005-06-28,1.5780000000
2005-06-29,1.5620000000
2005-06-30,1.5100000000
2005-07-01,1.4735000000
2005-07-05,1.5090000000
2005-07-06,1.5300000000
2005-07-07,1.5355000000
2005-07-08,1.5560000000
2005-07-11,1.5610000000
2005-07-12,1.5390000000
2005-07-13,1.5495000000
2005-07-14,1.5470000000
2005-07-15,1.5620000000
2005-07-18,1.5665000000
2005-07-19,1.5865000000
2005-07-20,1.5915000000
2005-07-21,1.5700000000
2005-07-22,1.6035000000
2005-07-25,1.6180000000
2005-07-26,1.6060000000
2005-07-27,1.6270000000
2005-07-28,1.6230000000
2005-07-29,1.6225000000
2005-08-01,1.6420000000
2005-08-02,1.6415000000
2005-08-03,1.6505000000
2005-08-04,1.6335000000
2005-08-05,1.6310000000
2005-08-08,1.6285000000
2005-08-09,1.5925000000
2005-08-10,1.6185000000
2005-08-11,1.6290000000
2005-08-12,1.6545000000
2005-08-15,1.6850000000
2005-08-16,1.6925000000
2005-08-17,1.6390000000
2005-08-18,1.6415000000
2005-08-19,1.6405000000
2005-08-22,1.6720000000
2005-08-23,1.6780000000
2005-08-24,1.6560000000
2005-08-25,1.6390000000
2005-08-26,1.6830000000
2005-08-29,1.6635000000
2005-08-30,1.6680000000
2005-08-31,1.6680000000
2005-09-01,1.6740000000
2005-09-02,1.7000000000
2005-09-06,1.6865000000
2005-09-07,1.6730000000
2005-09-08,1.6445000000
2005-09-09,1.6260000000
2005-09-12,1.6710000000
2005-09-13,1.6525000000
2005-09-14,1.6370000000
2005-09-15,1.6315000000
2005-09-16,1.6220000000
2005-09-19,1.6855000000
2005-09-20,1.6960000000
2005-09-21,1.7365000000
2005-09-22,1.7420000000
2005-09-23,1.7305000000
2005-09-26,1.7705000000
2005-09-27,1.7620000000
2005-09-28,1.7830000000
2005-09-29,1.7395000000
2005-09-30,1.7275000000
2005-10-03,1.7590000000
2005-10-04,1.7660000000
2005-10-05,1.7865000000
2005-10-06,1.7830000000
2005-10-07,1.8085000000
2005-10-10,1.8060000000
2005-10-11,1.8350000000
2005-10-12,1.7935000000
2005-10-13,1.7650000000
2005-10-14,1.7565000000
2005-10-17,1.8210000000
2005-10-18,1.8255000000
2005-10-19,1.8060000000
2005-10-20,1.7930000000
2005-10-21,1.7930000000
2005-10-24,1.7845000000
2005-10-25,1.8245000000
2005-10-26,1.8180000000
2005-10-27,1.8040000000
2005-10-28,1.8020000000
2005-10-31,1.7920000000
2005-11-01,1.7990000000
2005-11-02,1.8125000000
2005-11-03,1.8100000000
2005-11-04,1.8290000000
2005-11-07,1.8315000000
2005-11-08,1.8220000000
2005-11-09,1.8155000000
2005-11-10,1.8550000000
2005-11-11,1.8900000000
2005-11-14,1.9005000000
2005-11-15,1.9190000000
2005-11-16,1.9220000000
2005-11-17,1.9310000000
2005-11-18,1.9640000000
2005-11-21,1.9610000000
2005-11-22,1.8995000000
2005-11-23,1.9290000000
2005-11-28,1.9830000000
2005-11-29,1.9500000000
2005-11-30,1.9655000000
2005-12-01,2.0395000000
2005-12-02,2.0210000000
2005-12-05,2.0455000000
2005-12-06,2.0220000000
2005-12-07,2.0715000000
2005-12-08,2.0670000000
2005-12-09,2.0700000000
2005-12-12,2.0260000000
2005-12-13,2.0665000000
2005-12-14,2.0095000000
2005-12-15,2.0410000000
2005-12-16,2.0695000000
2005-12-19,2.0540000000
2005-12-20,2.0620000000
2005-12-21,2.0600000000
2005-12-22,2.0710000000
2005-12-23,2.1045000000
2005-12-27,2.1275000000
2005-12-28,2.1290000000
2005-12-29,2.0455000000
2005-12-30,2.0420000000
2006-01-03,2.0485000000
2006-01-04,2.0975000000
2006-01-05,2.0605000000
2006-01-06,2.0860000000
2006-01-09,2.0970000000
2006-01-10,2.1070000000
2006-01-11,2.0950000000
2006-01-12,2.0875000000
2006-01-13,2.1125000000
2006-01-17,2.1110000000
2006-01-18,2.1200000000
2006-01-19,2.1110000000
2006-01-20,2.0900000000
2006-01-23,2.1195000000
2006-01-24,2.1525000000
2006-01-25,2.2035000000
2006-01-26,2.2015000000
2006-01-27,2.2330000000
2006-01-30,2.2165000000
2006-01-31,2.2155000000
2006-02-01,2.2380000000
2006-02-02,2.2955000000
2006-02-03,2.2955000000
2006-02-06,2.3190000000
2006-02-07,2.2685000000
2006-02-08,2.2640000000
2006-02-09,2.2940000000
2006-02-10,2.2145000000
2006-02-13,2.2260000000
2006-02-14,2.2565000000
2006-02-15,2.1780000000
2006-02-16,2.2115000000
2006-02-17,2.1935000000
2006-02-21,2.2685000000
2006-02-22,2.2625000000
2006-02-23,2.2045000000
2006-02-24,2.2105000000
2006-02-27,2.1305000000
2006-02-28,2.1785000000
2006-03-01,2.2355000000
2006-03-02,2.2675000000
2006-03-03,2.2640000000
2006-03-06,2.1965000000
2006-03-07,2.1770000000
2006-03-08,2.1635000000
2006-03-09,2.1955000000
2006-03-10,2.2100000000
2006-03-13,2.2455000000
2006-03-14,2.2540000000
2006-03-15,2.2505000000
2006-03-16,2.2655000000
2006-03-17,2.3600000000
2006-03-20,2.3340000000
2006-03-21,2.3240000000
2006-03-22,2.3390000000
2006-03-23,2.3980000000
2006-03-24,2.3945000000
2006-03-27,2.4300000000
2006-03-28,2.4285000000
2006-03-29,2.4385000000
2006-03-30,2.4785000000
2006-03-31,2.4590000000
2006-04-03,2.5435000000
2006-04-04,2.5315000000
2006-04-05,2.5930000000
2006-04-06,2.6440000000
2006-04-07,2.6390000000
2006-04-10,2.7080000000
2006-04-11,2.7205000000
2006-04-12,2.7695000000
2006-04-13,2.8115000000
2006-04-17,2.8930000000
2006-04-18,2.9640000000
2006-04-19,2.9495000000
2006-04-20,2.9515000000
2006-04-21,3.1330000000
2006-04-24,3.1040000000
2006-04-25,3.3025000000
2006-04-26,3.3610000000
2006-04-27,3.1810000000
2006-04-28,3.2205000000
2006-05-01,3.3205000000
2006-05-02,3.2765000000
2006-05-03,3.3050000000
2006-05-04,3.4795000000
2006-05-05,3.4935000000
2006-05-08,3.5015000000
2006-05-09,3.5960000000
2006-05-10,3.6880000000
2006-05-11,3.9230000000
2006-05-12,3.8640000000
2006-05-15,3.7465000000
2006-05-16,3.8420000000
2006-05-17,3.6715000000
2006-05-18,3.7110000000
2006-05-19,3.4690000000
2006-05-22,3.4615000000
2006-05-23,3.8855000000
2006-05-24,3.6390000000
2006-05-25,3.7075000000
2006-05-26,3.8150000000
2006-05-30,3.6560000000
2006-05-31,3.6065000000
2006-06-01,3.4540000000
2006-06-02,3.5695000000
2006-06-05,3.5860000000
2006-06-06,3.4675000000
2006-06-07,3.5670000000
2006-06-08,3.3420000000
2006-06-09,3.2525000000
2006-06-12,3.2135000000
2006-06-13,2.9895000000
2006-06-14,3.0210000000
2006-06-15,3.1750000000
2006-06-16,3.2615000000
2006-06-19,3.1265000000
2006-06-20,3.1340000000
2006-06-21,3.1550000000
2006-06-22,3.0965000000
2006-06-23,3.2035000000
2006-06-26,3.2830000000
2006-06-27,3.1330000000
2006-06-28,3.2420000000
2006-06-29,3.3210000000
2006-06-30,3.3550000000
2006-07-03,3.3550000000
2006-07-05,3.4040000000
2006-07-06,3.6170000000
2006-07-07,3.5475000000
2006-07-10,3.5825000000
2006-07-11,3.6350000000
2006-07-12,3.6650000000
2006-07-13,3.6765000000
2006-07-14,3.7125000000
2006-07-17,3.5995000000
2006-07-18,3.5745000000
2006-07-19,3.5935000000
2006-07-20,3.4095000000
2006-07-21,3.3230000000
2006-07-24,3.3820000000
2006-07-25,3.4610000000
2006-07-26,3.4495000000
2006-07-27,3.4785000000
2006-07-28,3.5275000000
2006-07-31,3.5500000000
2006-08-01,3.5730000000
2006-08-02,3.5720000000
2006-08-03,3.4705000000
2006-08-04,3.6145000000
2006-08-07,3.5945000000
2006-08-08,3.5875000000
2006-08-09,3.6920000000
2006-08-10,3.6100000000
2006-08-11,3.4605000000
2006-08-14,3.5270000000
2006-08-15,3.5165000000
2006-08-16,3.4550000000
2006-08-17,3.3425000000
2006-08-18,3.4245000000
2006-08-21,3.5145000000
2006-08-22,3.4930000000
2006-08-23,3.4690000000
2006-08-24,3.4285000000
2006-08-25,3.4425000000
2006-08-28,3.4570000000
2006-08-29,3.3890000000
2006-08-30,3.3575000000
2006-08-31,3.4610000000
2006-09-01,3.4690000000
2006-09-05,3.6345000000
2006-09-06,3.6865000000
2006-09-07,3.6560000000
2006-09-08,3.5735000000
2006-09-11,3.4275000000
2006-09-12,3.3830000000
2006-09-13,3.3900000000
2006-09-14,3.3780000000
2006-09-15,3.3135000000
2006-09-18,3.4160000000
2006-09-19,3.3765000000
2006-09-20,3.3740000000
2006-09-21,3.4285000000
2006-09-22,3.4435000000
2006-09-25,3.4500000000
2006-09-26,3.4685000000
2006-09-27,3.4855000000
2006-09-28,3.4280000000
2006-09-29,3.4605000000
2006-10-02,3.4295000000
2006-10-03,3.2825000000
2006-10-04,3.2055000000
2006-10-05,3.3000000000
2006-10-06,3.3885000000
2006-10-09,3.4130000000
2006-10-10,3.3780000000
2006-10-11,3.4100000000
2006-10-12,3.3865000000
2006-10-13,3.4135000000
2006-10-16,3.5810000000
2006-10-17,3.4960000000
2006-10-18,3.4960000000
2006-10-19,3.5095000000
2006-10-20,3.4620000000
2006-10-23,3.4510000000
2006-10-24,3.4180000000
2006-10-25,3.4045000000
2006-10-26,3.4000000000
2006-10-27,3.4050000000
2006-10-30,3.3605000000
2006-10-31,3.3490000000
2006-11-01,3.2435000000
2006-11-02,3.2985000000
2006-11-03,3.3275000000
2006-11-06,3.3420000000
2006-11-07,3.3725000000
2006-11-08,3.2540000000
2006-11-09,3.3190000000
2006-11-10,3.1000000000
2006-11-13,3.0885000000
2006-11-14,3.1000000000
2006-11-15,3.1050000000
2006-11-16,3.0540000000
2006-11-17,3.0710000000
2006-11-20,3.0565000000
2006-11-21,3.1295000000
2006-11-22,3.1220000000
2006-11-23,3.1410000000
2006-11-24,3.1220000000
2006-11-27,3.1995000000
2006-11-28,3.1505000000
2006-11-29,3.1485000000
2006-11-30,3.1890000000
2006-12-01,3.1655000000
2006-12-04,3.1695000000
2006-12-05,3.2425000000
2006-12-06,3.1565000000
2006-12-07,3.1070000000
2006-12-08,3.1170000000
2006-12-11,3.1310000000
2006-12-12,3.0945000000
2006-12-13,3.0330000000
2006-12-14,3.0575000000
2006-12-15,3.0165000000
2006-12-18,3.0295000000
2006-12-19,3.0175000000
2006-12-20,2.9575000000
2006-12-21,2.8805000000
2006-12-22,2.8540000000
2006-12-26,2.8730000000
2006-12-27,2.9045000000
2006-12-28,2.8950000000
2006-12-29,2.8710000000
2007-01-02,2.8710000000
2007-01-03,2.6490000000
2007-01-04,2.6020000000
2007-01-05,2.5350000000
2007-01-08,2.5280000000
2007-01-09,2.5560000000
2007-01-10,2.6640000000
2007-01-11,2.6590000000
2007-01-12,2.6030000000
2007-01-16,2.5775000000
2007-01-17,2.5695000000
2007-01-18,2.4920000000
2007-01-19,2.5170000000
2007-01-22,2.5295000000
2007-01-23,2.5795000000
2007-01-24,2.6015000000
2007-01-25,2.6545000000
2007-01-26,2.6370000000
2007-01-29,2.5420000000
2007-01-30,2.5705000000
2007-01-31,2.6015000000
2007-02-01,2.5395000000
2007-02-02,2.4320000000
2007-02-05,2.4235000000
2007-02-06,2.5020000000
2007-02-07,2.4620000000
2007-02-08,2.4590000000
2007-02-09,2.5275000000
2007-02-12,2.4890000000
2007-02-13,2.5950000000
2007-02-14,2.5870000000
2007-02-15,2.6745000000
2007-02-16,2.6545000000
2007-02-20,2.5955000000
2007-02-21,2.6625000000
2007-02-22,2.7740000000
2007-02-23,2.8490000000
2007-02-26,2.8665000000
2007-02-27,2.8250000000
2007-02-28,2.7520000000
2007-03-01,2.7545000000
2007-03-02,2.7070000000
2007-03-05,2.6705000000
2007-03-06,2.7135000000
2007-03-07,2.7820000000
2007-03-08,2.8335000000
2007-03-09,2.7840000000
2007-03-12,2.8490000000
2007-03-13,2.8245000000
2007-03-14,2.8260000000
2007-03-15,2.9880000000
2007-03-16,3.0110000000
2007-03-19,3.0215000000
2007-03-20,3.0340000000
2007-03-21,3.0190000000
2007-03-22,3.0730000000
2007-03-23,3.0690000000
2007-03-26,3.1385000000
2007-03-27,3.0575000000
2007-03-28,3.0625000000
2007-03-29,3.0860000000
2007-03-30,3.1440000000
2007-04-02,3.1765000000
2007-04-03,3.3095000000
2007-04-04,3.3835000000
2007-04-05,3.3750000000
2007-04-09,3.5075000000
2007-04-10,3.5280000000
2007-04-11,3.5860000000
2007-04-12,3.5030000000
2007-04-13,3.5350000000
2007-04-16,3.5415000000
2007-04-17,3.6785000000
2007-04-18,3.6215000000
2007-04-19,3.5915000000
2007-04-20,3.6170000000
2007-04-23,3.6415000000
2007-04-24,3.5605000000
2007-04-25,3.6005000000
2007-04-26,3.5005000000
2007-04-27,3.5325000000
2007-04-30,3.5565000000
2007-05-01,3.6345000000
2007-05-02,3.6445000000
2007-05-03,3.7265000000
2007-05-04,3.7585000000
2007-05-07,3.7155000000
2007-05-08,3.7225000000
2007-05-09,3.6790000000
2007-05-10,3.5665000000
2007-05-11,3.6040000000
2007-05-14,3.4970000000
2007-05-15,3.5375000000
2007-05-16,3.4225000000
2007-05-17,3.3065000000
2007-05-18,3.3235000000
2007-05-21,3.4005000000
2007-05-22,3.3025000000
2007-05-23,3.3005000000
2007-05-24,3.1805000000
2007-05-25,3.3205000000
2007-05-29,3.3200000000
2007-05-30,3.3000000000
2007-05-31,3.3915000000
2007-06-01,3.4010000000
2007-06-04,3.4650000000
2007-06-05,3.4400000000
2007-06-06,3.4040000000
2007-06-07,3.3785000000
2007-06-08,3.2575000000
2007-06-11,3.3555000000
2007-06-12,3.2870000000
2007-06-13,3.3170000000
2007-06-14,3.3920000000
2007-06-15,3.4250000000
2007-06-18,3.4215000000
2007-06-19,3.3995000000
2007-06-20,3.4440000000
2007-06-21,3.4045000000
2007-06-22,3.3865000000
2007-06-25,3.4010000000
2007-06-26,3.3185000000
2007-06-27,3.3595000000
2007-06-28,3.4275000000
2007-06-29,3.4505000000
2007-07-02,3.5270000000
2007-07-03,3.5450000000
2007-07-05,3.5935000000
2007-07-06,3.5945000000
2007-07-09,3.6295000000
2007-07-10,3.6100000000
2007-07-11,3.6215000000
2007-07-12,3.5810000000
2007-07-13,3.5930000000
2007-07-16,3.5620000000
2007-07-17,3.5525000000
2007-07-18,3.5630000000
2007-07-19,3.6620000000
2007-07-20,3.7055000000
2007-07-23,3.6565000000
2007-07-24,3.6195000000
2007-07-25,3.5555000000
2007-07-26,3.5225000000
2007-07-27,3.5470000000
2007-07-30,3.5845000000
2007-07-31,3.6420000000
2007-08-01,3.5805000000
2007-08-02,3.5700000000
2007-08-03,3.4800000000
2007-08-06,3.4735000000
2007-08-07,3.5075000000
2007-08-08,3.4390000000
2007-08-09,3.3595000000
2007-08-10,3.3555000000
2007-08-13,3.4365000000
2007-08-14,3.3640000000
2007-08-15,3.3260000000
2007-08-16,3.0925000000
2007-08-17,3.1495000000
2007-08-20,3.1655000000
2007-08-21,3.1585000000
2007-08-22,3.2200000000
2007-08-23,3.2755000000
2007-08-24,3.3495000000
2007-08-27,3.3610000000
2007-08-28,3.3165000000
2007-08-29,3.3510000000
2007-08-30,3.3520000000
2007-08-31,3.4030000000
2007-09-04,3.3135000000
2007-09-05,3.2695000000
2007-09-06,3.3065000000
2007-09-07,3.2515000000
2007-09-10,3.2560000000
2007-09-11,3.3875000000
2007-09-12,3.3600000000
2007-09-13,3.3965000000
2007-09-14,3.3905000000
2007-09-17,3.4195000000
2007-09-18,3.4475000000
2007-09-19,3.5755000000
2007-09-20,3.5910000000
2007-09-21,3.5860000000
2007-09-24,3.6400000000
2007-09-25,3.6240000000
2007-09-26,3.6120000000
2007-09-27,3.6480000000
2007-09-28,3.6400000000
2007-10-01,3.6915000000
2007-10-02,3.7110000000
2007-10-03,3.7635000000
2007-10-04,3.7380000000
2007-10-05,3.7255000000
2007-10-08,3.6130000000
2007-10-09,3.6175000000
2007-10-10,3.6940000000
2007-10-11,3.6690000000
2007-10-12,3.6525000000
2007-10-15,3.6860000000
2007-10-16,3.6410000000
2007-10-17,3.5960000000
2007-10-18,3.5415000000
2007-10-19,3.5515000000
2007-10-22,3.4865000000
2007-10-23,3.5135000000
2007-10-24,3.4525000000
2007-10-25,3.4860000000
2007-10-26,3.5375000000
2007-10-29,3.5210000000
2007-10-30,3.4885000000
2007-10-31,3.4795000000
2007-11-01,3.3700000000
2007-11-02,3.3325000000
2007-11-05,3.3115000000
2007-11-06,3.3505000000
2007-11-07,3.2695000000
2007-11-08,3.2155000000
2007-11-09,3.1585000000
2007-11-12,3.1230000000
2007-11-13,3.1230000000
2007-11-14,3.3110000000
2007-11-15,3.0955000000
2007-11-16,3.1755000000
2007-11-19,2.9995000000
2007-11-20,3.0435000000
2007-11-21,2.9070000000
2007-11-23,3.0095000000
2007-11-26,3.0365000000
2007-11-27,2.9775000000
2007-11-28,3.0170000000
2007-11-29,3.0880000000
2007-11-30,3.1785000000
2007-12-03,3.0745000000
2007-12-04,3.0200000000
2007-12-05,3.0370000000
2007-12-06,3.0415000000
2007-12-07,3.1175000000
2007-12-10,3.0860000000
2007-12-11,3.0830000000
2007-12-12,3.0335000000
2007-12-13,2.9595000000
2007-12-14,2.9565000000
2007-12-17,2.8880000000
2007-12-18,2.8825000000
2007-12-19,2.9555000000
2007-12-20,2.9645000000
2007-12-21,3.0960000000
2007-12-24,3.1510000000
2007-12-26,3.1650000000
2007-12-27,3.1200000000
2007-12-28,3.0720000000
2007-12-31,3.0410000000
2008-01-02,3.0640000000
2008-01-03,3.1880000000
2008-01-04,3.1575000000
2008-01-07,3.1410000000
2008-01-08,3.2985000000
2008-01-09,3.2835000000
2008-01-10,3.2815000000
2008-01-11,3.3040000000
2008-01-14,3.3390000000
2008-01-15,3.2415000000
2008-01-16,3.1725000000
2008-01-17,3.1820000000
2008-01-18,3.2345000000
2008-01-22,3.1965000000
2008-01-23,3.0720000000
2008-01-24,3.1715000000
2008-01-25,3.1840000000
2008-01-28,3.1895000000
2008-01-29,3.2990000000
2008-01-30,3.2360000000
2008-01-31,3.3070000000
2008-02-01,3.2835000000
2008-02-04,3.3100000000
2008-02-05,3.2235000000
2008-02-06,3.3190000000
2008-02-07,3.4615000000
2008-02-08,3.5345000000
2008-02-11,3.5620000000
2008-02-12,3.5655000000
2008-02-13,3.5370000000
2008-02-14,3.4945000000
2008-02-15,3.5310000000
2008-02-19,3.7265000000
2008-02-20,3.7140000000
2008-02-21,3.8170000000
2008-02-22,3.7975000000
2008-02-25,3.7480000000
2008-02-26,3.7870000000
2008-02-27,3.8465000000
2008-02-28,3.8780000000
2008-02-29,3.8550000000
2008-03-03,3.9285000000
2008-03-04,3.8215000000
2008-03-05,3.9820000000
2008-03-06,3.9035000000
2008-03-07,3.9215000000
2008-03-10,3.7950000000
2008-03-11,3.7855000000
2008-03-12,3.8370000000
2008-03-13,3.8250000000
2008-03-14,3.8280000000
2008-03-17,3.6850000000
2008-03-18,3.7465000000
2008-03-19,3.6335000000
2008-03-20,3.5735000000
2008-03-24,3.6225000000
2008-03-25,3.6785000000
2008-03-26,3.7250000000
2008-03-27,3.8730000000
2008-03-28,3.8275000000
2008-03-31,3.8270000000
2008-04-01,3.8040000000
2008-04-02,3.8750000000
2008-04-03,3.8940000000
2008-04-04,3.9515000000
2008-04-07,3.9740000000
2008-04-08,3.8870000000
2008-04-09,3.9940000000
2008-04-10,3.9190000000
2008-04-11,3.9435000000
2008-04-14,3.8965000000
2008-04-15,3.8590000000
2008-04-16,3.9555000000
2008-04-17,3.9130000000
2008-04-18,3.8905000000
2008-04-21,3.8665000000
2008-04-22,3.9605000000
2008-04-23,3.9030000000
2008-04-24,3.8760000000
2008-04-25,3.9150000000
2008-04-28,3.9340000000
2008-04-29,3.8810000000
2008-04-30,3.9045000000
2008-05-01,3.6945000000
2008-05-02,3.8205000000
2008-05-05,3.9475000000
2008-05-06,3.8785000000
2008-05-07,3.8340000000
2008-05-08,3.7875000000
2008-05-09,3.7165000000
2008-05-12,3.7495000000
2008-05-13,3.7315000000
2008-05-14,3.6810000000
2008-05-15,3.7385000000
2008-05-16,3.8265000000
2008-05-19,3.7755000000
2008-05-20,3.7765000000
2008-05-21,3.7445000000
2008-05-22,3.7125000000
2008-05-23,3.7360000000
2008-05-27,3.7160000000
2008-05-28,3.6950000000
2008-05-29,3.5600000000
2008-05-30,3.6060000000
2008-06-02,3.5980000000
2008-06-03,3.5795000000
2008-06-04,3.5455000000
2008-06-05,3.5445000000
2008-06-06,3.6245000000
2008-06-09,3.6140000000
2008-06-10,3.5620000000
2008-06-11,3.5800000000
2008-06-12,3.5390000000
2008-06-13,3.5900000000
2008-06-16,3.6650000000
2008-06-17,3.6500000000
2008-06-18,3.7475000000
2008-06-19,3.7790000000
2008-06-20,3.8315000000
2008-06-23,3.8090000000
2008-06-24,3.7875000000
2008-06-25,3.7755000000
2008-06-26,3.8290000000
2008-06-27,3.8780000000
2008-06-30,3.8825000000
2008-07-01,3.9105000000
2008-07-02,4.0635000000
2008-07-03,3.9490000000
2008-07-07,3.8490000000
2008-07-08,3.6965000000
2008-07-09,3.7390000000
2008-07-10,3.7185000000
2008-07-11,3.7400000000
2008-07-14,3.7520000000
2008-07-15,3.7000000000
2008-07-16,3.6505000000
2008-07-17,3.7150000000
2008-07-18,3.6690000000
2008-07-21,3.6810000000
2008-07-22,3.6905000000
2008-07-23,3.6575000000
2008-07-24,3.5770000000
2008-07-25,3.6050000000
2008-07-28,3.6120000000
2008-07-29,3.5905000000
2008-07-30,3.6400000000
2008-07-31,3.6560000000
2008-08-01,3.5735000000
2008-08-04,3.4385000000
2008-08-05,3.4145000000
2008-08-06,3.4225000000
2008-08-07,3.4180000000
2008-08-08,3.3340000000
2008-08-11,3.2930000000
2008-08-12,3.2280000000
2008-08-13,3.3500000000
2008-08-14,3.3050000000
2008-08-15,3.3215000000
2008-08-18,3.3140000000
2008-08-19,3.4305000000
2008-08-20,3.4005000000
2008-08-21,3.5460000000
2008-08-22,3.4705000000
2008-08-25,3.4790000000
2008-08-26,3.4340000000
2008-08-27,3.4650000000
2008-08-28,3.4105000000
2008-08-29,3.3995000000
2008-09-02,3.2890000000
2008-09-03,3.3280000000
2008-09-04,3.2790000000
2008-09-05,3.1110000000
2008-09-08,3.1045000000
2008-09-09,3.0950000000
2008-09-10,3.1210000000
2008-09-11,3.1310000000
2008-09-12,3.1980000000
2008-09-15,3.1465000000
2008-09-16,3.0960000000
2008-09-17,3.0525000000
2008-09-18,3.0770000000
2008-09-19,3.1795000000
2008-09-22,3.2590000000
2008-09-23,3.1570000000
2008-09-24,3.1115000000
2008-09-25,3.1400000000
2008-09-26,3.0790000000
2008-09-29,2.9065000000
2008-09-30,2.8790000000
2008-10-01,2.7895000000
2008-10-02,2.6275000000
2008-10-03,2.6900000000
2008-10-06,2.4930000000
2008-10-07,2.5345000000
2008-10-08,2.3550000000
2008-10-09,2.4060000000
2008-10-10,2.1445000000
2008-10-13,2.3125000000
2008-10-14,2.3945000000
2008-10-15,2.2105000000
2008-10-16,2.0855000000
2008-10-17,2.1795000000
2008-10-20,2.1165000000
2008-10-21,2.0070000000
2008-10-22,1.8655000000
2008-10-23,1.8045000000
2008-10-24,1.6865000000
2008-10-27,1.8050000000
2008-10-28,1.8585000000
2008-10-29,2.0880000000
2008-10-30,1.8955000000
2008-10-31,1.8345000000
2008-11-03,1.8440000000
2008-11-04,1.9610000000
2008-11-05,1.8190000000
2008-11-06,1.7225000000
2008-11-07,1.6995000000
2008-11-10,1.7555000000
2008-11-11,1.6505000000
2008-11-12,1.6585000000
2008-11-13,1.6255000000
2008-11-14,1.7105000000
2008-11-17,1.6600000000
2008-11-18,1.6650000000
2008-11-19,1.6040000000
2008-11-20,1.5760000000
2008-11-21,1.5790000000
2008-11-24,1.6725000000
2008-11-25,1.6530000000
2008-11-26,1.6860000000
2008-11-28,1.6440000000
2008-12-01,1.6235000000
2008-12-02,1.6000000000
2008-12-03,1.5545000000
2008-12-04,1.4710000000
2008-12-05,1.3735000000
2008-12-08,1.4935000000
2008-12-09,1.4405000000
2008-12-10,1.4900000000
2008-12-11,1.5065000000
2008-12-12,1.4250000000
2008-12-15,1.4035000000
2008-12-16,1.3740000000
2008-12-17,1.3665000000
2008-12-18,1.2945000000
2008-12-19,1.3215000000
2008-12-22,1.3390000000
2008-12-23,1.2730000000
2008-12-24,1.2655000000
2008-12-26,1.2950000000
2008-12-29,1.3045000000
2008-12-30,1.3205000000
2008-12-31,1.4100000000
2009-01-02,1.4610000000
2009-01-05,1.4590000000
2009-01-06,1.5830000000
2009-01-07,1.5115000000
2009-01-08,1.4790000000
2009-01-09,1.5595000000
2009-01-12,1.4885000000
2009-01-13,1.5470000000
2009-01-14,1.4875000000
2009-01-15,1.4535000000
2009-01-16,1.5275000000
2009-01-20,1.5045000000
2009-01-21,1.4335000000
2009-01-22,1.3960000000
2009-01-23,1.4720000000
2009-01-26,1.5865000000
2009-01-27,1.4845000000
2009-01-28,1.4960000000
2009-01-29,1.4645000000
2009-01-30,1.4755000000
2009-02-02,1.4390000000
2009-02-03,1.5290000000
2009-02-04,1.5380000000
2009-02-05,1.5070000000
2009-02-06,1.6360000000
2009-02-09,1.6200000000
2009-02-10,1.5815000000
2009-02-11,1.5465000000
2009-02-12,1.5425000000
2009-02-13,1.5475000000
2009-02-17,1.4330000000
2009-02-18,1.4460000000
2009-02-19,1.4805000000
2009-02-20,1.4250000000
2009-02-23,1.4440000000
2009-02-24,1.4940000000
2009-02-25,1.5310000000
2009-02-26,1.5790000000
2009-02-27,1.5385000000
2009-03-02,1.5160000000
2009-03-03,1.6045000000
2009-03-04,1.6940000000
2009-03-05,1.6535000000
2009-03-06,1.6890000000
2009-03-09,1.6395000000
2009-03-10,1.6845000000
2009-03-11,1.6255000000
2009-03-12,1.6245000000
2009-03-13,1.6645000000
2009-03-16,1.7470000000
2009-03-17,1.7240000000
2009-03-18,1.7165000000
2009-03-19,1.8075000000
2009-03-20,1.7960000000
2009-03-23,1.8410000000
2009-03-24,1.8060000000
2009-03-25,1.8030000000
2009-03-26,1.8550000000
2009-03-27,1.8360000000
2009-03-30,1.7705000000
2009-03-31,1.8490000000
2009-04-01,1.8525000000
2009-04-02,1.8940000000
2009-04-03,2.0060000000
2009-04-06,1.9630000000
2009-04-07,1.9965000000
2009-04-08,2.0055000000
2009-04-09,2.0775000000
2009-04-13,2.1325000000
2009-04-14,2.1220000000
2009-04-15,2.2040000000
2009-04-16,2.1745000000
2009-04-17,2.1960000000
2009-04-20,2.1035000000
2009-04-21,2.0830000000
2009-04-22,2.0605000000
2009-04-23,1.9930000000
2009-04-24,2.0515000000
2009-04-27,1.9870000000
2009-04-28,1.9175000000
2009-04-29,2.0050000000
2009-04-30,2.0475000000
2009-05-01,2.1010000000
2009-05-04,2.1440000000
2009-05-05,2.0825000000
2009-05-06,2.1870000000
2009-05-07,2.1645000000
2009-05-08,2.1455000000
2009-05-11,2.0885000000
2009-05-12,2.0860000000
2009-05-13,2.0310000000
2009-05-14,2.0270000000
2009-05-15,2.0175000000
2009-05-18,2.0720000000
2009-05-19,2.0695000000
2009-05-20,2.1065000000
2009-05-21,2.0510000000
2009-05-22,2.0975000000
2009-05-26,2.1410000000
2009-05-27,2.1210000000
2009-05-28,2.1405000000
2009-05-29,2.1995000000
2009-06-01,2.3225000000
2009-06-02,2.3015000000
2009-06-03,2.2170000000
2009-06-04,2.3065000000
2009-06-05,2.2900000000
2009-06-08,2.2590000000
2009-06-09,2.3710000000
2009-06-10,2.3720000000
2009-06-11,2.4500000000
2009-06-12,2.3785000000
2009-06-15,2.2905000000
2009-06-16,2.2610000000
2009-06-17,2.2640000000
2009-06-18,2.2765000000
2009-06-19,2.2565000000
2009-06-22,2.1380000000
2009-06-23,2.2050000000
2009-06-24,2.2740000000
2009-06-25,2.3095000000
2009-06-26,2.3025000000
2009-06-29,2.3260000000
2009-06-30,2.2720000000
2009-07-01,2.3305000000
2009-07-02,2.3055000000
2009-07-06,2.2625000000
2009-07-07,2.2255000000
2009-07-08,2.1590000000
2009-07-09,2.2375000000
2009-07-10,2.2115000000
2009-07-13,2.2230000000
2009-07-14,2.2990000000
2009-07-15,2.3920000000
2009-07-16,2.3895000000
2009-07-17,2.4230000000
2009-07-20,2.4690000000
2009-07-21,2.4510000000
2009-07-22,2.5255000000
2009-07-23,2.5240000000
2009-07-24,2.5220000000
2009-07-27,2.5450000000
2009-07-28,2.5205000000
2009-07-29,2.4775000000
2009-07-30,2.5660000000
2009-07-31,2.6245000000
2009-08-03,2.7415000000
2009-08-04,2.7985000000
2009-08-05,2.8155000000
2009-08-06,2.7555000000
2009-08-07,2.7895000000
2009-08-10,2.7750000000
2009-08-11,2.7410000000
2009-08-12,2.8270000000
2009-08-13,2.9180000000
2009-08-14,2.8400000000
2009-08-17,2.7745000000
2009-08-18,2.7650000000
2009-08-19,2.7615000000
2009-08-20,2.7445000000
2009-08-21,2.8845000000
2009-08-24,2.9200000000
2009-08-25,2.8620000000
2009-08-26,2.8645000000
2009-08-27,2.8570000000
2009-08-28,2.9440000000
2009-08-31,2.8210000000
2009-09-01,2.8120000000
2009-09-02,2.8195000000
2009-09-03,2.8585000000
2009-09-04,2.8605000000
2009-09-08,2.9500000000
2009-09-09,2.9180000000
2009-09-10,2.8700000000
2009-09-11,2.8400000000
2009-09-14,2.7975000000
2009-09-15,2.8380000000
2009-09-16,2.9300000000
2009-09-17,2.8895000000
2009-09-18,2.7785000000
2009-09-21,2.7995000000
2009-09-22,2.8585000000
2009-09-23,2.8020000000
2009-09-24,2.7035000000
2009-09-25,2.7345000000
2009-09-28,2.7205000000
2009-09-29,2.7290000000
2009-09-30,2.8190000000
2009-10-01,2.7370000000
2009-10-02,2.6815000000
2009-10-05,2.7270000000
2009-10-06,2.7845000000
2009-10-07,2.7795000000
2009-10-08,2.8985000000
2009-10-09,2.8380000000
2009-10-12,2.8570000000
2009-10-13,2.7945000000
2009-10-14,2.8445000000
2009-10-15,2.8590000000
2009-10-16,2.8455000000
2009-10-19,2.9665000000
2009-10-20,2.9320000000
2009-10-21,3.0360000000
2009-10-22,2.9980000000
2009-10-23,3.0345000000
2009-10-26,3.0110000000
2009-10-27,2.9990000000
2009-10-28,2.9305000000
2009-10-29,3.0340000000
2009-10-30,2.9605000000
2009-11-02,2.9505000000
2009-11-03,2.9625000000
2009-11-04,2.9995000000
2009-11-05,2.9640000000
2009-11-06,2.9610000000
2009-11-09,2.9760000000
2009-11-10,2.9700000000
2009-11-11,2.9750000000
2009-11-12,2.9570000000
2009-11-13,2.9830000000
2009-11-16,3.1140000000
2009-11-17,3.1185000000
2009-11-18,3.1210000000
2009-11-19,3.0915000000
2009-11-20,3.1190000000
2009-11-23,3.1455000000
2009-11-24,3.1265000000
2009-11-25,3.1795000000
2009-11-27,3.1165000000
2009-11-30,3.1680000000
2009-12-01,3.2220000000
2009-12-02,3.2495000000
2009-12-03,3.2365000000
2009-12-04,3.2285000000
2009-12-07,3.2005000000
2009-12-08,3.1560000000
2009-12-09,3.1140000000
2009-12-10,3.0945000000
2009-12-11,3.1245000000
2009-12-14,3.1435000000
2009-12-15,3.1335000000
2009-12-16,3.1980000000
2009-12-17,3.1210000000
2009-12-18,3.1315000000
2009-12-21,3.1515000000
2009-12-22,3.1310000000
2009-12-23,3.1965000000
2009-12-24,3.2830000000
2009-12-28,3.3280000000
2009-12-29,3.3055000000
2009-12-30,3.3450000000
2009-12-31,3.3465000000
2010-01-04,3.4060000000
2010-06-04,2.8295000000
2010-06-07,2.7765000000
2010-06-08,2.7900000000
2010-06-09,2.8600000000
2010-06-10,2.8725000000
2010-06-11,2.9145000000
2010-06-14,3.0030000000
2010-06-15,3.0150000000
2010-06-16,3.0055000000
2010-06-17,2.9155000000
2010-06-18,2.8930000000
2010-06-21,2.9515000000
2010-06-22,3.0020000000
2010-06-23,2.9465000000
2010-06-24,3.0160000000
2010-06-25,3.1035000000
2010-06-28,3.0805000000
2010-06-29,2.9305000000
2010-06-30,2.9505000000
2010-07-01,2.8770000000
2010-07-02,2.9160000000
2010-07-06,2.9710000000
2010-07-07,3.0150000000
2010-07-08,3.0155000000
2010-07-09,3.0535000000
2010-07-12,3.0090000000
2010-07-13,3.0175000000
2010-07-14,3.0085000000
2010-07-15,3.0120000000
2010-07-16,2.9295000000
2010-07-19,2.9380000000
2010-07-20,3.0015000000
2010-07-21,3.0930000000
2010-07-22,3.1645000000
2010-07-23,3.1850000000
2010-07-26,3.2230000000
2010-07-27,3.2065000000
2010-07-28,3.2455000000
2010-07-29,3.2990000000
2010-07-30,3.3200000000
2010-08-02,3.3980000000
2010-08-03,3.3665000000
2010-08-04,3.4125000000
2010-08-05,3.3615000000
2010-08-06,3.3515000000
2010-08-09,3.3625000000
2010-08-10,3.3215000000
2010-08-11,3.2630000000
2010-08-12,3.2930000000
2010-08-13,3.2605000000
2010-08-16,3.2880000000
2010-08-17,3.3465000000
2010-08-18,3.3580000000
2010-08-19,3.3275000000
2010-08-20,3.2995000000
2010-08-23,3.3005000000
2010-08-24,3.2510000000
2010-08-25,3.2205000000
2010-08-26,3.3145000000
2010-08-27,3.3740000000
2010-08-30,3.4255000000
2010-08-31,3.3685000000
2010-09-01,3.4755000000
2010-09-02,3.4935000000
2010-09-03,3.4985000000
2010-09-07,3.4690000000
2010-09-08,3.4970000000
2010-09-09,3.4405000000
2010-09-10,3.4035000000
2010-09-13,3.4775000000
2010-09-14,3.4665000000
2010-09-15,3.4650000000
2010-09-16,3.4925000000
2010-09-17,3.5220000000
2010-09-20,3.5035000000
2010-09-21,3.4805000000
2010-09-22,3.5630000000
2010-09-23,3.5890000000
2010-09-24,3.6170000000
2010-09-27,3.5965000000
2010-09-28,3.6360000000
2010-09-29,3.6615000000
2010-09-30,3.6515000000
2010-10-01,3.6905000000
2010-10-04,3.6640000000
2010-10-05,3.7265000000
2010-10-06,3.7530000000
2010-10-07,3.6795000000
2010-10-08,3.7745000000
2010-10-11,3.7895000000
2010-10-12,3.7895000000
2010-10-13,3.8205000000
2010-10-14,3.8155000000
2010-10-15,3.8390000000
2010-10-18,3.8550000000
2010-10-19,3.7575000000
2010-10-20,3.7935000000
2010-10-21,3.7815000000
2010-10-22,3.7970000000
2010-10-25,3.8630000000
2010-10-26,3.8690000000
2010-10-27,3.7755000000
2010-10-28,3.7925000000
2010-10-29,3.7390000000
2010-11-01,3.7905000000
2010-11-02,3.8440000000
2010-11-03,3.7905000000
2010-11-04,3.9170000000
2010-11-05,3.9535000000
2010-11-08,3.9610000000
2010-11-09,4.0470000000
2010-11-10,3.9730000000
2010-11-11,4.0245000000
2010-11-12,3.8950000000
2010-11-15,3.9235000000
2010-11-16,3.7270000000
2010-11-17,3.7295000000
2010-11-18,3.8335000000
2010-11-19,3.8370000000
2010-11-22,3.7555000000
2010-11-23,3.7045000000
2010-11-24,3.7595000000
2010-11-26,3.7565000000
2010-11-29,3.7655000000
2010-11-30,3.8255000000
2010-12-01,3.9475000000
2010-12-02,3.9790000000
2010-12-03,3.9990000000
2010-12-06,4.0080000000
2010-12-07,4.0495000000
2010-12-08,4.0995000000
2010-12-09,4.0860000000
2010-12-10,4.1105000000
2010-12-13,4.2045000000
2010-12-14,4.2060000000
2010-12-15,4.1305000000
2010-12-16,4.1155000000
2010-12-17,4.1575000000
2010-12-20,4.2045000000
2010-12-21,4.2745000000
2010-12-22,4.2730000000
2010-12-23,4.2565000000
2010-12-27,4.2780000000
2010-12-28,4.3260000000
2010-12-29,4.3100000000
2010-12-30,4.3625000000
2010-12-31,4.4470000000
2011-01-03,4.4575000000
2011-01-04,4.3690000000
2011-01-05,4.4080000000
2011-01-06,4.3295000000
2011-01-07,4.2825000000
2011-01-10,4.2645000000
2011-01-11,4.3490000000
2011-01-12,4.4115000000
2011-01-13,4.3770000000
2011-01-14,4.4120000000
2011-01-18,4.4280000000
2011-01-19,4.3700000000
2011-01-20,4.2720000000
2011-01-21,4.3090000000
2011-01-24,4.3485000000
2011-01-25,4.2260000000
2011-01-26,4.2670000000
2011-01-27,4.3385000000
2011-01-28,4.3780000000
2011-01-31,4.4635000000
2011-02-01,4.5510000000
2011-02-02,4.5490000000
2011-02-03,4.5500000000
2011-02-04,4.5850000000
2011-02-07,4.5810000000
2011-02-08,4.5800000000
2011-02-09,4.5300000000
2011-02-10,4.5490000000
2011-02-11,4.5415000000
2011-02-14,4.6325000000
2011-02-15,4.5410000000
2011-02-16,4.4760000000
2011-02-17,4.4910000000
2011-02-18,4.4890000000
2011-02-22,4.3555000000
2011-02-23,4.2840000000
2011-02-24,4.3355000000
2011-02-25,4.4550000000
2011-02-28,4.4965000000
2011-03-01,4.5095000000
2011-03-02,4.4980000000
2011-03-03,4.4900000000
2011-03-04,4.4855000000
2011-03-07,4.3270000000
2011-03-08,4.3385000000
2011-03-09,4.2125000000
2011-03-10,4.1975000000
2011-03-11,4.2075000000
2011-03-14,4.1865000000
2011-03-15,4.1370000000
2011-03-16,4.1975000000
2011-03-17,4.3440000000
2011-03-18,4.3390000000
2011-03-21,4.2860000000
2011-03-22,4.3130000000
2011-03-23,4.4285000000
2011-03-24,4.4245000000
2011-03-25,4.4190000000
2011-03-28,4.3500000000
2011-03-29,4.3465000000
2011-03-30,4.2835000000
2011-03-31,4.3170000000
2011-04-01,4.2675000000
2011-04-04,4.2645000000
2011-04-05,4.2740000000
2011-04-06,4.3790000000
2011-04-07,4.4255000000
2011-04-08,4.5110000000
2011-04-11,4.4695000000
2011-04-12,4.3940000000
2011-04-13,4.3055000000
2011-04-14,4.2945000000
2011-04-15,4.2685000000
2011-04-18,4.2085000000
2011-04-19,4.2400000000
2011-04-20,4.3500000000
2011-04-21,4.4100000000
2011-04-25,4.3140000000
2011-04-26,4.3300000000
2011-04-27,4.2375000000
2011-04-28,4.2615000000
2011-04-29,4.1790000000
2011-05-02,4.1960000000
2011-05-03,4.2530000000
2011-05-04,4.1340000000
2011-05-05,3.9980000000
2011-05-06,3.9755000000
2011-05-09,4.0165000000
2011-05-10,4.0420000000
2011-05-11,3.9135000000
2011-05-12,3.9705000000
2011-05-13,3.9835000000
2011-05-16,3.9905000000
2011-05-17,3.9985000000
2011-05-18,4.1050000000
2011-05-19,4.0525000000
2011-05-20,4.1215000000
2011-05-23,3.9915000000
2011-05-24,4.0130000000
2011-05-25,4.1070000000
2011-05-26,4.1110000000
2011-05-27,4.1955000000
2011-05-31,4.1875000000
2011-06-01,4.1165000000
2011-06-02,4.0945000000
2011-06-03,4.1445000000
2011-06-06,4.1515000000
2011-06-07,4.1600000000
2011-06-08,4.1185000000
2011-06-09,4.1180000000
2011-06-10,4.0665000000
2011-06-13,4.0460000000
2011-06-14,4.1660000000
2011-06-15,4.1325000000
2011-06-16,4.1290000000
2011-06-17,4.1135000000
2011-06-20,4.0850000000
2011-06-21,4.1000000000
2011-06-22,4.1000000000
2011-06-23,4.0500000000
2011-06-24,4.1090000000
2011-06-27,4.0615000000
2011-06-28,4.1015000000
2011-06-29,4.2240000000
2011-06-30,4.2825000000
2011-07-01,4.3025000000
2011-07-05,4.3475000000
2011-07-06,4.3350000000
2011-07-07,4.4420000000
2011-07-08,4.4120000000
2011-07-11,4.3680000000
2011-07-12,4.3915000000
2011-07-13,4.4035000000
2011-07-14,4.3800000000
2011-07-15,4.4130000000
2011-07-18,4.4030000000
2011-07-19,4.4680000000
2011-07-20,4.4360000000
2011-07-21,4.3835000000
2011-07-22,4.4100000000
2011-07-25,4.4065000000
2011-07-26,4.4780000000
2011-07-27,4.4465000000
2011-07-28,4.4790000000
2011-07-29,4.4895000000
2011-08-01,4.4200000000
2011-08-02,4.4050000000
2011-08-03,4.3365000000
2011-08-04,4.2460000000
2011-08-05,4.1270000000
2011-08-08,3.9715000000
2011-08-09,3.9800000000
2011-08-10,3.8985000000
2011-08-11,4.0180000000
2011-08-12,4.0210000000
2011-08-15,4.0410000000
2011-08-16,4.0030000000
2011-08-17,4.0415000000
2011-08-18,3.9750000000
2011-08-19,3.9910000000
2011-08-22,3.9635000000
2011-08-23,4.0040000000
2011-08-24,4.0050000000
2011-08-25,4.0870000000
2011-08-26,4.1070000000
2011-08-29,4.0980000000
2011-08-30,4.1360000000
2011-08-31,4.1995000000
2011-09-01,4.1555000000
2011-09-02,4.1195000000
2011-09-06,4.0505000000
2011-09-07,4.1270000000
2011-09-08,4.1385000000
2011-09-09,3.9980000000
2011-09-12,3.9625000000
2011-09-13,3.9660000000
2011-09-14,3.8940000000
2011-09-15,3.9525000000
2011-09-16,3.9270000000
2011-09-19,3.7775000000
2011-09-20,3.7215000000
2011-09-21,3.7595000000
2011-09-22,3.4840000000
2011-09-23,3.2760000000
2011-09-26,3.2790000000
2011-09-27,3.4360000000
2011-09-28,3.2430000000
2011-09-29,3.2460000000
2011-09-30,3.1520000000
2011-10-03,3.1505000000
2011-10-04,3.1035000000
2011-10-05,3.1060000000
2011-10-06,3.2465000000
2011-10-07,3.2735000000
2011-10-10,3.3680000000
2011-10-11,3.2905000000
2011-10-12,3.3935000000
2011-10-13,3.3070000000
2011-10-14,3.4085000000
2011-10-17,3.3780000000
2011-10-18,3.3600000000
2011-10-19,3.2580000000
2011-10-20,3.0575000000
2011-10-21,3.2230000000
2011-10-24,3.4490000000
2011-10-25,3.4205000000
2011-10-26,3.4900000000
2011-10-27,3.6920000000
2011-10-28,3.7165000000
2011-10-31,3.6420000000
2011-11-01,3.5120000000
2011-11-02,3.5895000000
2011-11-03,3.5975000000
2011-11-04,3.5745000000
2011-11-07,3.5460000000
2011-11-08,3.5440000000
2011-11-09,3.4515000000
2011-11-10,3.3845000000
2011-11-11,3.4735000000
2011-11-14,3.4975000000
2011-11-15,3.5110000000
2011-11-16,3.4940000000
2011-11-17,3.3925000000
2011-11-18,3.4120000000
2011-11-21,3.3120000000
2011-11-22,3.3410000000
2011-11-23,3.2865000000
2011-11-25,3.2780000000
2011-11-28,3.3655000000
2011-11-29,3.3885000000
2011-11-30,3.5735000000
2011-12-01,3.5325000000
2011-12-02,3.5825000000
2011-12-05,3.6140000000
2011-12-06,3.5735000000
2011-12-07,3.5540000000
2011-12-08,3.4980000000
2011-12-09,3.5550000000
2011-12-12,3.4625000000
2011-12-13,3.4400000000
2011-12-14,3.2780000000
2011-12-15,3.2660000000
2011-12-16,3.3300000000
2011-12-19,3.3070000000
2011-12-20,3.3675000000
2011-12-21,3.3930000000
2011-12-22,3.4130000000
2011-12-23,3.4670000000
2011-12-27,3.4070000000
2011-12-28,3.3640000000
2011-12-29,3.3700000000
2011-12-30,3.4360000000
2012-01-03,3.5285000000
2012-01-04,3.4345000000
2012-01-05,3.4265000000
2012-01-06,3.4350000000
2012-01-09,3.4160000000
2012-01-10,3.5130000000
2012-01-11,3.5460000000
2012-01-12,3.6490000000
2012-01-13,3.6370000000
2012-01-17,3.7295000000
2012-01-18,3.7525000000
2012-01-19,3.8005000000
2012-01-20,3.7450000000
2012-01-23,3.7985000000
2012-01-24,3.8075000000
2012-01-25,3.8295000000
2012-01-26,3.9015000000
2012-01-27,3.8890000000
2012-01-30,3.8335000000
2012-01-31,3.7970000000
2012-02-01,3.8490000000
2012-02-02,3.7885000000
2012-02-03,3.9085000000
2012-02-06,3.8715000000
2012-02-07,3.8825000000
2012-02-08,3.9150000000
2012-02-09,3.9820000000
2012-02-10,3.8660000000
2012-02-13,3.8440000000
2012-02-14,3.8205000000
2012-02-15,3.8070000000
2012-02-16,3.7960000000
2012-02-17,3.7135000000
2012-02-21,3.8420000000
2012-02-22,3.8395000000
2012-02-23,3.8110000000
2012-02-24,3.8675000000
2012-02-27,3.8870000000
2012-02-28,3.9215000000
2012-02-29,3.8795000000
2012-03-01,3.9315000000
2012-03-02,3.9030000000
2012-03-05,3.8595000000
2012-03-06,3.7375000000
2012-03-07,3.7670000000
2012-03-08,3.7915000000
2012-03-09,3.8585000000
2012-03-12,3.8375000000
2012-03-13,3.9025000000
2012-03-14,3.8480000000
2012-03-15,3.8975000000
2012-03-16,3.8780000000
2012-03-19,3.9090000000
2012-03-20,3.8305000000
2012-03-21,3.8455000000
2012-03-22,3.7655000000
2012-03-23,3.8085000000
2012-03-26,3.8875000000
2012-03-27,3.8800000000
2012-03-28,3.7925000000
2012-03-29,3.8015000000
2012-03-30,3.8295000000
2012-04-02,3.9250000000
2012-04-03,3.9240000000
2012-04-04,3.7960000000
2012-04-05,3.8010000000
2012-04-09,3.7250000000
2012-04-10,3.6545000000
2012-04-11,3.6440000000
2012-04-12,3.7245000000
2012-04-13,3.6315000000
2012-04-16,3.6330000000
2012-04-17,3.6515000000
2012-04-18,3.6355000000
2012-04-19,3.6330000000
2012-04-20,3.7030000000
2012-04-23,3.6310000000
2012-04-24,3.6780000000
2012-04-25,3.7050000000
2012-04-26,3.7710000000
2012-04-27,3.8250000000
2012-04-30,3.8295000000
2012-05-01,3.8435000000
2012-05-02,3.7870000000
2012-05-03,3.7360000000
2012-05-04,3.7210000000
2012-05-07,3.7735000000
2012-05-08,3.6775000000
2012-05-09,3.6595000000
2012-05-10,3.6905000000
2012-05-11,3.6480000000
2012-05-14,3.5540000000
2012-05-15,3.5175000000
2012-05-16,3.4780000000
2012-05-17,3.4790000000
2012-05-18,3.4685000000
2012-05-21,3.5020000000
2012-05-22,3.4870000000
2012-05-23,3.3960000000
2012-05-24,3.4285000000
2012-05-25,3.4480000000
2012-05-29,3.4620000000
2012-05-30,3.3945000000
2012-05-31,3.3705000000
2012-06-01,3.3200000000
2012-06-04,3.3135000000
2012-06-05,3.2950000000
2012-06-06,3.3845000000
2012-06-07,3.3765000000
2012-06-08,3.2910000000
2012-06-11,3.3485000000
2012-06-12,3.3410000000
2012-06-13,3.3445000000
2012-06-14,3.3590000000
2012-06-15,3.3875000000
2012-06-18,3.3995000000
2012-06-19,3.4380000000
2012-06-20,3.3930000000
2012-06-21,3.3035000000
2012-06-22,3.3125000000
2012-06-25,3.3230000000
2012-06-26,3.3190000000
2012-06-27,3.3550000000
2012-06-28,3.3315000000
2012-06-29,3.4965000000
2012-07-02,3.4690000000
2012-07-03,3.5400000000
2012-07-05,3.4930000000
2012-07-06,3.4095000000
2012-07-09,3.4315000000
2012-07-10,3.3980000000
2012-07-11,3.4475000000
2012-07-12,3.4150000000
2012-07-13,3.5040000000
2012-07-16,3.4850000000
2012-07-17,3.4555000000
2012-07-18,3.4740000000
2012-07-19,3.5345000000
2012-07-20,3.4480000000
2012-07-23,3.3800000000
2012-07-24,3.3530000000
2012-07-25,3.3745000000
2012-07-26,3.3935000000
2012-07-27,3.4260000000
2012-07-30,3.4225000000
2012-07-31,3.4235000000
2012-08-01,3.3805000000
2012-08-02,3.2960000000
2012-08-03,3.3725000000
2012-08-06,3.3940000000
2012-08-07,3.4450000000
2012-08-08,3.4260000000
2012-08-09,3.4295000000
2012-08-10,3.3980000000
2012-08-13,3.3590000000
2012-08-14,3.3645000000
2012-08-15,3.3545000000
2012-08-16,3.3875000000
2012-08-17,3.4235000000
2012-08-20,3.3750000000
2012-08-21,3.4570000000
2012-08-22,3.4580000000
2012-08-23,3.4950000000
2012-08-24,3.4860000000
2012-08-27,3.4790000000
2012-08-28,3.4670000000
2012-08-29,3.4480000000
2012-08-30,3.4465000000
2012-08-31,3.4575000000
2012-09-04,3.4695000000
2012-09-05,3.5295000000
2012-09-06,3.5180000000
2012-09-07,3.6475000000
2012-09-10,3.6915000000
2012-09-11,3.7005000000
2012-09-12,3.6965000000
2012-09-13,3.7130000000
2012-09-14,3.8370000000
2012-09-17,3.7965000000
2012-09-18,3.7915000000
2012-09-19,3.8180000000
2012-09-20,3.7630000000
2012-09-21,3.7930000000
2012-09-24,3.7355000000
2012-09-25,3.7620000000
2012-09-26,3.7120000000
2012-09-27,3.7440000000
2012-09-28,3.7580000000
2012-10-01,3.7855000000
2012-10-02,3.8010000000
2012-10-03,3.7840000000
2012-10-04,3.7860000000
2012-10-05,3.7780000000
2012-10-08,3.7180000000
2012-10-09,3.7180000000
2012-10-10,3.7180000000
2012-10-11,3.7515000000
2012-10-12,3.7030000000
2012-10-15,3.7015000000
2012-10-16,3.7000000000
2012-10-17,3.7480000000
2012-10-18,3.7430000000
2012-10-19,3.6375000000
2012-10-22,3.6220000000
2012-10-23,3.5695000000
2012-10-24,3.5680000000
2012-10-25,3.5505000000
2012-10-26,3.5500000000
2012-10-29,3.4945000000
2012-10-30,3.5115000000
2012-10-31,3.5230000000
2012-11-01,3.5575000000
2012-11-02,3.4870000000
2012-11-05,3.4755000000
2012-11-06,3.5120000000
2012-11-07,3.4475000000
2012-11-08,3.4755000000
2012-11-09,3.4520000000
2012-11-12,3.4745000000
2012-11-13,3.4780000000
2012-11-14,3.4605000000
2012-11-15,3.4690000000
2012-11-16,3.4575000000
2012-11-19,3.5330000000
2012-11-20,3.5215000000
2012-11-21,3.5010000000
2012-11-23,3.5330000000
2012-11-26,3.5430000000
2012-11-27,3.5450000000
2012-11-28,3.5315000000
2012-11-29,3.6015000000
2012-11-30,3.6450000000
2012-12-03,3.6535000000
2012-12-04,3.6495000000
2012-12-05,3.6810000000
2012-12-06,3.6395000000
2012-12-07,3.6580000000
2012-12-10,3.7015000000
2012-12-11,3.6820000000
2012-12-12,3.7120000000
2012-12-13,3.6560000000
2012-12-14,3.6780000000
2012-12-17,3.6615000000
2012-12-18,3.6480000000
2012-12-19,3.6000000000
2012-12-20,3.5305000000
2012-12-21,3.5620000000
2012-12-24,3.5410000000
2012-12-26,3.5910000000
2012-12-27,3.5965000000
2012-12-28,3.5895000000
2012-12-31,3.6525000000
2013-01-02,3.7360000000
2013-01-03,3.7170000000
2013-01-04,3.6935000000
2013-01-06,3.6790000000
2013-01-07,3.6780000000
2013-01-08,3.6720000000
2013-01-09,3.6705000000
2013-01-10,3.7090000000
2013-01-11,3.6540000000
2013-01-13,3.6390000000
2013-01-14,3.6340000000
2013-01-15,3.6375000000
2013-01-16,3.6065000000
2013-01-17,3.6620000000
2013-01-18,3.6790000000
2013-01-20,3.6630000000
2013-01-22,3.7050000000
2013-01-23,3.6845000000
2013-01-24,3.6765000000
2013-01-25,3.6520000000
2013-01-27,3.6390000000
2013-01-28,3.6615000000
2013-01-29,3.6915000000
2013-01-30,3.7580000000
2013-01-31,3.7395000000
2013-02-01,3.7915000000
2013-02-03,3.7760000000
2013-02-04,3.7755000000
2013-02-05,3.7775000000
2013-02-06,3.7485000000
2013-02-07,3.7360000000
2013-02-08,3.7685000000
2013-02-11,3.7315000000
2013-02-12,3.7530000000
2013-02-13,3.7515000000
2013-02-14,3.7455000000
2013-02-15,3.7460000000
2013-02-19,3.6590000000
2013-02-20,3.6170000000
2013-02-21,3.5620000000
2013-02-22,3.5425000000
2013-02-25,3.5520000000
2013-02-26,3.5745000000
2013-02-27,3.5670000000
2013-02-28,3.5475000000
2013-03-01,3.5010000000
2013-03-04,3.5015000000
2013-03-05,3.5150000000
2013-03-06,3.4930000000
2013-03-07,3.5205000000
2013-03-08,3.5090000000
2013-03-11,3.5170000000
2013-03-12,3.5545000000
2013-03-13,3.5250000000
2013-03-14,3.5365000000
2013-03-15,3.5205000000
2013-03-18,3.4280000000
2013-03-19,3.4055000000
2013-03-20,3.4465000000
2013-03-21,3.4350000000
2013-03-22,3.4660000000
2013-03-25,3.4450000000
2013-03-26,3.4425000000
2013-03-27,3.4535000000
2013-03-28,3.4125000000
2013-04-01,3.3850000000
2013-04-02,3.3890000000
2013-04-03,3.3430000000
2013-04-04,3.3615000000
2013-04-05,3.3540000000
2013-04-08,3.3810000000
2013-04-09,3.4515000000
2013-04-10,3.4285000000
2013-04-11,3.4445000000
2013-04-12,3.3605000000
2013-04-15,3.2825000000
2013-04-16,3.3150000000
2013-04-17,3.1955000000
2013-04-18,3.2120000000
2013-04-19,3.1560000000
2013-04-22,3.1370000000
2013-04-23,3.0975000000
2013-04-24,3.1605000000
2013-04-25,3.2390000000
2013-04-26,3.1820000000
2013-04-29,3.2265000000
2013-04-30,3.1875000000
2013-05-01,3.0800000000
2013-05-02,3.1045000000
2013-05-03,3.3145000000
2013-05-06,3.3105000000
2013-05-07,3.3025000000
2013-05-08,3.3705000000
2013-05-09,3.3405000000
2013-05-10,3.3530000000
2013-05-13,3.3595000000
2013-05-14,3.2880000000
2013-05-15,3.2650000000
2013-05-16,3.2945000000
2013-05-17,3.3230000000
2013-05-20,3.3600000000
2013-05-21,3.3435000000
2013-05-22,3.3805000000
2013-05-23,3.3040000000
2013-05-24,3.2955000000
2013-05-28,3.3150000000
2013-05-29,3.2970000000
2013-05-30,3.3230000000
2013-05-31,3.3000000000
2013-06-03,3.3375000000
2013-06-04,3.3760000000
2013-06-05,3.3785000000
2013-06-06,3.3255000000
2013-06-07,3.2750000000
2013-06-10,3.2480000000
2013-06-11,3.2020000000
2013-06-12,3.2325000000
2013-06-13,3.1915000000
2013-06-14,3.2080000000
2013-06-17,3.2030000000
2013-06-18,3.1610000000
2013-06-19,3.1460000000
2013-06-20,3.0665000000
2013-06-21,3.0965000000
2013-06-24,3.0250000000
2013-06-25,3.0725000000
2013-06-26,3.0390000000
2013-06-27,3.0595000000
2013-06-28,3.0575000000
2013-07-01,3.1570000000
2013-07-02,3.1430000000
2013-07-03,3.1745000000
2013-07-05,3.0650000000
2013-07-08,3.0995000000
2013-07-09,3.0645000000
2013-07-10,3.0910000000
2013-07-11,3.1775000000
2013-07-12,3.1550000000
2013-07-15,3.1445000000
2013-07-16,3.1865000000
2013-07-17,3.1285000000
2013-07-18,3.1315000000
2013-07-19,3.1400000000
2013-07-22,3.1850000000
2013-07-23,3.1980000000
2013-07-24,3.1790000000
2013-07-25,3.1855000000
2013-07-26,3.1055000000
2013-07-29,3.1075000000
2013-07-30,3.0485000000
2013-07-31,3.1250000000
2013-08-01,3.1710000000
2013-08-02,3.1780000000
2013-08-05,3.1735000000
2013-08-06,3.1775000000
2013-08-07,3.1770000000
2013-08-08,3.2725000000
2013-08-09,3.3085000000
2013-08-12,3.3045000000
2013-08-13,3.3180000000
2013-08-14,3.3400000000
2013-08-15,3.3385000000
2013-08-16,3.3645000000
2013-08-19,3.3320000000
2013-08-20,3.3380000000
2013-08-21,3.3080000000
2013-08-22,3.3310000000
2013-08-23,3.3510000000
2013-08-26,3.3220000000
2013-08-27,3.3305000000
2013-08-28,3.3055000000
2013-08-29,3.2570000000
2013-08-30,3.2305000000
2013-09-03,3.3015000000
2013-09-04,3.2390000000
2013-09-05,3.2420000000
2013-09-06,3.2585000000
2013-09-09,3.2760000000
2013-09-10,3.2610000000
2013-09-11,3.2555000000
2013-09-12,3.2100000000
2013-09-13,3.2035000000
2013-09-16,3.2220000000
2013-09-17,3.2230000000
2013-09-18,3.2785000000
2013-09-19,3.3460000000
2013-09-20,3.3190000000
2013-09-23,3.2975000000
2013-09-24,3.2555000000
2013-09-25,3.2710000000
2013-09-26,3.3050000000
2013-09-27,3.3295000000
2013-09-30,3.3230000000
2013-10-01,3.2740000000
2013-10-02,3.3160000000
2013-10-03,3.2685000000
2013-10-04,3.3010000000
2013-10-07,3.2965000000
2013-10-08,3.2925000000
2013-10-09,3.2310000000
2013-10-10,3.2485000000
2013-10-11,3.2690000000
2013-10-14,3.3030000000
2013-10-15,3.3075000000
2013-10-16,3.3080000000
2013-10-17,3.2970000000
2013-10-18,3.2990000000
2013-10-21,3.3035000000
2013-10-22,3.3355000000
2013-10-23,3.2675000000
2013-10-24,3.2635000000
2013-10-25,3.2690000000
2013-10-28,3.2690000000
2013-10-29,3.2780000000
2013-10-30,3.3280000000
2013-10-31,3.3045000000
2013-11-01,3.3030000000
2013-11-04,3.2580000000
2013-11-05,3.2640000000
2013-11-06,3.2425000000
2013-11-07,3.2540000000
2013-11-08,3.2595000000
2013-11-11,3.2650000000
2013-11-12,3.2400000000
2013-11-13,3.1660000000
2013-11-14,3.1670000000
2013-11-15,3.1775000000
2013-11-18,3.1555000000
2013-11-19,3.1625000000
2013-11-20,3.1650000000
2013-11-21,3.1965000000
2013-11-22,3.2185000000
2013-11-25,3.2285000000
2013-11-26,3.2180000000
2013-11-27,3.1930000000
2013-11-29,3.2155000000
2013-12-02,3.1925000000
2013-12-03,3.1825000000
2013-12-04,3.2570000000
2013-12-05,3.2380000000
2013-12-06,3.2565000000
2013-12-09,3.2680000000
2013-12-10,3.2775000000
2013-12-11,3.3060000000
2013-12-12,3.3040000000
2013-12-13,3.3225000000
2013-12-16,3.3415000000
2013-12-17,3.3330000000
2013-12-18,3.3265000000
2013-12-19,3.3035000000
2013-12-20,3.3150000000
2013-12-23,3.3180000000
2013-12-24,3.3835000000
2013-12-26,3.4115000000
2013-12-27,3.3975000000
2013-12-30,3.3825000000
2013-12-31,3.3965000000
2014-01-02,3.3815000000
2014-01-03,3.3550000000
2014-01-06,3.3595000000
2014-01-07,3.3595000000
2014-01-08,3.3425000000
2014-01-09,3.2990000000
2014-01-10,3.3415000000
2014-01-13,3.3465000000
2014-01-14,3.3360000000
2014-01-15,3.3580000000
2014-01-16,3.3425000000
2014-01-17,3.3445000000
2014-01-21,3.3510000000
2014-01-22,3.3370000000
2014-01-23,3.2855000000
2014-01-24,3.2715000000
2014-01-27,3.2590000000
2014-01-28,3.2530000000
2014-01-29,3.2405000000
2014-01-30,3.2290000000
2014-01-31,3.2000000000
2014-02-03,3.1870000000
2014-02-04,3.1930000000
2014-02-05,3.1890000000
2014-02-06,3.2280000000
2014-02-07,3.2370000000
2014-02-10,3.2255000000
2014-02-11,3.2155000000
2014-02-12,3.2555000000
2014-02-13,3.2500000000
2014-02-14,3.2655000000
2014-02-18,3.2845000000
2014-02-19,3.2830000000
2014-02-20,3.2740000000
2014-02-21,3.2760000000
2014-02-24,3.2570000000
2014-02-25,3.2445000000
2014-02-26,3.2320000000
2014-02-27,3.2010000000
2014-02-28,3.1875000000
2014-03-03,3.1720000000
2014-03-04,3.2145000000
2014-03-05,3.2025000000
2014-03-06,3.2180000000
2014-03-07,3.0825000000
2014-03-10,3.0315000000
2014-03-11,2.9520000000
2014-03-12,2.9620000000
2014-03-13,2.9230000000
2014-03-14,2.9505000000
2014-03-17,2.9520000000
2014-03-18,2.9515000000
2014-03-19,2.9870000000
2014-03-20,2.9285000000
2014-03-21,2.9505000000
2014-03-24,2.9455000000
2014-03-25,3.0055000000
2014-03-26,2.9655000000
2014-03-27,2.9930000000
2014-03-28,3.0395000000
2014-03-31,3.0245000000
2014-04-01,3.0335000000
2014-04-02,3.0445000000
2014-04-03,3.0270000000
2014-04-04,3.0220000000
2014-04-07,3.0385000000
2014-04-08,3.0455000000
2014-04-09,3.0315000000
2014-04-10,3.0415000000
2014-04-11,3.0405000000
2014-04-14,3.0465000000
2014-04-15,2.9875000000
2014-04-16,3.0225000000
2014-04-17,3.0430000000
2014-04-21,3.0405000000
2014-04-22,3.0470000000
2014-04-23,3.0510000000
2014-04-24,3.1035000000
2014-04-25,3.1080000000
2014-04-28,3.1040000000
2014-04-29,3.0730000000
2014-04-30,3.0275000000
2014-05-01,3.0215000000
2014-05-02,3.0700000000
2014-05-05,3.0535000000
2014-05-06,3.0570000000
2014-05-07,3.0325000000
2014-05-08,3.0625000000
2014-05-09,3.0830000000
2014-05-12,3.1495000000
2014-05-13,3.1355000000
2014-05-14,3.1600000000
2014-05-15,3.1445000000
2014-05-16,3.1470000000
2014-05-19,3.1670000000
2014-05-20,3.1450000000
2014-05-21,3.1230000000
2014-05-22,3.1420000000
2014-05-23,3.1675000000
2014-05-27,3.1775000000
2014-05-28,3.1735000000
2014-05-29,3.1415000000
2014-05-30,3.1205000000
2014-06-02,3.1680000000
2014-06-03,3.1350000000
2014-06-04,3.0910000000
2014-06-05,3.0895000000
2014-06-06,3.0505000000
2014-06-09,3.0420000000
2014-06-10,3.0520000000
2014-06-11,3.0400000000
2014-06-12,3.0175000000
2014-06-13,3.0290000000
2014-06-16,3.0470000000
2014-06-17,3.0605000000
2014-06-18,3.0610000000
2014-06-19,3.0755000000
2014-06-20,3.1145000000
2014-06-23,3.1435000000
2014-06-24,3.1455000000
2014-06-25,3.1655000000
2014-06-26,3.1685000000
2014-06-27,3.1680000000
2014-06-30,3.2035000000
2014-07-01,3.2040000000
2014-07-02,3.2650000000
2014-07-03,3.2795000000
2014-07-07,3.2610000000
2014-07-08,3.2570000000
2014-07-09,3.2480000000
2014-07-10,3.2670000000
2014-07-11,3.2690000000
2014-07-14,3.2490000000
2014-07-15,3.2495000000
2014-07-16,3.2145000000
2014-07-17,3.2205000000
2014-07-18,3.1845000000
2014-07-21,3.1990000000
2014-07-22,3.2080000000
2014-07-23,3.2070000000
2014-07-24,3.2665000000
2014-07-25,3.2405000000
2014-07-28,3.2435000000
2014-07-29,3.2190000000
2014-07-30,3.2460000000
2014-07-31,3.2360000000
2014-08-01,3.2205000000
2014-08-04,3.2500000000
2014-08-05,3.2105000000
2014-08-06,3.1710000000
2014-08-07,3.1815000000
2014-08-08,3.1795000000
2014-08-11,3.1805000000
2014-08-12,3.1620000000
2014-08-13,3.1215000000
2014-08-14,3.1010000000
2014-08-15,3.1130000000
2014-08-18,3.1200000000
2014-08-19,3.1020000000
2014-08-20,3.1845000000
2014-08-21,3.1830000000
2014-08-22,3.2120000000
2014-08-25,3.2260000000
2014-08-26,3.1975000000
2014-08-27,3.1855000000
2014-08-28,3.1440000000
2014-08-29,3.1530000000
2014-09-02,3.1500000000
2014-09-03,3.1245000000
2014-09-04,3.1485000000
2014-09-05,3.1670000000
2014-09-08,3.1655000000
2014-09-09,3.0995000000
2014-09-10,3.1085000000
2014-09-11,3.0905000000
2014-09-12,3.1050000000
2014-09-15,3.0845000000
2014-09-16,3.1635000000
2014-09-17,3.1420000000
2014-09-18,3.0935000000
2014-09-19,3.0910000000
2014-09-22,3.0380000000
2014-09-23,3.0345000000
2014-09-24,3.0530000000
2014-09-25,3.0300000000
2014-09-26,3.0340000000
2014-09-29,3.0565000000
2014-09-30,3.0075000000
2014-10-01,3.0360000000
2014-10-02,2.9985000000
2014-10-03,2.9985000000
2014-10-06,3.0355000000
2014-10-07,3.0390000000
2014-10-08,3.0035000000
2014-10-09,3.0300000000
2014-10-10,3.0350000000
2014-10-13,3.0405000000
2014-10-14,3.0900000000
2014-10-15,3.0090000000
2014-10-16,2.9815000000
2014-10-17,3.0035000000
2014-10-20,2.9880000000
2014-10-21,3.0280000000
2014-10-22,3.0175000000
2014-10-23,3.0400000000
2014-10-24,3.0410000000
2014-10-27,3.0640000000
2014-10-28,3.0930000000
2014-10-29,3.1045000000
2014-10-30,3.0610000000
2014-10-31,3.0470000000
2014-11-03,3.0655000000
2014-11-04,3.0185000000
2014-11-05,3.0075000000
2014-11-06,3.0160000000
2014-11-07,3.0370000000
2014-11-10,3.0205000000
2014-11-11,3.0350000000
2014-11-12,3.0260000000
2014-11-13,2.9955000000
2014-11-14,3.0445000000
2014-11-17,3.0380000000
2014-11-18,3.0010000000
2014-11-19,3.0420000000
2014-11-20,3.0195000000
2014-11-21,3.0335000000
2014-11-24,3.0080000000
2014-11-25,2.9735000000
2014-11-26,2.9630000000
2014-11-28,2.8560000000
2014-12-01,2.9105000000
2014-12-02,2.9025000000
2014-12-03,2.8810000000
2014-12-04,2.9235000000
2014-12-05,2.9135000000
2014-12-08,2.8955000000
2014-12-09,2.9355000000
2014-12-10,2.9025000000
2014-12-11,2.9305000000
2014-12-12,2.9415000000
2014-12-15,2.8875000000
2014-12-16,2.8670000000
2014-12-17,2.8770000000
2014-12-18,2.8600000000
2014-12-19,2.8925000000
2014-12-22,2.8810000000
2014-12-23,2.8755000000
2014-12-24,2.8635000000
2014-12-26,2.8235000000
2014-12-29,2.8295000000
2014-12-30,2.8540000000
2014-12-31,2.8255000000
2015-01-02,2.8175000000
2015-01-05,2.7660000000
2015-01-06,2.7670000000
2015-01-07,2.7585000000
2015-01-08,2.7695000000
2015-01-09,2.7545000000
2015-01-12,2.7255000000
2015-01-13,2.6440000000
2015-01-14,2.5055000000
2015-01-15,2.5580000000
2015-01-16,2.6170000000
2015-01-20,2.5940000000
2015-01-21,2.6125000000
2015-01-22,2.5785000000
2015-01-23,2.5015000000
2015-01-26,2.5430000000
2015-01-27,2.4625000000
2015-01-28,2.4795000000
2015-01-29,2.4545000000
2015-01-30,2.4955000000
2015-02-02,2.4925000000
2015-02-03,2.5830000000
2015-02-04,2.5915000000
2015-02-05,2.5960000000
2015-02-06,2.5880000000
2015-02-09,2.5840000000
2015-02-10,2.5570000000
2015-02-11,2.5440000000
2015-02-12,2.6045000000
2015-02-13,2.6110000000
2015-02-17,2.5860000000
2015-02-18,2.6165000000
2015-02-19,2.6230000000
2015-02-20,2.5980000000
2015-02-23,2.5940000000
2015-02-24,2.6480000000
2015-02-25,2.6570000000
2015-02-26,2.6945000000
2015-02-27,2.6915000000
2015-03-02,2.6975000000
2015-03-03,2.6565000000
2015-03-04,2.6595000000
2015-03-05,2.6525000000
2015-03-06,2.6090000000
2015-03-09,2.6705000000
2015-03-10,2.6240000000
2015-03-11,2.6060000000
2015-03-12,2.6585000000
2015-03-13,2.6635000000
2015-03-16,2.6675000000
2015-03-17,2.6330000000
2015-03-18,2.5705000000
2015-03-19,2.6600000000
2015-03-20,2.7610000000
2015-03-23,2.7895000000
2015-03-24,2.8030000000
2015-03-25,2.7920000000
2015-03-26,2.8110000000
2015-03-27,2.7675000000
2015-03-30,2.7825000000
2015-03-31,2.7410000000
2015-04-01,2.7500000000
2015-04-02,2.7360000000
2015-04-03,2.7360000000
2015-04-06,2.7190000000
2015-04-07,2.7645000000
2015-04-08,2.7335000000
2015-04-09,2.7305000000
2015-04-10,2.7365000000
2015-04-13,2.7210000000
2015-04-14,2.7025000000
2015-04-15,2.7125000000
2015-04-16,2.7720000000
2015-04-17,2.7725000000
2015-04-20,2.7330000000
2015-04-21,2.7050000000
2015-04-22,2.6735000000
2015-04-23,2.7000000000
2015-04-24,2.7520000000
2015-04-27,2.7750000000
2015-04-28,2.7840000000
2015-04-29,2.7990000000
2015-04-30,2.8865000000
2015-05-01,2.9295000000
2015-05-04,2.9205000000
2015-05-05,2.9350000000
2015-05-06,2.9260000000
2015-05-07,2.9180000000
2015-05-08,2.9205000000
2015-05-11,2.9030000000
2015-05-12,2.9315000000
2015-05-13,2.9290000000
2015-05-14,2.9235000000
2015-05-15,2.9245000000
2015-05-18,2.9065000000
2015-05-19,2.8375000000
2015-05-20,2.8290000000
2015-05-21,2.8485000000
2015-05-22,2.8110000000
2015-05-26,2.7780000000
2015-05-27,2.7685000000
2015-05-28,2.7720000000
2015-05-29,2.7330000000
2015-06-01,2.7250000000
2015-06-02,2.7400000000
2015-06-03,2.7300000000
2015-06-04,2.6910000000
2015-06-05,2.6960000000
2015-06-08,2.7005000000
2015-06-09,2.7180000000
2015-06-10,2.7520000000
2015-06-11,2.6740000000
2015-06-12,2.6830000000
2015-06-15,2.6500000000
2015-06-16,2.6195000000
2015-06-17,2.6080000000
2015-06-18,2.6110000000
2015-06-19,2.5750000000
2015-06-22,2.5720000000
2015-06-23,2.6165000000
2015-06-24,2.6255000000
2015-06-25,2.6210000000
2015-06-26,2.6395000000
2015-06-29,2.6335000000
2015-06-30,2.6150000000
2015-07-01,2.6305000000
2015-07-02,2.6310000000
2015-07-06,2.5380000000
2015-07-07,2.4465000000
2015-07-08,2.4970000000
2015-07-09,2.5515000000
2015-07-10,2.5375000000
2015-07-13,2.5445000000
2015-07-14,2.5350000000
2015-07-15,2.5215000000
2015-07-16,2.5230000000
2015-07-17,2.4960000000
2015-07-20,2.4815000000
2015-07-21,2.4745000000
2015-07-22,2.4280000000
2015-07-23,2.3855000000
2015-07-24,2.3825000000
2015-07-27,2.3535000000
2015-07-28,2.4025000000
2015-07-29,2.4075000000
2015-07-30,2.3820000000
2015-07-31,2.3690000000
2015-08-03,2.3520000000
2015-08-04,2.3675000000
2015-08-05,2.3540000000
2015-08-06,2.3450000000
2015-08-07,2.3370000000
2015-08-10,2.4050000000
2015-08-11,2.3350000000
2015-08-12,2.3520000000
2015-08-13,2.3540000000
2015-08-14,2.3515000000
2015-08-17,2.3215000000
2015-08-18,2.2860000000
2015-08-19,2.2775000000
2015-08-20,2.3195000000
2015-08-21,2.3020000000
2015-08-24,2.2545000000
2015-08-25,2.3080000000
2015-08-26,2.2440000000
2015-08-27,2.3340000000
2015-08-28,2.3460000000
2015-08-31,2.3385000000
2015-09-01,2.3025000000
2015-09-02,2.3315000000
2015-09-03,2.3850000000
2015-09-04,2.3125000000
2015-09-08,2.4330000000
2015-09-09,2.4375000000
2015-09-10,2.4480000000
2015-09-11,2.4545000000
2015-09-14,2.4075000000
2015-09-15,2.4285000000
2015-09-16,2.4530000000
2015-09-17,2.4530000000
2015-09-18,2.3875000000
2015-09-21,2.3895000000
2015-09-22,2.2990000000
2015-09-23,2.2970000000
2015-09-24,2.3040000000
2015-09-25,2.2855000000
2015-09-28,2.2520000000
2015-09-29,2.2515000000
2015-09-30,2.3410000000
2015-10-01,2.3045000000
2015-10-02,2.3255000000
2015-10-05,2.3555000000
2015-10-06,2.3550000000
2015-10-07,2.3670000000
2015-10-08,2.3430000000
2015-10-09,2.4140000000
2015-10-12,2.4155000000
2015-10-13,2.3875000000
2015-10-14,2.4155000000
2015-10-15,2.4230000000
2015-10-16,2.4035000000
2015-10-19,2.3675000000
2015-10-20,2.3655000000
2015-10-21,2.3605000000
2015-10-22,2.3835000000
2015-10-23,2.3500000000
2015-10-26,2.3570000000
2015-10-27,2.3620000000
2015-10-28,2.3625000000
2015-10-29,2.3265000000
2015-10-30,2.3235000000
2015-11-02,2.3240000000
2015-11-03,2.3360000000
2015-11-04,2.3280000000
2015-11-05,2.2620000000
2015-11-06,2.2500000000
2015-11-09,2.2375000000
2015-11-10,2.2230000000
2015-11-11,2.2240000000
2015-11-12,2.1790000000
2015-11-13,2.1740000000
2015-11-16,2.1225000000
2015-11-17,2.1095000000
2015-11-18,2.0825000000
2015-11-19,2.0820000000
2015-11-20,2.0580000000
2015-11-23,2.0210000000
2015-11-24,2.0620000000
2015-11-25,2.0505000000
2015-11-27,2.0555000000
2015-11-30,2.0460000000
2015-12-01,2.0715000000
2015-12-02,2.0325000000
2015-12-03,2.0605000000
2015-12-04,2.0775000000
2015-12-07,2.0490000000
2015-12-08,2.0525000000
2015-12-09,2.0645000000
2015-12-10,2.0705000000
2015-12-11,2.1135000000
2015-12-14,2.1090000000
2015-12-15,2.0540000000
2015-12-16,2.0690000000
2015-12-17,2.0410000000
2015-12-18,2.1100000000
2015-12-21,2.1375000000
2015-12-22,2.1060000000
2015-12-23,2.1210000000
2015-12-24,2.1205000000
2015-12-28,2.0755000000
2015-12-29,2.1320000000
2015-12-30,2.1465000000
2015-12-31,2.1350000000
2016-01-04,2.0795000000
2016-01-05,2.0955000000
2016-01-06,2.0880000000
2016-01-07,2.0220000000
2016-01-08,2.0220000000
2016-01-11,1.9725000000
2016-01-12,1.9590000000
2016-01-13,1.9560000000
2016-01-14,1.9760000000
2016-01-15,1.9435000000
2016-01-19,1.9775000000
2016-01-20,1.9595000000
2016-01-21,1.9965000000
2016-01-22,2.0025000000
2016-01-25,1.9980000000
2016-01-26,2.0375000000
2016-01-27,2.0640000000
2016-01-28,2.0555000000
2016-01-29,2.0705000000
2016-02-01,2.0590000000
2016-02-02,2.0585000000
2016-02-03,2.0975000000
2016-02-04,2.1340000000
2016-02-05,2.1050000000
2016-02-08,2.0915000000
2016-02-09,2.0415000000
2016-02-10,2.0290000000
2016-02-11,2.0085000000
2016-02-12,2.0310000000
2016-02-16,2.0540000000
2016-02-17,2.0770000000
2016-02-18,2.0745000000
2016-02-19,2.0775000000
2016-02-22,2.1160000000
2016-02-23,2.1070000000
2016-02-24,2.0980000000
2016-02-25,2.0700000000
2016-02-26,2.1250000000
2016-02-29,2.1325000000
2016-03-01,2.1455000000
2016-03-02,2.1810000000
2016-03-03,2.2085000000
2016-03-04,2.2745000000
2016-03-07,2.2835000000
2016-03-08,2.2220000000
2016-03-09,2.2325000000
2016-03-10,2.2200000000
2016-03-11,2.2410000000
2016-03-14,2.2395000000
2016-03-15,2.2335000000
2016-03-16,2.2340000000
2016-03-17,2.2925000000
2016-03-18,2.2825000000
2016-03-21,2.2925000000
2016-03-22,2.2895000000
2016-03-23,2.2355000000
2016-03-24,2.2290000000
2016-03-28,2.2460000000
2016-03-29,2.2140000000
2016-03-30,2.1950000000
2016-03-31,2.1880000000
2016-04-01,2.1685000000
2016-04-04,2.1460000000
2016-04-05,2.1440000000
2016-04-06,2.1500000000
2016-04-07,2.0840000000
2016-04-08,2.0930000000
2016-04-11,2.0950000000
2016-04-12,2.1505000000
2016-04-13,2.1725000000
2016-04-14,2.1755000000
2016-04-15,2.1575000000
2016-04-18,2.1695000000
2016-04-19,2.2280000000
2016-04-20,2.2415000000
2016-04-21,2.2530000000
2016-04-22,2.2665000000
2016-04-25,2.2540000000
2016-04-26,2.2430000000
2016-04-27,2.2205000000
2016-04-28,2.2315000000
2016-04-29,2.2835000000
2016-05-02,2.2665000000
2016-05-03,2.2190000000
2016-05-04,2.1865000000
2016-05-05,2.1540000000
2016-05-06,2.1540000000
2016-05-09,2.1065000000
2016-05-10,2.0925000000
2016-05-11,2.1035000000
2016-05-12,2.0745000000
2016-05-13,2.0740000000
2016-05-16,2.0890000000
2016-05-17,2.0890000000
2016-05-18,2.0785000000
2016-05-19,2.0610000000
2016-05-20,2.0555000000
2016-05-23,2.0550000000
2016-05-24,2.0665000000
2016-05-25,2.1015000000
2016-05-26,2.1025000000
2016-05-27,2.1190000000
2016-05-31,2.1000000000
2016-06-01,2.0775000000
2016-06-02,2.0740000000
2016-06-03,2.1155000000
2016-06-06,2.1210000000
2016-06-07,2.0545000000
2016-06-08,2.0650000000
2016-06-09,2.0420000000
2016-06-10,2.0330000000
2016-06-13,2.0550000000
2016-06-14,2.0420000000
2016-06-15,2.0920000000
2016-06-16,2.0505000000
2016-06-17,2.0535000000
2016-06-20,2.0945000000
2016-06-21,2.1165000000
2016-06-22,2.1350000000
2016-06-23,2.1635000000
2016-06-24,2.1130000000
2016-06-27,2.1235000000
2016-06-28,2.1730000000
2016-06-29,2.1860000000
2016-06-30,2.1955000000
2016-07-01,2.2170000000
2016-07-05,2.1835000000
2016-07-06,2.1535000000
2016-07-07,2.1235000000
2016-07-08,2.1190000000
2016-07-11,2.1475000000
2016-07-12,2.2130000000
2016-07-13,2.2400000000
2016-07-14,2.2430000000
2016-07-15,2.2335000000
2016-07-18,2.2370000000
2016-07-19,2.2630000000
2016-07-20,2.2540000000
2016-07-21,2.2585000000
2016-07-22,2.2355000000
2016-07-25,2.2170000000
2016-07-26,2.2255000000
2016-07-27,2.1850000000
2016-07-28,2.2125000000
2016-07-29,2.2250000000
2016-08-01,2.2045000000
2016-08-02,2.2140000000
2016-08-03,2.2035000000
2016-08-04,2.1800000000
2016-08-05,2.1600000000
2016-08-08,2.1700000000
2016-08-09,2.1545000000
2016-08-10,2.1750000000
2016-08-11,2.1940000000
2016-08-12,2.1440000000
2016-08-15,2.1560000000
2016-08-16,2.1760000000
2016-08-17,2.1570000000
2016-08-18,2.1725000000
2016-08-19,2.1715000000
2016-08-22,2.1455000000
2016-08-23,2.1200000000
2016-08-24,2.0800000000
2016-08-25,2.0790000000
2016-08-26,2.0815000000
2016-08-29,2.0765000000
2016-08-30,2.0745000000
2016-08-31,2.0750000000
2016-09-01,2.0735000000
2016-09-02,2.0760000000
2016-09-06,2.0880000000
2016-09-07,2.0970000000
2016-09-08,2.0995000000
2016-09-09,2.0920000000
2016-09-12,2.0995000000
2016-09-13,2.1000000000
2016-09-14,2.1535000000
2016-09-15,2.1570000000
2016-09-16,2.1570000000
2016-09-19,2.1545000000
2016-09-20,2.1615000000
2016-09-21,2.1510000000
2016-09-22,2.1925000000
2016-09-23,2.1975000000
2016-09-26,2.1955000000
2016-09-27,2.1675000000
2016-09-28,2.1845000000
2016-09-29,2.1900000000
2016-09-30,2.2105000000
2016-10-03,2.1920000000
2016-10-04,2.1670000000
2016-10-05,2.1645000000
2016-10-06,2.1555000000
2016-10-07,2.1635000000
2016-10-10,2.1975000000
2016-10-11,2.1855000000
2016-10-12,2.1765000000
2016-10-13,2.1220000000
2016-10-14,2.1105000000
2016-10-17,2.1070000000
2016-10-18,2.1055000000
2016-10-19,2.1035000000
2016-10-20,2.0960000000
2016-10-21,2.0885000000
2016-10-24,2.0930000000
2016-10-25,2.1385000000
2016-10-26,2.1455000000
2016-10-27,2.1635000000
2016-10-28,2.1970000000
2016-10-31,2.2080000000
2016-11-01,2.2315000000
2016-11-02,2.2335000000
2016-11-03,2.2520000000
2016-11-04,2.2685000000
2016-11-07,2.3135000000
2016-11-08,2.3830000000
2016-11-09,2.4615000000
2016-11-10,2.5540000000
2016-11-11,2.5125000000
2016-11-14,2.5235000000
2016-11-15,2.5075000000
2016-11-16,2.4705000000
2016-11-17,2.4935000000
2016-11-18,2.4700000000
2016-11-21,2.5195000000
2016-11-22,2.5480000000
2016-11-23,2.6095000000
2016-11-25,2.6730000000
2016-11-28,2.6610000000
2016-11-29,2.6065000000
2016-11-30,2.6295000000
2016-12-01,2.6390000000
2016-12-02,2.6220000000
2016-12-05,2.6945000000
2016-12-06,2.6770000000
2016-12-07,2.6415000000
2016-12-08,2.6235000000
2016-12-09,2.6450000000
2016-12-12,2.6160000000
2016-12-13,2.5950000000
2016-12-14,2.6015000000
2016-12-15,2.5970000000
2016-12-16,2.5610000000
2016-12-19,2.4965000000
2016-12-20,2.4995000000
2016-12-21,2.4940000000
2016-12-22,2.4970000000
2016-12-23,2.4760000000
2016-12-27,2.5125000000
2016-12-28,2.4970000000
2016-12-29,2.4880000000
2016-12-30,2.5055000000
2017-01-03,2.4890000000
2017-01-04,2.5565000000
2017-01-05,2.5375000000
2017-01-06,2.5460000000
2017-01-09,2.5385000000
2017-01-10,2.6125000000
2017-01-11,2.6105000000
2017-01-12,2.6715000000
2017-01-13,2.6900000000
2017-01-17,2.6250000000
2017-01-18,2.6165000000
2017-01-19,2.6105000000
2017-01-20,2.6250000000
2017-01-23,2.6475000000
2017-01-24,2.7085000000
2017-01-25,2.7100000000
2017-01-26,2.6730000000
2017-01-27,2.6895000000
2017-01-30,2.6610000000
2017-01-31,2.7335000000
2017-02-01,2.7175000000
2017-02-02,2.6925000000
2017-02-03,2.6225000000
2017-02-06,2.6580000000
2017-02-07,2.6395000000
2017-02-08,2.6735000000
2017-02-09,2.6605000000
2017-02-10,2.7750000000
2017-02-13,2.7900000000
2017-02-14,2.7460000000
2017-02-15,2.7520000000
2017-02-16,2.7280000000
2017-02-17,2.7140000000
2017-02-21,2.7515000000
2017-02-22,2.7400000000
2017-02-23,2.6515000000
2017-02-24,2.6885000000
2017-02-27,2.6980000000
2017-02-28,2.7140000000
2017-03-01,2.7360000000
2017-03-02,2.6905000000
2017-03-03,2.6965000000
2017-03-06,2.6520000000
2017-03-07,2.6185000000
2017-03-08,2.6005000000
2017-03-09,2.5800000000
2017-03-10,2.5950000000
2017-03-13,2.6255000000
2017-03-14,2.6350000000
2017-03-15,2.6565000000
2017-03-16,2.6775000000
2017-03-17,2.6915000000
2017-03-20,2.6670000000
2017-03-21,2.6185000000
2017-03-22,2.6305000000
2017-03-23,2.6445000000
2017-03-24,2.6310000000
2017-03-27,2.6320000000
2017-03-28,2.6760000000
2017-03-29,2.6775000000
2017-03-30,2.6785000000
2017-03-31,2.6600000000
2017-04-03,2.6120000000
2017-04-04,2.6210000000
2017-04-05,2.6885000000
2017-04-06,2.6660000000
2017-04-07,2.6545000000
2017-04-10,2.6110000000
2017-04-11,2.6155000000
2017-04-12,2.5535000000
2017-04-13,2.5785000000
2017-04-17,2.6040000000
2017-04-18,2.5345000000
2017-04-19,2.5425000000
2017-04-20,2.5505000000
2017-04-21,2.5455000000
2017-04-24,2.5595000000
2017-04-25,2.5855000000
2017-04-26,2.5955000000
2017-04-27,2.5930000000
2017-04-28,2.6025000000
2017-05-01,2.6560000000
2017-05-02,2.6310000000
2017-05-03,2.5500000000
2017-05-04,2.5185000000
2017-05-05,2.5355000000
2017-05-08,2.5000000000
2017-05-09,2.5040000000
2017-05-10,2.5000000000
2017-05-11,2.5135000000
2017-05-12,2.5295000000
2017-05-15,2.5445000000
2017-05-16,2.5565000000
2017-05-17,2.5530000000
2017-05-18,2.5380000000
2017-05-19,2.5880000000
2017-05-22,2.6020000000
2017-05-23,2.6025000000
2017-05-24,2.5900000000
2017-05-25,2.6035000000
2017-05-26,2.5730000000
2017-05-30,2.5780000000
2017-05-31,2.5930000000
2017-06-01,2.5990000000
2017-06-02,2.5865000000
2017-06-05,2.5700000000
2017-06-06,2.5595000000
2017-06-07,2.5640000000
2017-06-08,2.6195000000
2017-06-09,2.6585000000
2017-06-12,2.6270000000
2017-06-13,2.6090000000
2017-06-14,2.5875000000
2017-06-15,2.5805000000
2017-06-16,2.5715000000
2017-06-19,2.5980000000
2017-06-20,2.5640000000
2017-06-21,2.6085000000
2017-06-22,2.6040000000
2017-06-23,2.6295000000
2017-06-26,2.6325000000
2017-06-27,2.6545000000
2017-06-28,2.6685000000
2017-06-29,2.6955000000
2017-06-30,2.7110000000
2017-07-03,2.6930000000
2017-07-05,2.6600000000
2017-07-06,2.6615000000
2017-07-07,2.6470000000
2017-07-10,2.6475000000
2017-07-11,2.6720000000
2017-07-12,2.6840000000
2017-07-13,2.6615000000
2017-07-14,2.6910000000
2017-07-17,2.7240000000
2017-07-18,2.7305000000
2017-07-19,2.7105000000
2017-07-20,2.7160000000
2017-07-21,2.7225000000
2017-07-24,2.7365000000
2017-07-25,2.8465000000
2017-07-26,2.8720000000
2017-07-27,2.8775000000
2017-07-28,2.8825000000
2017-07-31,2.9000000000
2017-08-01,2.8890000000
2017-08-02,2.8915000000
2017-08-03,2.8850000000
2017-08-04,2.8925000000
2017-08-07,2.9150000000
2017-08-08,2.9500000000
2017-08-09,2.9345000000
2017-08-10,2.9110000000
2017-08-11,2.9330000000
2017-08-14,2.9270000000
2017-08-15,2.9060000000
2017-08-16,2.9760000000
2017-08-17,2.9610000000
2017-08-18,2.9615000000
2017-08-21,3.0015000000
2017-08-22,3.0075000000
2017-08-23,3.0030000000
2017-08-24,3.0565000000
2017-08-25,3.0565000000
2017-08-28,3.0860000000
2017-08-29,3.1045000000
2017-08-30,3.0945000000
2017-08-31,3.1060000000
2017-09-01,3.1245000000
2017-09-05,3.1345000000
2017-09-06,3.1585000000
2017-09-07,3.1505000000
2017-09-08,3.0485000000
2017-09-11,3.0730000000
2017-09-12,3.0430000000
2017-09-13,2.9880000000
2017-09-14,2.9645000000
2017-09-15,2.9560000000
2017-09-18,2.9760000000
2017-09-19,2.9760000000
2017-09-20,2.9760000000
2017-09-21,2.9415000000
2017-09-22,2.9515000000
2017-09-25,2.9445000000
2017-09-26,2.9260000000
2017-09-27,2.9365000000
2017-09-28,2.9950000000
2017-09-29,2.9550000000
2017-10-02,2.9555000000
2017-10-03,2.9635000000
2017-10-04,2.9590000000
2017-10-05,3.0465000000
2017-10-06,3.0290000000
2017-10-09,3.0310000000
2017-10-10,3.0605000000
2017-10-11,3.0955000000
2017-10-12,3.1200000000
2017-10-13,3.1335000000
2017-10-16,3.2390000000
2017-10-17,3.1955000000
2017-10-18,3.1780000000
2017-10-19,3.1675000000
2017-10-20,3.1655000000
2017-10-23,3.1880000000
2017-10-24,3.1980000000
2017-10-25,3.1830000000
2017-10-26,3.1775000000
2017-10-27,3.1035000000
2017-10-30,3.1190000000
2017-10-31,3.1080000000
2017-11-01,3.1495000000
2017-11-02,3.1505000000
2017-11-03,3.1250000000
2017-11-06,3.1650000000
2017-11-07,3.0970000000
2017-11-08,3.1065000000
2017-11-09,3.0935000000
2017-11-10,3.0835000000
2017-11-13,3.1240000000
2017-11-14,3.0730000000
2017-11-15,3.0620000000
2017-11-16,3.0560000000
2017-11-17,3.0755000000
2017-11-20,3.1005000000
2017-11-21,3.1355000000
2017-11-22,3.1440000000
2017-11-24,3.1765000000
2017-11-27,3.1420000000
2017-11-28,3.0815000000
2017-11-29,3.0600000000
2017-11-30,3.0555000000
2017-12-01,3.0840000000
2017-12-04,3.0810000000
2017-12-05,2.9375000000
2017-12-06,2.9535000000
2017-12-07,2.9560000000
2017-12-08,2.9705000000
2017-12-11,3.0035000000
2017-12-12,3.0145000000
2017-12-13,3.0445000000
2017-12-14,3.0635000000
2017-12-15,3.1250000000
2017-12-18,3.1375000000
2017-12-19,3.1430000000
2017-12-20,3.1870000000
2017-12-21,3.2100000000
2017-12-22,3.2295000000
2017-12-26,3.2715000000
2017-12-27,3.2740000000
2017-12-28,3.3085000000
2017-12-29,3.3005000000
2018-01-02,3.2780000000
2018-01-03,3.2575000000
2018-01-04,3.2630000000
2018-01-05,3.2295000000
2018-01-08,3.2240000000
2018-01-09,3.2160000000
2018-01-10,3.2355000000
2018-01-11,3.2330000000
2018-01-12,3.2185000000
2018-01-16,3.2195000000
2018-01-17,3.1890000000
2018-01-18,3.1990000000
2018-01-19,3.1875000000
2018-01-22,3.1985000000
2018-01-23,3.1110000000
2018-01-24,3.2285000000
2018-01-25,3.2165000000
2018-01-26,3.1990000000
2018-01-29,3.1940000000
2018-01-30,3.1995000000
2018-01-31,3.2065000000
2018-02-01,3.2200000000
2018-02-02,3.1980000000
2018-02-05,3.2315000000
2018-02-06,3.2000000000
2018-02-07,3.0980000000
2018-02-08,3.0920000000
2018-02-09,3.0435000000
2018-02-12,3.0965000000
2018-02-13,3.1715000000
2018-02-14,3.2450000000
2018-02-15,3.2545000000
2018-02-16,3.2580000000
2018-02-20,3.2015000000
2018-02-21,3.2260000000
2018-02-22,3.2505000000
2018-02-23,3.2230000000
2018-02-26,3.2115000000
2018-02-27,3.1865000000
2018-02-28,3.1325000000
2018-03-01,3.1230000000
2018-03-02,3.1245000000
2018-03-05,3.1280000000
2018-03-06,3.1590000000
2018-03-07,3.1360000000
2018-03-08,3.0790000000
2018-03-09,3.1360000000
2018-03-12,3.1240000000
2018-03-13,3.1380000000
2018-03-14,3.1585000000
2018-03-15,3.1275000000
2018-03-16,3.1075000000
2018-03-19,3.0820000000
2018-03-20,3.0380000000
2018-03-21,3.0585000000
2018-03-22,3.0200000000
2018-03-23,2.9930000000
2018-03-26,2.9700000000
2018-03-27,3.0005000000
2018-03-28,3.0135000000
2018-03-29,3.0370000000
2018-04-02,3.0610000000
2018-04-03,3.0745000000
2018-04-04,3.0210000000
2018-04-05,3.0850000000
2018-04-06,3.0690000000
2018-04-09,3.0865000000
2018-04-10,3.1460000000
2018-04-11,3.1265000000
2018-04-12,3.0740000000
2018-04-13,3.0820000000
2018-04-16,3.1065000000
2018-04-17,3.0915000000
2018-04-18,3.1700000000
2018-04-19,3.1425000000
2018-04-20,3.1450000000
2018-04-23,3.1205000000
2018-04-24,3.1525000000
2018-04-25,3.1460000000
2018-04-26,3.1265000000
2018-04-27,3.0695000000
2018-04-30,3.0740000000
2018-05-01,3.0375000000
2018-05-02,3.0685000000
2018-05-03,3.0805000000
2018-05-04,3.0855000000
2018-05-07,3.0790000000
2018-05-08,3.0590000000
2018-05-09,3.0575000000
2018-05-10,3.1100000000
2018-05-11,3.1115000000
2018-05-14,3.0930000000
2018-05-15,3.0560000000
2018-05-16,3.0705000000
2018-05-17,3.0890000000
2018-05-18,3.0635000000
2018-05-21,3.0985000000
2018-05-22,3.1320000000
2018-05-23,3.0705000000
2018-05-24,3.0960000000
2018-05-25,3.0775000000
2018-05-29,3.0625000000
2018-05-30,3.0795000000
2018-05-31,3.0750000000
2018-06-01,3.1085000000
2018-06-04,3.1440000000
2018-06-05,3.2080000000
2018-06-06,3.2720000000
2018-06-07,3.2845000000
2018-06-08,3.3100000000
2018-06-11,3.2665000000
2018-06-12,3.2595000000
2018-06-13,3.2635000000
2018-06-14,3.2320000000
2018-06-15,3.1555000000
2018-06-18,3.1175000000
2018-06-19,3.0580000000
2018-06-20,3.0510000000
2018-06-21,3.0325000000
2018-06-22,3.0380000000
2018-06-25,2.9985000000
2018-06-26,3.0050000000
2018-06-27,2.9975000000
2018-06-28,2.9715000000
2018-06-29,2.9660000000
2018-07-02,2.9440000000
2018-07-03,2.9170000000
2018-07-05,2.8260000000
2018-07-06,2.8240000000
2018-07-09,2.8500000000
2018-07-10,2.8395000000
2018-07-11,2.7435000000
2018-07-12,2.7770000000
2018-07-13,2.7755000000
2018-07-16,2.7645000000
2018-07-17,2.7470000000
2018-07-18,2.7600000000
2018-07-19,2.6955000000
2018-07-20,2.7560000000
2018-07-23,2.7465000000
2018-07-24,2.8105000000
2018-07-25,2.8175000000
2018-07-26,2.8180000000
2018-07-27,2.8020000000
2018-07-30,2.8010000000
2018-07-31,2.8405000000
2018-08-01,2.7570000000
2018-08-02,2.7455000000
2018-08-03,2.7715000000
2018-08-06,2.7385000000
2018-08-07,2.7590000000
2018-08-08,2.7575000000
2018-08-09,2.7725000000
2018-08-10,2.7500000000
2018-08-13,2.7380000000
2018-08-14,2.6900000000
2018-08-15,2.5680000000
2018-08-16,2.6230000000
2018-08-17,2.6350000000
2018-08-20,2.6745000000
2018-08-21,2.7005000000
2018-08-22,2.6800000000
2018-08-23,2.6620000000
2018-08-24,2.7085000000
2018-08-27,2.7170000000
2018-08-28,2.7450000000
2018-08-29,2.7195000000
2018-08-30,2.7095000000
2018-08-31,2.6645000000
2018-09-04,2.5965000000
2018-09-05,2.6040000000
2018-09-06,2.6300000000
2018-09-07,2.6160000000
2018-09-10,2.6215000000
2018-09-11,2.6150000000
2018-09-12,2.6690000000
2018-09-13,2.6760000000
2018-09-14,2.6380000000
2018-09-17,2.6435000000
2018-09-18,2.7230000000
2018-09-19,2.7215000000
2018-09-20,2.7315000000
2018-09-21,2.8480000000
2018-09-24,2.8270000000
2018-09-25,2.8145000000
2018-09-26,2.8185000000
2018-09-27,2.7830000000
2018-09-28,2.8050000000
2018-10-01,2.7875000000
2018-10-02,2.8065000000
2018-10-03,2.8340000000
2018-10-04,2.7775000000
2018-10-05,2.7630000000
2018-10-08,2.7670000000
2018-10-09,2.8065000000
2018-10-10,2.7805000000
2018-10-11,2.8030000000
2018-10-12,2.8005000000
2018-10-15,2.7885000000
2018-10-16,2.7795000000
2018-10-17,2.7780000000
2018-10-18,2.7465000000
2018-10-19,2.7780000000
2018-10-22,2.7855000000
2018-10-23,2.7580000000
2018-10-24,2.7575000000
2018-10-25,2.7545000000
2018-10-26,2.7410000000
2018-10-29,2.7405000000
2018-10-30,2.6725000000
2018-10-31,2.6670000000
2018-11-01,2.7285000000
2018-11-02,2.8130000000
2018-11-05,2.7640000000
2018-11-06,2.7395000000
2018-11-07,2.7610000000
2018-11-08,2.7425000000
2018-11-09,2.6910000000
2018-11-12,2.6845000000
2018-11-13,2.6950000000
2018-11-14,2.7180000000
2018-11-15,2.7540000000
2018-11-16,2.8035000000
2018-11-19,2.8035000000
2018-11-20,2.7715000000
2018-11-21,2.8005000000
2018-11-22,2.7980000000
2018-11-23,2.7740000000
2018-11-26,2.7635000000
2018-11-27,2.7160000000
2018-11-28,2.8050000000
2018-11-29,2.7880000000
2018-11-30,2.7865000000
2018-12-03,2.8085000000
2018-12-04,2.7570000000
2018-12-05,2.7750000000
2018-12-06,2.7440000000
2018-12-07,2.7595000000
2018-12-10,2.7200000000
2018-12-11,2.7680000000
2018-12-12,2.7715000000
2018-12-13,2.7665000000
2018-12-14,2.7615000000
2018-12-17,2.7545000000
2018-12-18,2.6650000000
2018-12-19,2.7195000000
2018-12-20,2.7005000000
2018-12-21,2.6765000000
2018-12-24,2.6660000000
2018-12-25,2.6610000000
2018-12-26,2.7045000000
2018-12-27,2.6710000000
2018-12-28,2.6815000000
2018-12-31,2.6310000000
2019-01-01,2.6520000000
2019-01-02,2.6230000000
2019-01-03,2.5680000000
2019-01-04,2.6475000000
2019-01-07,2.6370000000
2019-01-08,2.6560000000
2019-01-09,2.6570000000
2019-01-10,2.6375000000
2019-01-11,2.6620000000
2019-01-14,2.6350000000
2019-01-15,2.6345000000
2019-01-16,2.6735000000
2019-01-17,2.6800000000
2019-01-18,2.7190000000
2019-01-20,2.7090000000
2019-01-21,2.6820000000
2019-01-22,2.6595000000
2019-01-23,2.6545000000
2019-01-24,2.6445000000
2019-01-25,2.7290000000
2019-01-28,2.6800000000
2019-01-29,2.7250000000
2019-01-30,2.7720000000
2019-01-31,2.7890000000
2019-02-01,2.7775000000
2019-02-04,2.7975000000
2019-02-05,2.8205000000
2019-02-06,2.8400000000
2019-02-07,2.8320000000
2019-02-08,2.8140000000
2019-02-11,2.7930000000
2019-02-12,2.7750000000
2019-02-13,2.7760000000
2019-02-14,2.7785000000
2019-02-15,2.8025000000
2019-02-17,2.8160000000
2019-02-18,2.8380000000
2019-02-19,2.8775000000
2019-02-20,2.9200000000
2019-02-21,2.8975000000
2019-02-22,2.9490000000
2019-02-25,2.9470000000
2019-02-26,2.9480000000
2019-02-27,2.9625000000
2019-02-28,2.9480000000
2019-03-01,2.9320000000
2019-03-04,2.9090000000
2019-03-05,2.9335000000
2019-03-06,2.9185000000
2019-03-07,2.9105000000
2019-03-08,2.8935000000
2019-03-11,2.9010000000
2019-03-12,2.9285000000
2019-03-13,2.9355000000
2019-03-14,2.8915000000
2019-03-15,2.9060000000
2019-03-18,2.9090000000
2019-03-19,2.9230000000
2019-03-20,2.9210000000
2019-03-21,2.9060000000
2019-03-22,2.8425000000
2019-03-25,2.8565000000
2019-03-26,2.8540000000
2019-03-27,2.8630000000
2019-03-28,2.8770000000
2019-03-29,2.9395000000
2019-04-01,2.9285000000
2019-04-02,2.9105000000
2019-04-03,2.9525000000
2019-04-04,2.9150000000
2019-04-05,2.9000000000
2019-04-08,2.9370000000
2019-04-09,2.9385000000
2019-04-10,2.9305000000
2019-04-11,2.8920000000
2019-04-12,2.9495000000
2019-04-15,2.9385000000
2019-04-16,2.9345000000
2019-04-17,2.9700000000
2019-04-18,2.9230000000
2019-04-19,2.9180000000
2019-04-22,2.9050000000
2019-04-23,2.8980000000
2019-04-24,2.9135000000
2019-04-25,2.8650000000
2019-04-26,2.8915000000
2019-04-29,2.8970000000
2019-04-30,2.9040000000
2019-05-01,2.8015000000
2019-05-02,2.7795000000
2019-05-03,2.8190000000
2019-05-06,2.8295000000
2019-05-07,2.7855000000
2019-05-08,2.7745000000
2019-05-09,2.7715000000
2019-05-10,2.7745000000
2019-05-13,2.7190000000
2019-05-14,2.7250000000
2019-05-15,2.7430000000
2019-05-16,2.7480000000
2019-05-17,2.7385000000
2019-05-20,2.7260000000
2019-05-21,2.7150000000
2019-05-22,2.6780000000
2019-05-23,2.6805000000
2019-05-24,2.6995000000
2019-05-26,2.7010000000
2019-05-27,2.7130000000
2019-05-28,2.6960000000
2019-05-29,2.6640000000
2019-05-30,2.6565000000
2019-05-31,2.6405000000
2019-06-03,2.6510000000
2019-06-04,2.6700000000
2019-06-05,2.6245000000
2019-06-06,2.6515000000
2019-06-07,2.6295000000
2019-06-10,2.6625000000
2019-06-11,2.6730000000
2019-06-12,2.6550000000
2019-06-13,2.6580000000
2019-06-14,2.6310000000
2019-06-17,2.6455000000
2019-06-18,2.7025000000
2019-06-19,2.6805000000
2019-06-20,2.7125000000
2019-06-21,2.7055000000
2019-06-24,2.7065000000
2019-06-25,2.7365000000
2019-06-26,2.7155000000
2019-06-27,2.7165000000
2019-06-28,2.7135000000
2019-07-01,2.6880000000
2019-07-02,2.6640000000
2019-07-03,2.6830000000
2019-07-04,2.6800000000
2019-07-05,2.6610000000
2019-07-08,2.6590000000
2019-07-09,2.6250000000
2019-07-10,2.6940000000
2019-07-11,2.6875000000
2019-07-12,2.6940000000
2019-07-15,2.7110000000
2019-07-16,2.7000000000
2019-07-17,2.7160000000
2019-07-18,2.7100000000
2019-07-19,2.7525000000
2019-07-22,2.7220000000
2019-07-23,2.7000000000
2019-07-24,2.7120000000
2019-07-25,2.7035000000
2019-07-26,2.6850000000
2019-07-29,2.7175000000
2019-07-30,2.6830000000
2019-07-31,2.6715000000
2019-08-01,2.6705000000
2019-08-02,2.5775000000
2019-08-05,2.5490000000
2019-08-06,2.5615000000
2019-08-07,2.5750000000
2019-08-08,2.6105000000
2019-08-09,2.5925000000
2019-08-12,2.5880000000
2019-08-13,2.6335000000
2019-08-14,2.5955000000
2019-08-15,2.5985000000
2019-08-16,2.5985000000
2019-08-19,2.6050000000
2019-08-20,2.5815000000
2019-08-21,2.5890000000
2019-08-22,2.5615000000
2019-08-23,2.5345000000
2019-08-26,2.5465000000
2019-08-27,2.5500000000
2019-08-28,2.5590000000
2019-08-29,2.5735000000
2019-08-30,2.5470000000
2019-09-01,2.5520000000
2019-09-02,2.5320000000
2019-09-03,2.5235000000
2019-09-04,2.5900000000
2019-09-05,2.6365000000
2019-09-06,2.6285000000
2019-09-09,2.6215000000
2019-09-10,2.6225000000
2019-09-11,2.6090000000
2019-09-12,2.6350000000
2019-09-13,2.6935000000
2019-09-16,2.6340000000
2019-09-17,2.6215000000
2019-09-18,2.6075000000
2019-09-19,2.6030000000
2019-09-20,2.6015000000
2019-09-23,2.6065000000
2019-09-24,2.6015000000
2019-09-25,2.6060000000
2019-09-26,2.5710000000
2019-09-27,2.5975000000
2019-09-30,2.5785000000
2019-10-01,2.5605000000
2019-10-02,2.5705000000
2019-10-03,2.5535000000
2019-10-04,2.5625000000
2019-10-07,2.5770000000
2019-10-08,2.5685000000
2019-10-09,2.5680000000
2019-10-10,2.6135000000
2019-10-11,2.6280000000
2019-10-14,2.6340000000
2019-10-15,2.6140000000
2019-10-16,2.5895000000
2019-10-17,2.5975000000
2019-10-18,2.6360000000
2019-10-21,2.6465000000
2019-10-22,2.6330000000
2019-10-23,2.6715000000
2019-10-24,2.6680000000
2019-10-25,2.6755000000
2019-10-28,2.6830000000
2019-10-29,2.6915000000
2019-10-30,2.6905000000
2019-10-31,2.6425000000
2019-11-01,2.6575000000
2019-11-04,2.6755000000
2019-11-05,2.7050000000
2019-11-06,2.6695000000
2019-11-07,2.7320000000
2019-11-08,2.6860000000
2019-11-11,2.6680000000
2019-11-12,2.6500000000
2019-11-13,2.6435000000
2019-11-14,2.6265000000
2019-11-15,2.6425000000
2019-11-18,2.6245000000
2019-11-19,2.6590000000
2019-11-20,2.6520000000
2019-11-21,2.6275000000
2019-11-22,2.6515000000
2019-11-25,2.6535000000
2019-11-26,2.6860000000
2019-11-27,2.6905000000
2019-11-28,2.6700000000
2019-11-29,2.6560000000
2019-12-02,2.6455000000
2019-12-03,2.6180000000
2019-12-04,2.6545000000
2019-12-05,2.6585000000
2019-12-06,2.7205000000
2019-12-09,2.7540000000
2019-12-10,2.7615000000
2019-12-11,2.7855000000
2019-12-12,2.7925000000
2019-12-13,2.7775000000
2019-12-16,2.8090000000
2019-12-17,2.8125000000
2019-12-18,2.8110000000
2019-12-19,2.8265000000
2019-12-20,2.8050000000
2019-12-23,2.8095000000
2019-12-24,2.8265000000
2019-12-25,2.8380000000
2019-12-26,2.8475000000
2019-12-27,2.8275000000
2019-12-30,2.8335000000
2019-12-31,2.7970000000
2020-01-01,2.8060000000
2020-01-02,2.8250000000
2020-01-03,2.7870000000
2020-01-06,2.7900000000
2020-01-07,2.7935000000
2020-01-08,2.8120000000
2020-01-09,2.8020000000
2020-01-10,2.8135000000
2020-01-13,2.8610000000
2020-01-14,2.8735000000
2020-01-15,2.8660000000
2020-01-16,2.8470000000
2020-01-17,2.8455000000
2020-01-19,2.8510000000
2020-01-20,2.8440000000
2020-01-21,2.7935000000
2020-01-22,2.7650000000
2020-01-23,2.7260000000
2020-01-24,2.6840000000
2020-01-27,2.5965000000
2020-01-28,2.5795000000
2020-01-29,2.5540000000
2020-01-30,2.5275000000
2020-01-31,2.5200000000
2020-02-03,2.5105000000
2020-02-04,2.5455000000
2020-02-05,2.5785000000
2020-02-06,2.5965000000
2020-02-07,2.5570000000
2020-02-10,2.5545000000
2020-02-11,2.5875000000
2020-02-12,2.6055000000
2020-02-13,2.6175000000
2020-02-14,2.6040000000
2020-02-16,2.6070000000
2020-02-17,2.6200000000
2020-02-18,2.6085000000
2020-02-19,2.6105000000
2020-02-20,2.5925000000
2020-02-21,2.6125000000
2020-02-24,2.5815000000
2020-02-25,2.5805000000
2020-02-26,2.5735000000
2020-02-27,2.5715000000
2020-02-28,2.5400000000
2020-03-02,2.5950000000
2020-03-03,2.5730000000
2020-03-04,2.5860000000
2020-03-05,2.5730000000
2020-03-06,2.5605000000
2020-03-09,2.5105000000
2020-03-10,2.5215000000
2020-03-11,2.5020000000
2020-03-12,2.4725000000
2020-03-13,2.4640000000
2020-03-16,2.3925000000
2020-03-17,2.3135000000
2020-03-18,2.1510000000
2020-03-19,2.1855000000
2020-03-20,2.1715000000
2020-03-23,2.1005000000
2020-03-24,2.1800000000
2020-03-25,2.2040000000
2020-03-26,2.1780000000
2020-03-27,2.1720000000
2020-03-30,2.1605000000
2020-03-31,2.2320000000
2020-04-01,2.1790000000
2020-04-02,2.2220000000
2020-04-03,2.1955000000
2020-04-06,2.2210000000
2020-04-07,2.2770000000
2020-04-08,2.2665000000
2020-04-09,2.2680000000
2020-04-10,2.2700000000
2020-04-13,2.3125000000
2020-04-14,2.3380000000
2020-04-15,2.3040000000
2020-04-16,2.3020000000
2020-04-17,2.3540000000
2020-04-20,2.3280000000
2020-04-21,2.2490000000
2020-04-22,2.3015000000
2020-04-23,2.3145000000
2020-04-24,2.3375000000
2020-04-27,2.3475000000
2020-04-28,2.3480000000
2020-04-29,2.3705000000
2020-04-30,2.3440000000
2020-05-01,2.3120000000
2020-05-04,2.3125000000
2020-05-05,2.3325000000
2020-05-06,2.3470000000
2020-05-07,2.3805000000
2020-05-08,2.4060000000
2020-05-11,2.3800000000
2020-05-12,2.3590000000
2020-05-13,2.3460000000
2020-05-14,2.3460000000
2020-05-15,2.3305000000
2020-05-18,2.4040000000
2020-05-19,2.4180000000
2020-05-20,2.4600000000
2020-05-21,2.4320000000
2020-05-22,2.3865000000
2020-05-24,2.3970000000
2020-05-25,2.4060000000
2020-05-26,2.4185000000
2020-05-27,2.3820000000
2020-05-28,2.4215000000
2020-05-29,2.4345000000
2020-06-01,2.4780000000
2020-06-02,2.4985000000
2020-06-03,2.4950000000
2020-06-04,2.4965000000
2020-06-05,2.5630000000
2020-06-08,2.5740000000
2020-06-09,2.6070000000
2020-06-10,2.6655000000
2020-06-11,2.5955000000
2020-06-12,2.6105000000
2020-06-15,2.5785000000
2020-06-16,2.5770000000
2020-06-17,2.6010000000
2020-06-18,2.6015000000
2020-06-19,2.6210000000
2020-06-22,2.6575000000
2020-06-23,2.6640000000
2020-06-24,2.6540000000
2020-06-25,2.6725000000
2020-06-26,2.6715000000
2020-06-29,2.6925000000
2020-06-30,2.7285000000
2020-07-01,2.7340000000
2020-07-02,2.7485000000
2020-07-03,2.6990000000
2020-07-06,2.7745000000
2020-07-07,2.7970000000
2020-07-08,2.8240000000
2020-07-09,2.8385000000
2020-07-10,2.8975000000
2020-07-13,2.9550000000
2020-07-14,2.9325000000
2020-07-15,2.8850000000
2020-07-16,2.9015000000
2020-07-17,2.9045000000
2020-07-20,2.9155000000
2020-07-21,2.9580000000
2020-07-22,2.9245000000
2020-07-23,2.9385000000
2020-07-24,2.8925000000
2020-07-27,2.8975000000
2020-07-28,2.9175000000
2020-07-29,2.9190000000
2020-07-30,2.9220000000
2020-07-31,2.8770000000
2020-08-03,2.9205000000
2020-08-04,2.9030000000
2020-08-05,2.9250000000
2020-08-06,2.9190000000
2020-08-07,2.8020000000
2020-08-10,2.8705000000
2020-08-11,2.8840000000
2020-08-12,2.8990000000
2020-08-13,2.8160000000
2020-08-14,2.8680000000
2020-08-17,2.9090000000
2020-08-18,2.9805000000
2020-08-19,3.0280000000
2020-08-20,2.9810000000
2020-08-21,2.9240000000
2020-08-24,2.9325000000
2020-08-25,2.9415000000
2020-08-26,2.9685000000
2020-08-27,2.9755000000
2020-08-28,3.0120000000
2020-08-31,3.0555000000
2020-09-01,3.0225000000
2020-09-02,3.0150000000
2020-09-03,2.9695000000
2020-09-04,3.0560000000
2020-09-06,3.0745000000
2020-09-07,3.0697000000
2020-09-08,3.0200000000
2020-09-09,3.0460000000
2020-09-10,2.9925000000
2020-09-11,3.0360000000
2020-09-14,3.0650000000
2020-09-15,3.0610000000
2020-09-16,3.0585000000
2020-09-17,3.0685000000
2020-09-18,3.1140000000
2020-09-21,3.0315000000
2020-09-22,3.0600000000
2020-09-23,2.9925000000
2020-09-24,2.9675000000
2020-09-25,2.9715000000
2020-09-28,2.9880000000
2020-09-29,2.9900000000
2020-09-30,3.0325000000
2020-10-01,2.8655000000
2020-10-02,2.9775000000
2020-10-05,2.9630000000
2020-10-06,2.9635000000
2020-10-07,3.0330000000
2020-10-08,3.0420000000
2020-10-09,3.0825000000
2020-10-12,3.0640000000
2020-10-13,3.0445000000
2020-10-14,3.0505000000
2020-10-15,3.0855000000
2020-10-16,3.0675000000
2020-10-19,3.0860000000
2020-10-20,3.1480000000
2020-10-21,3.1985000000
2020-10-22,3.1535000000
2020-10-23,3.1290000000
2020-10-26,3.0895000000
2020-10-27,3.0935000000
2020-10-28,3.0640000000
2020-10-29,3.0600000000
2020-10-30,3.0515000000
2020-11-02,3.0810000000
2020-11-03,3.0935000000
2020-11-04,3.1095000000
2020-11-05,3.1135000000
2020-11-06,3.1570000000
2020-11-09,3.1595000000
2020-11-10,3.1595000000
2020-11-11,3.1375000000
2020-11-12,3.1480000000
2020-11-13,3.1805000000
2020-11-16,3.2250000000
2020-11-17,3.2030000000
2020-11-18,3.2035000000
2020-11-19,3.2085000000
2020-11-20,3.2975000000
2020-11-23,3.2650000000
2020-11-24,3.3075000000
2020-11-25,3.3180000000
2020-11-26,3.3478000000
2020-11-27,3.4120000000
2020-11-30,3.4335000000
2020-12-01,3.4800000000
2020-12-02,3.4845000000
2020-12-03,3.4865000000
2020-12-04,3.5210000000
2020-12-07,3.5140000000
2020-12-08,3.4965000000
2020-12-09,3.5105000000
2020-12-10,3.5725000000
2020-12-11,3.5260000000
2020-12-14,3.5240000000
2020-12-15,3.5420000000
2020-12-16,3.5575000000
2020-12-17,3.6000000000
2020-12-18,3.6300000000
2020-12-21,3.5755000000
2020-12-22,3.5190000000
2020-12-23,3.5550000000
2020-12-24,3.5615000000
2020-12-28,3.5700000000
2020-12-29,3.5535000000
2020-12-30,3.5490000000
2020-12-31,3.5190000000
2021-01-01,3.5200000000
2021-01-04,3.5545000000
2021-01-05,3.6395000000
2021-01-06,3.6505000000
2021-01-07,3.6960000000
2021-01-08,3.6735000000
2021-01-11,3.5645000000
2021-01-12,3.6055000000
2021-01-13,3.6170000000
2021-01-14,3.6645000000
2021-01-15,3.6020000000
2021-01-17,3.5760000000
2021-01-18,3.6168000000
2021-01-19,3.6335000000
2021-01-20,3.6415000000
2021-01-21,3.6475000000
2021-01-22,3.6260000000
2021-01-25,3.6295000000
2021-01-26,3.6195000000
2021-01-27,3.5575000000
2021-01-28,3.5800000000
2021-01-29,3.5580000000
2021-02-01,3.5455000000
2021-02-02,3.5245000000
2021-02-03,3.5655000000
2021-02-04,3.5550000000
2021-02-05,3.6270000000
2021-02-08,3.6665000000
2021-02-09,3.7190000000
2021-02-10,3.7730000000
2021-02-11,3.7735000000
2021-02-12,3.7875000000
2021-02-14,3.8003000000
2021-02-15,3.8218000000
2021-02-16,3.8345000000
2021-02-17,3.8235000000
2021-02-18,3.9050000000
2021-02-19,4.0770000000
2021-02-22,4.1465000000
2021-02-23,4.1850000000
2021-02-24,4.3015000000
2021-02-25,4.2635000000
2021-02-26,4.0925000000
2021-03-01,4.1130000000
2021-03-02,4.2220000000
2021-03-03,4.1420000000
2021-03-04,3.9785000000
2021-03-05,4.0755000000
2021-03-08,4.0930000000
2021-03-09,4.0085000000
2021-03-10,4.0325000000
2021-03-11,4.1390000000
2021-03-12,4.1400000000
2021-03-15,4.1405000000
2021-03-16,4.0715000000
2021-03-17,4.1190000000
2021-03-18,4.1080000000
2021-03-19,4.1130000000
2021-03-22,4.1395000000
2021-03-23,4.0795000000
2021-03-24,4.0640000000
2021-03-25,3.9780000000
2021-03-26,4.0680000000
2021-03-29,4.0345000000
2021-03-30,3.9820000000
2021-03-31,4.0000000000
2021-04-01,3.9940000000
2021-04-05,4.1395000000
2021-04-06,4.1180000000
2021-04-07,4.0575000000
2021-04-08,4.0990000000
2021-04-09,4.0445000000
2021-04-12,4.0225000000
2021-04-13,4.0365000000
2021-04-14,4.1315000000
2021-04-15,4.2230000000
2021-04-16,4.1720000000
2021-04-19,4.2430000000
2021-04-20,4.2190000000
2021-04-21,4.2845000000
2021-04-22,4.2780000000
2021-04-23,4.3400000000
2021-04-26,4.4430000000
2021-04-27,4.4870000000
2021-04-28,4.4980000000
2021-04-29,4.4865000000
2021-04-30,4.4680000000
2021-05-03,4.5285000000
2021-05-04,4.5215000000
2021-05-05,4.5240000000
2021-05-06,4.6025000000
2021-05-07,4.7485000000
2021-05-10,4.7160000000
2021-05-11,4.7620000000
2021-05-12,4.7360000000
2021-05-13,4.6905000000
2021-05-14,4.6545000000
2021-05-17,4.7115000000
2021-05-18,4.7255000000
2021-05-19,4.5765000000
2021-05-20,4.5680000000
2021-05-21,4.4810000000
2021-05-24,4.5255000000
2021-05-25,4.5065000000
2021-05-26,4.5295000000
2021-05-27,4.6660000000
2021-05-28,4.6810000000
2021-05-30,4.6937000000
2021-05-31,4.6810000000
2021-06-01,4.6565000000
2021-06-02,4.5950000000
2021-06-03,4.4665000000
2021-06-04,4.5315000000
2021-06-07,4.5295000000
2021-06-08,4.5590000000
2021-06-09,4.5345000000
2021-06-10,4.4890000000
2021-06-11,4.5415000000
2021-06-14,4.5310000000
2021-06-15,4.3375000000
2021-06-16,4.3885000000
2021-06-17,4.1825000000
2021-06-18,4.1615000000
2021-06-21,4.1845000000
2021-06-22,4.2245000000
2021-06-23,4.3265000000
2021-06-24,4.3070000000
2021-06-25,4.2905000000
2021-06-28,4.2800000000
2021-06-29,4.2645000000
2021-06-30,4.2890000000
2021-07-01,4.2360000000
2021-07-02,4.2760000000
2021-07-05,4.3440000000
2021-07-06,4.2510000000
2021-07-07,4.3225000000
2021-07-08,4.2645000000
2021-07-09,4.3455000000
2021-07-12,4.3160000000
2021-07-13,4.3070000000
2021-07-14,4.2675000000
2021-07-15,4.3230000000
2021-07-16,4.3230000000
2021-07-19,4.2015000000
2021-07-20,4.2630000000
2021-07-21,4.2720000000
2021-07-22,4.3375000000
2021-07-23,4.4000000000
2021-07-26,4.5850000000
2021-07-27,4.5445000000
2021-07-28,4.4820000000
2021-07-29,4.5075000000
2021-07-30,4.4655000000
2021-08-02,4.4180000000
2021-08-03,4.3755000000
2021-08-04,4.3215000000
2021-08-05,4.3340000000
2021-08-06,4.3390000000
2021-08-09,4.2820000000
2021-08-10,4.3460000000
2021-08-11,4.3600000000
2021-08-12,4.3500000000
2021-08-13,4.3825000000
2021-08-16,4.3200000000
2021-08-17,4.2015000000
2021-08-18,4.1170000000
2021-08-19,4.0405000000
2021-08-20,4.1255000000
2021-08-23,4.2210000000
2021-08-24,4.2600000000
2021-08-25,4.2700000000
2021-08-26,4.2520000000
2021-08-27,4.3235000000
2021-08-30,4.3710000000
2021-08-31,4.3700000000
2021-09-01,4.2740000000
2021-09-02,4.2995000000
2021-09-03,4.3310000000
2021-09-05,4.3325000000
2021-09-06,4.3320000000
2021-09-07,4.2795000000
2021-09-08,4.2325000000
2021-09-09,4.2840000000
2021-09-10,4.4500000000
2021-09-13,4.3650000000
2021-09-14,4.3190000000
2021-09-15,4.4040000000
2021-09-16,4.2800000000
2021-09-17,4.2445000000
2021-09-20,4.1135000000
2021-09-21,4.1260000000
2021-09-22,4.2520000000
2021-09-23,4.2310000000
2021-09-24,4.2845000000
2021-09-27,4.2910000000
2021-09-28,4.2485000000
2021-09-29,4.1990000000
2021-09-30,4.0890000000
2021-10-01,4.1885000000
2021-10-04,4.2385000000
2021-10-05,4.1925000000
2021-10-06,4.1475000000
2021-10-07,4.2435000000
2021-10-08,4.2755000000
2021-10-11,4.3665000000
2021-10-12,4.3255000000
2021-10-13,4.5160000000
2021-10-14,4.6315000000
2021-10-15,4.7295000000
2021-10-18,4.7255000000
2021-10-19,4.7030000000
2021-10-20,4.7345000000
2021-10-21,4.5585000000
2021-10-22,4.4980000000
2021-10-25,4.5280000000
2021-10-26,4.4860000000
2021-10-27,4.3895000000
2021-10-28,4.4275000000
2021-10-29,4.3590000000
2021-11-01,4.3790000000
2021-11-02,4.3515000000
2021-11-03,4.3090000000
2021-11-04,4.3090000000
2021-11-05,4.3355000000
2021-11-08,4.3945000000
2021-11-09,4.3725000000
2021-11-10,4.3230000000
2021-11-11,4.3980000000
2021-11-12,4.4470000000
2021-11-15,4.4005000000
2021-11-16,4.3545000000
2021-11-17,4.2680000000
2021-11-18,4.3050000000
2021-11-19,4.4000000000
2021-11-22,4.3975000000
2021-11-23,4.4235000000
2021-11-24,4.4645000000
2021-11-25,4.4400000000
2021-11-26,4.2875000000
2021-11-29,4.3415000000
2021-11-30,4.2805000000
2021-12-01,4.2470000000
2021-12-02,4.2995000000
2021-12-03,4.2660000000
2021-12-06,4.3375000000
2021-12-07,4.3390000000
2021-12-08,4.3925000000
2021-12-09,4.3320000000
2021-12-10,4.2850000000
2021-12-13,4.2815000000
2021-12-14,4.2550000000
2021-12-15,4.1805000000
2021-12-16,4.3025000000
2021-12-17,4.2925000000
2021-12-20,4.2900000000
2021-12-21,4.3425000000
2021-12-22,4.3890000000
2021-12-23,4.3895000000
2021-12-24,4.4050000000
2021-12-27,4.4695000000
2021-12-28,4.4295000000
2021-12-29,4.4100000000
2021-12-30,4.3925000000
2021-12-31,4.4635000000
2022-01-03,4.4215000000
2022-01-04,4.4750000000
2022-01-05,4.4135000000
2022-01-06,4.3545000000
2022-01-07,4.4100000000
2022-01-10,4.3520000000
2022-01-11,4.4290000000
2022-01-12,4.5765000000
2022-01-13,4.5460000000
2022-01-14,4.4205000000
2022-01-16,4.4435000000
2022-01-17,4.4335000000
2022-01-18,4.3825000000
2022-01-19,4.4700000000
2022-01-20,4.5825000000
2022-01-21,4.5240000000
2022-01-24,4.4125000000
2022-01-25,4.4500000000
2022-01-26,4.5150000000
2022-01-27,4.4235000000
2022-01-28,4.3125000000
2022-01-31,4.3265000000
2022-02-01,4.4315000000
2022-02-02,4.4935000000
2022-02-03,4.4720000000
2022-02-04,4.4900000000
2022-02-07,4.4675000000
2022-02-08,4.4645000000
2022-02-09,4.6020000000
2022-02-10,4.6580000000
2022-02-11,4.5085000000
2022-02-14,4.5070000000
2022-02-15,4.5345000000
2022-02-16,4.5395000000
2022-02-17,4.5265000000
2022-02-18,4.5240000000
2022-02-20,4.5205000000
2022-02-21,4.4805000000
2022-02-22,4.5145000000
2022-02-23,4.4855000000
2022-02-24,4.4580000000
2022-02-25,4.4850000000
2022-02-28,4.4545000000
2022-03-01,4.5965000000
2022-03-02,4.6655000000
2022-03-03,4.7815000000
2022-03-04,4.9375000000
2022-03-07,4.7310000000
2022-03-08,4.7100000000
2022-03-09,4.5725000000
2022-03-10,4.6525000000
2022-03-11,4.6255000000
2022-03-14,4.5230000000
2022-03-15,4.5130000000
2022-03-16,4.6005000000
2022-03-17,4.7020000000
2022-03-18,4.7395000000
2022-03-21,4.7105000000
2022-03-22,4.7000000000
2022-03-23,4.7765000000
2022-03-24,4.7425000000
2022-03-25,4.6985000000
2022-03-28,4.7255000000
2022-03-29,4.7310000000
2022-03-30,4.7525000000
2022-03-31,4.7520000000
2022-04-01,4.6905000000
2022-04-04,4.7825000000
2022-04-05,4.7965000000
2022-04-06,4.7410000000
2022-04-07,4.7040000000
2022-04-08,4.7315000000
2022-04-11,4.6410000000
2022-04-12,4.7195000000
2022-04-13,4.7215000000
2022-04-14,4.7320000000
2022-04-15,4.7205000000
2022-04-18,4.8120000000
2022-04-19,4.7295000000
2022-04-20,4.6645000000
2022-04-21,4.7135000000
2022-04-22,4.5925000000
2022-04-25,4.4620000000
2022-04-26,4.4535000000
2022-04-27,4.4670000000
2022-04-28,4.4335000000
2022-04-29,4.4085000000
2022-05-02,4.2680000000
2022-05-03,4.2830000000
2022-05-04,4.3380000000
2022-05-05,4.2915000000
2022-05-06,4.2670000000
2022-05-09,4.1935000000
2022-05-10,4.1545000000
2022-05-11,4.2090000000
2022-05-12,4.1005000000
2022-05-13,4.1750000000
2022-05-16,4.1915000000
2022-05-17,4.2390000000
2022-05-18,4.1785000000
2022-05-19,4.2830000000
2022-05-20,4.2750000000
2022-05-23,4.3455000000
2022-05-24,4.3050000000
2022-05-25,4.2545000000
2022-05-26,4.2590000000
2022-05-27,4.3065000000
2022-05-29,4.3232000000
2022-05-30,4.3340000000
2022-05-31,4.2990000000
2022-06-01,4.3295000000
2022-06-02,4.5550000000
2022-06-03,4.4765000000
2022-06-06,4.4390000000
2022-06-07,4.4395000000
2022-06-08,4.4545000000
2022-06-09,4.3860000000
2022-06-10,4.3025000000
2022-06-13,4.2195000000
2022-06-14,4.1665000000
2022-06-15,4.1735000000
2022-06-16,4.1180000000
2022-06-17,4.0220000000
2022-06-19,4.0375000000
2022-06-20,4.0110000000
2022-06-21,4.0445000000
2022-06-22,3.9470000000
2022-06-23,3.7425000000
2022-06-24,3.7440000000
2022-06-27,3.7640000000
2022-06-28,3.7785000000
2022-06-29,3.7805000000
2022-06-30,3.7100000000
2022-07-01,3.6040000000
2022-07-03,3.6115000000
2022-07-04,3.5840000000
2022-07-05,3.4150000000
2022-07-06,3.4080000000
2022-07-07,3.5720000000
2022-07-08,3.5220000000
2022-07-11,3.4305000000
2022-07-12,3.2880000000
2022-07-13,3.3225000000
2022-07-14,3.2115000000
2022-07-15,3.2340000000
2022-07-18,3.3460000000
2022-07-19,3.2910000000
2022-07-20,3.3250000000
2022-07-21,3.2985000000
2022-07-22,3.3495000000
2022-07-25,3.3545000000
2022-07-26,3.3845000000
2022-07-27,3.4300000000
2022-07-28,3.4810000000
2022-07-29,3.5750000000
2022-08-01,3.5470000000
2022-08-02,3.5225000000
2022-08-03,3.4720000000
2022-08-04,3.4880000000
2022-08-05,3.5590000000
2022-08-08,3.5930000000
2022-08-09,3.5925000000
2022-08-10,3.6555000000
2022-08-11,3.7115000000
2022-08-12,3.6735000000
2022-08-15,3.6215000000
2022-08-16,3.6265000000
2022-08-17,3.5870000000
2022-08-18,3.6335000000
2022-08-19,3.6685000000
2022-08-22,3.6530000000
2022-08-23,3.6960000000
2022-08-24,3.6480000000
2022-08-25,3.6985000000
2022-08-26,3.6970000000
2022-08-29,3.6085000000
2022-08-30,3.5495000000
2022-08-31,3.5190000000
2022-09-01,3.4085000000
2022-09-02,3.4170000000
2022-09-04,3.3887000000
2022-09-05,3.4535000000
2022-09-06,3.4645000000
2022-09-07,3.4340000000
2022-09-08,3.5305000000
2022-09-09,3.5730000000
2022-09-12,3.6155000000
2022-09-13,3.5660000000
2022-09-14,3.5295000000
2022-09-15,3.5010000000
2022-09-16,3.5310000000
2022-09-19,3.5255000000
2022-09-20,3.5160000000
2022-09-21,3.4805000000
2022-09-22,3.4820000000
2022-09-23,3.3570000000
2022-09-26,3.3050000000
2022-09-27,3.2950000000
2022-09-28,3.3725000000
2022-09-29,3.4180000000
2022-09-30,3.4125000000
2022-10-03,3.4100000000
2022-10-04,3.4900000000
2022-10-05,3.5005000000
2022-10-06,3.4460000000
2022-10-07,3.3865000000
2022-10-10,3.4305000000
2022-10-11,3.4620000000
2022-10-12,3.4250000000
2022-10-13,3.4405000000
2022-10-14,3.4235000000
2022-10-17,3.4155000000
2022-10-18,3.3620000000
2022-10-19,3.3180000000
2022-10-20,3.4105000000
2022-10-21,3.4745000000
2022-10-24,3.4305000000
2022-10-25,3.3970000000
2022-10-26,3.5450000000
2022-10-27,3.5195000000
2022-10-28,3.4260000000
2022-10-31,3.3720000000
2022-11-01,3.4685000000
2022-11-02,3.4655000000
2022-11-03,3.4275000000
2022-11-04,3.6840000000
2022-11-07,3.6070000000
2022-11-08,3.6840000000
2022-11-09,3.7005000000
2022-11-10,3.7580000000
2022-11-11,3.9125000000
2022-11-14,3.8350000000
2022-11-15,3.8215000000
2022-11-16,3.7755000000
2022-11-17,3.6930000000
2022-11-18,3.6395000000
2022-11-21,3.5770000000
2022-11-22,3.6175000000
2022-11-23,3.6210000000
2022-11-24,3.6395000000
2022-11-25,3.6325000000
2022-11-28,3.6160000000
2022-11-29,3.6405000000
2022-11-30,3.7395000000
2022-12-01,3.8190000000
2022-12-02,3.8520000000
2022-12-05,3.7950000000
2022-12-06,3.8180000000
2022-12-07,3.8610000000
2022-12-08,3.8850000000
2022-12-09,3.8795000000
2022-12-12,3.8015000000
2022-12-13,3.8425000000
2022-12-14,3.8785000000
2022-12-15,3.7645000000
2022-12-16,3.7630000000
2022-12-19,3.7845000000
2022-12-20,3.7995000000
2022-12-21,3.8110000000
2022-12-22,3.7575000000
2022-12-23,3.8085000000
2022-12-26,3.8575000000
2022-12-27,3.8400000000
2022-12-28,3.8420000000
2022-12-29,3.8240000000
2022-12-30,3.8105000000
2023-01-02,3.8403000000
2023-01-03,3.7665000000
2023-01-04,3.7405000000
2023-01-05,3.8210000000
2023-01-06,3.9110000000
2023-01-09,4.0265000000
2023-01-10,4.0775000000
2023-01-11,4.1660000000
2023-01-12,4.1965000000
2023-01-13,4.2160000000
2023-01-15,4.2060000000
2023-01-16,4.1433000000
2023-01-17,4.2230000000
2023-01-18,4.2345000000
2023-01-19,4.2315000000
2023-01-20,4.2515000000
2023-01-23,4.2565000000
2023-01-24,4.2485000000
2023-01-25,4.2445000000
2023-01-26,4.2675000000
2023-01-27,4.2225000000
2023-01-30,4.2065000000
2023-01-31,4.2295000000
2023-02-01,4.1170000000
2023-02-02,4.0980000000
2023-02-03,4.0635000000
2023-02-06,4.0430000000
2023-02-07,4.0880000000
2023-02-08,4.0430000000
2023-02-09,4.1030000000
2023-02-10,4.0245000000
2023-02-13,4.0655000000
2023-02-14,4.0835000000
2023-02-15,4.0165000000
2023-02-16,4.1250000000
2023-02-17,4.1060000000
2023-02-19,4.1195000000
2023-02-20,4.1807000000
2023-02-21,4.2165000000
2023-02-22,4.1860000000
2023-02-23,4.0555000000
2023-02-24,3.9545000000
2023-02-27,4.0110000000
2023-02-28,4.0895000000
2023-03-01,4.1600000000
2023-03-02,4.0760000000
2023-03-03,4.0670000000
2023-03-06,4.0885000000
2023-03-07,3.9750000000
2023-03-08,4.0270000000
2023-03-09,4.0390000000
2023-03-10,4.0305000000
2023-03-13,4.0535000000
2023-03-14,4.0030000000
2023-03-15,3.8430000000
2023-03-16,3.8645000000
2023-03-17,3.8925000000
2023-03-20,3.9515000000
2023-03-21,3.9940000000
2023-03-22,4.0445000000
2023-03-23,4.1235000000
2023-03-24,4.0750000000
2023-03-27,4.0785000000
2023-03-28,4.0855000000
2023-03-29,4.0865000000
2023-03-30,4.0955000000
2023-03-31,4.0985000000
2023-04-03,4.0495000000
2023-04-04,3.9750000000
2023-04-05,3.9890000000
2023-04-06,4.0175000000
2023-04-10,3.9795000000
2023-04-11,4.0225000000
2023-04-12,4.0805000000
2023-04-13,4.1190000000
2023-04-14,4.1035000000
2023-04-17,4.0675000000
2023-04-18,4.0940000000
2023-04-19,4.0790000000
2023-04-20,4.0295000000
2023-04-21,3.9830000000
2023-04-24,3.9610000000
2023-04-25,3.8585000000
2023-04-26,3.8605000000
2023-04-27,3.8840000000
2023-04-28,3.8905000000
2023-05-01,3.9340000000
2023-05-02,3.8625000000
2023-05-03,3.8450000000
2023-05-04,3.8630000000
2023-05-05,3.8830000000
2023-05-08,3.9295000000
2023-05-09,3.9015000000
2023-05-10,3.8410000000
2023-05-11,3.7100000000
2023-05-12,3.7285000000
2023-05-15,3.7510000000
2023-05-16,3.6670000000
2023-05-17,3.7545000000
2023-05-18,3.6895000000
2023-05-19,3.7320000000
2023-05-22,3.6850000000
2023-05-23,3.6545000000
2023-05-24,3.5615000000
2023-05-25,3.5880000000
2023-05-26,3.6820000000
2023-05-28,3.6750000000
2023-05-29,3.6717000000
2023-05-30,3.6695000000
2023-05-31,3.6455000000
2023-06-01,3.7185000000
2023-06-02,3.7345000000
2023-06-05,3.7740000000
2023-06-06,3.7745000000
2023-06-07,3.7605000000
2023-06-08,3.7995000000
2023-06-09,3.7945000000
2023-06-12,3.7595000000
2023-06-13,3.8355000000
2023-06-14,3.8725000000
2023-06-15,3.9000000000
2023-06-16,3.8935000000
2023-06-18,3.8738000000
2023-06-19,3.8643000000
2023-06-20,3.8890000000
2023-06-21,3.9100000000
2023-06-22,3.8960000000
2023-06-23,3.8090000000
2023-06-26,3.7940000000
2023-06-27,3.7795000000
2023-06-28,3.7360000000
2023-06-29,3.6990000000
2023-06-30,3.7595000000
2023-07-03,3.7940000000
2023-07-04,3.7843000000
2023-07-05,3.7685000000
2023-07-06,3.7345000000
2023-07-07,3.7820000000
2023-07-10,3.7845000000
2023-07-11,3.7660000000
2023-07-12,3.8530000000
2023-07-13,3.9400000000
2023-07-14,3.9330000000
2023-07-17,3.8440000000
2023-07-18,3.8295000000
2023-07-19,3.8140000000
2023-07-20,3.8345000000
2023-07-21,3.8180000000
2023-07-24,3.8555000000
2023-07-25,3.9155000000
2023-07-26,3.9020000000
2023-07-27,3.8755000000
2023-07-28,3.9355000000
2023-07-31,4.0140000000
2023-08-01,3.9165000000
2023-08-02,3.8535000000
2023-08-03,3.9100000000
2023-08-04,3.8785000000
2023-08-07,3.8480000000
2023-08-08,3.7820000000
2023-08-09,3.7980000000
2023-08-10,3.7805000000
2023-08-11,3.7375000000
2023-08-14,3.7395000000
2023-08-15,3.6855000000
2023-08-16,3.6765000000
2023-08-17,3.7110000000
2023-08-18,3.7260000000
2023-08-21,3.7385000000
2023-08-22,3.7755000000
2023-08-23,3.8240000000
2023-08-24,3.7820000000
2023-08-25,3.7740000000
2023-08-28,3.7770000000
2023-08-29,3.8180000000
2023-08-30,3.8310000000
2023-08-31,3.8090000000
2023-09-01,3.8410000000
2023-09-03,3.8550000000
2023-09-04,3.8320000000
2023-09-05,3.8380000000
2023-09-06,3.7755000000
2023-09-07,3.7520000000
2023-09-08,3.7065000000
2023-09-11,3.7965000000
2023-09-12,3.7785000000
2023-09-13,3.7800000000
2023-09-14,3.8075000000
2023-09-15,3.7875000000
2023-09-18,3.7645000000
2023-09-19,3.7340000000
2023-09-20,3.7620000000
2023-09-21,3.6835000000
2023-09-22,3.6820000000
2023-09-25,3.6595000000
2023-09-26,3.6355000000
2023-09-27,3.6295000000
2023-09-28,3.7080000000
2023-09-29,3.7375000000
2023-10-02,3.6415000000
2023-10-03,3.6210000000
2023-10-04,3.5890000000
2023-10-05,3.5520000000
2023-10-06,3.6275000000
2023-10-09,3.6460000000
2023-10-10,3.6340000000
2023-10-11,3.6120000000
2023-10-12,3.5910000000
2023-10-13,3.5710000000
2023-10-16,3.5820000000
2023-10-17,3.5785000000
2023-10-18,3.5870000000
2023-10-19,3.6010000000
2023-10-20,3.5630000000
2023-10-23,3.5865000000
2023-10-24,3.6240000000
2023-10-25,3.5910000000
2023-10-26,3.5845000000
2023-10-27,3.6460000000
2023-10-30,3.6735000000
2023-10-31,3.6635000000
2023-11-01,3.6655000000
2023-11-02,3.6875000000
2023-11-03,3.6970000000
2023-11-06,3.7345000000
2023-11-07,3.6980000000
2023-11-08,3.6585000000
2023-11-09,3.6625000000
2023-11-10,3.6080000000
2023-11-13,3.6835000000
2023-11-14,3.7025000000
2023-11-15,3.7360000000
2023-11-16,3.7195000000
2023-11-17,3.7530000000
2023-11-20,3.8225000000
2023-11-21,3.8270000000
2023-11-22,3.7815000000
2023-11-23,3.7743000000
2023-11-24,3.8055000000
2023-11-27,3.7745000000
2023-11-28,3.8185000000
2023-11-29,3.8160000000
2023-11-30,3.8420000000
2023-12-01,3.9205000000
2023-12-04,3.8260000000
2023-12-05,3.7760000000
2023-12-06,3.7260000000
2023-12-07,3.7900000000
2023-12-08,3.8240000000
2023-12-11,3.7780000000
2023-12-12,3.7865000000
2023-12-13,3.7850000000
2023-12-14,3.8900000000
2023-12-15,3.8875000000
2023-12-18,3.8490000000
2023-12-19,3.8945000000
2023-12-20,3.9025000000
2023-12-21,3.9105000000
2023-12-22,3.8975000000
2023-12-25,3.9082000000
2023-12-26,3.8940000000
2023-12-27,3.9530000000
2023-12-28,3.9245000000
2023-12-29,3.8905000000
2024-01-01,3.8988000000
2024-01-02,3.8805000000
2024-01-03,3.8615000000
2024-01-04,3.8440000000
2024-01-05,3.8060000000
2024-01-08,3.8100000000
2024-01-09,3.7585000000
2024-01-10,3.7810000000
2024-01-11,3.7765000000
2024-01-12,3.7405000000
2024-01-14,3.7503000000
2024-01-15,3.7782000000
2024-01-16,3.7665000000
2024-01-17,3.7330000000
2024-01-18,3.7450000000
2024-01-19,3.7865000000
2024-01-22,3.7635000000
2024-01-23,3.7935000000
2024-01-24,3.8860000000
2024-01-25,3.8690000000
2024-01-26,3.8520000000
2024-01-29,3.8790000000
2024-01-30,3.9215000000
2024-01-31,3.9170000000
2024-02-01,3.8665000000
2024-02-02,3.8360000000
2024-02-05,3.7880000000
2024-02-06,3.7965000000
2024-02-07,3.7505000000
2024-02-08,3.7145000000
2024-02-09,3.6925000000
2024-02-12,3.7335000000
2024-02-13,3.7180000000
2024-02-14,3.7075000000
2024-02-15,3.7635000000
2024-02-16,3.8435000000
2024-02-18,3.8167000000
2024-02-19,3.8110000000
2024-02-20,3.8700000000
2024-02-21,3.8805000000
2024-02-22,3.9065000000
2024-02-23,3.8910000000
2024-02-26,3.8255000000
2024-02-27,3.8410000000
2024-02-28,3.8405000000
2024-02-29,3.8470000000
2024-03-01,3.8615000000
2024-03-04,3.8570000000
2024-03-05,3.8470000000
2024-03-06,3.8750000000
2024-03-07,3.9260000000
2024-03-08,3.8915000000
2024-03-11,3.9285000000
2024-03-12,3.9320000000
2024-03-13,4.0600000000
2024-03-14,4.0455000000
2024-03-15,4.1245000000
2024-03-18,4.1300000000
2024-03-19,4.0745000000
2024-03-20,4.0515000000
2024-03-21,4.0585000000
2024-03-22,4.0075000000
2024-03-25,4.0160000000
2024-03-26,4.0085000000
2024-03-27,4.0175000000
2024-03-28,4.0250000000
2024-03-29,4.0115000000
2024-04-01,4.0665000000
2024-04-02,4.0890000000
2024-04-03,4.2110000000
2024-04-04,4.2660000000
2024-04-05,4.2530000000
2024-04-08,4.2880000000
2024-04-09,4.2950000000
2024-04-10,4.2890000000
2024-04-11,4.2665000000
2024-04-12,4.2760000000
2024-04-15,4.3925000000
2024-04-16,4.3205000000
2024-04-17,4.3520000000
2024-04-18,4.4535000000
2024-04-19,4.5140000000
2024-04-22,4.4935000000
2024-04-23,4.4495000000
2024-04-24,4.4765000000
2024-04-25,4.5315000000
2024-04-26,4.5690000000
2024-04-29,4.6765000000
2024-04-30,4.5645000000
2024-05-01,4.5460000000
2024-05-02,4.4845000000
2024-05-03,4.5570000000
2024-05-06,4.6150000000
2024-05-07,4.6055000000
2024-05-08,4.5425000000
2024-05-09,4.5850000000
2024-05-10,4.6625000000
2024-05-13,4.7660000000
2024-05-14,4.8950000000
2024-05-15,4.9245000000
2024-05-16,4.8770000000
2024-05-17,5.0500000000
2024-05-20,5.0790000000
2024-05-21,5.1060000000
2024-05-22,4.8485000000
2024-05-23,4.7925000000
2024-05-24,4.7535000000
2024-05-26,4.7672000000
2024-05-27,4.8232000000
2024-05-28,4.8550000000
2024-05-29,4.7910000000
2024-05-30,4.6595000000
2024-05-31,4.6035000000
2024-06-03,4.6655000000
2024-06-04,4.5375000000
2024-06-05,4.5865000000
2024-06-06,4.6670000000
2024-06-07,4.4770000000
2024-06-10,4.5395000000
2024-06-11,4.4935000000
2024-06-12,4.5550000000
2024-06-13,4.4720000000
2024-06-14,4.4705000000
2024-06-17,4.4275000000
2024-06-18,4.4470000000
2024-06-19,4.5023000000
2024-06-20,4.5210000000
2024-06-21,4.4265000000
2024-06-24,4.4250000000
2024-06-25,4.3655000000
2024-06-26,4.3635000000
2024-06-27,4.3485000000
2024-06-28,4.3915000000
2024-07-01,4.4180000000
2024-07-02,4.4190000000
2024-07-03,4.5335000000
2024-07-04,4.5610000000
2024-07-05,4.6520000000
2024-07-08,4.6180000000
2024-07-09,4.5775000000
2024-07-10,4.6085000000
2024-07-11,4.5065000000
2024-07-12,4.5930000000
2024-07-15,4.5265000000
2024-07-16,4.4495000000
2024-07-17,4.4085000000
2024-07-18,4.2795000000
2024-07-19,4.2365000000
2024-07-22,4.1975000000
2024-07-23,4.1605000000
2024-07-24,4.1090000000
2024-07-25,4.1255000000
2024-07-26,4.1240000000
2024-07-29,4.0845000000
2024-07-30,4.0980000000
2024-07-31,4.1875000000
2024-08-01,4.0950000000
2024-08-02,4.1150000000
2024-08-05,4.0105000000
2024-08-06,4.0360000000
2024-08-07,3.9635000000
2024-08-08,3.9700000000
2024-08-09,4.0020000000
2024-08-12,4.0750000000
2024-08-13,4.0560000000
2024-08-14,4.0460000000
2024-08-15,4.1530000000
2024-08-16,4.1490000000
2024-08-19,4.1885000000
2024-08-20,4.1680000000
2024-08-21,4.1970000000
2024-08-22,4.1545000000
2024-08-23,4.2110000000
2024-08-26,4.2350000000
2024-08-27,4.2575000000
2024-08-28,4.1725000000
2024-08-29,4.1985000000
2024-08-30,4.1890000000
2024-09-01,4.2188000000
2024-09-02,4.1837000000
2024-09-03,4.0715000000
2024-09-04,4.0580000000
2024-09-05,4.1155000000
2024-09-06,4.0525000000
2024-09-09,4.1230000000
2024-09-10,4.0765000000
2024-09-11,4.1200000000
2024-09-12,4.1720000000
2024-09-13,4.2130000000
2024-09-16,4.2505000000
2024-09-17,4.2495000000
2024-09-18,4.2730000000
2024-09-19,4.3210000000
2024-09-20,4.3160000000
2024-09-23,4.3195000000
2024-09-24,4.4620000000
2024-09-25,4.4605000000
2024-09-26,4.6100000000
2024-09-27,4.5995000000
2024-09-30,4.5530000000
2024-10-01,4.5890000000
2024-10-02,4.6490000000
2024-10-03,4.5530000000
2024-10-04,4.5740000000
2024-10-07,4.5665000000
2024-10-08,4.4565000000
2024-10-09,4.3995000000
2024-10-10,4.4275000000
2024-10-11,4.4935000000
2024-10-14,4.4060000000
2024-10-15,4.3375000000
2024-10-16,4.3675000000
2024-10-17,4.3250000000
2024-10-18,4.3845000000
2024-10-21,4.3595000000
2024-10-22,4.3805000000
2024-10-23,4.3365000000
2024-10-24,4.3515000000
2024-10-25,4.3705000000
2024-10-28,4.3625000000
2024-10-29,4.3605000000
2024-10-30,4.3600000000
2024-10-31,4.3515000000
2024-11-01,4.3820000000
2024-11-04,4.4375000000
2024-11-05,4.4810000000
2024-11-06,4.2595000000
2024-11-07,4.4400000000
2024-11-08,4.3185000000
2024-11-11,4.2430000000
2024-11-12,4.1540000000
2024-11-13,4.1020000000
2024-11-14,4.1050000000
2024-11-15,4.0760000000
2024-11-18,4.1335000000
2024-11-19,4.1530000000
2024-11-20,4.1640000000
2024-11-21,4.1380000000
2024-11-22,4.1020000000
2024-11-25,4.1215000000
2024-11-26,4.0750000000
2024-11-27,4.1170000000
2024-11-29,4.1225000000
2024-12-02,4.1135000000
2024-12-03,4.1845000000
2024-12-04,4.1830000000
2024-12-05,4.1745000000
2024-12-06,4.1785000000
2024-12-09,4.2580000000
2024-12-10,4.2535000000
2024-12-11,4.2450000000
2024-12-12,4.2250000000
2024-12-13,4.1770000000
2024-12-16,4.1705000000
2024-12-17,4.1250000000
2024-12-18,4.1355000000
2024-12-19,4.0555000000
2024-12-20,4.0790000000
2024-12-23,4.0635000000
2024-12-24,4.0890000000
2024-12-26,4.1080000000
2024-12-27,4.1005000000
2024-12-30,4.0930000000
2024-12-31,4.0265000000
2025-01-02,4.0260000000
2025-01-03,4.0735000000
2025-01-06,4.1615000000
2025-01-07,4.1955000000
2025-01-08,4.2585000000
2025-01-09,4.3095000000
2025-01-10,4.3040000000
2025-01-13,4.3255000000
2025-01-14,4.3425000000
2025-01-15,4.3890000000
2025-01-16,4.4410000000
2025-01-17,4.3685000000
2025-01-21,4.3410000000
2025-01-22,4.3010000000
2025-01-23,4.3055000000
2025-01-24,4.2965000000
2025-01-27,4.2080000000
2025-01-28,4.2245000000
2025-01-29,4.2605000000
2025-01-30,4.3075000000
2025-01-31,4.2790000000
2025-02-03,4.3055000000
2025-02-04,4.3535000000
2025-02-05,4.4440000000
2025-02-06,4.4610000000
2025-02-07,4.5890000000
2025-02-10,4.7070000000
2025-02-11,4.6010000000
2025-02-12,4.7045000000
2025-02-13,4.7780000000
2025-02-14,4.6645000000
2025-02-18,4.6425000000
2025-02-19,4.6140000000
2025-02-20,4.6660000000
2025-02-21,4.6155000000
2025-02-24,4.5635000000
2025-02-25,4.5035000000
2025-02-26,4.5615000000
2025-02-27,4.6185000000
2025-02-28,4.5480000000
2025-03-03,4.6070000000
2025-03-04,4.5565000000
2025-03-05,4.7940000000
2025-03-06,4.8075000000
2025-03-07,4.7100000000
2025-03-10,4.6665000000
2025-03-11,4.7660000000
2025-03-12,4.8495000000
2025-03-13,4.9255000000
2025-03-14,4.8960000000
2025-03-17,4.9590000000
2025-03-18,5.0165000000
2025-03-19,5.1000000000
2025-03-20,5.1120000000
2025-03-21,5.1135000000
2025-03-24,5.0925000000
2025-03-25,5.1850000000
2025-03-26,5.2185000000
2025-03-27,5.0985000000
2025-03-28,5.1300000000
2025-03-31,5.0340000000
2025-04-01,5.0350000000
2025-04-02,5.0405000000
2025-04-03,4.8285000000
2025-04-04,4.4020000000
2025-04-07,4.1860000000
2025-04-08,4.1440000000
2025-04-09,4.1925000000
2025-04-10,4.3365000000
2025-04-11,4.5230000000
2025-04-14,4.6255000000
2025-04-15,4.6260000000
2025-04-16,4.6855000000
2025-04-17,4.7390000000
2025-04-21,4.7800000000
2025-04-22,4.9280000000
2025-04-23,4.8950000000
2025-04-24,4.9105000000
2025-04-25,4.8950000000
2025-04-28,4.8645000000
2025-04-29,4.8725000000
2025-04-30,4.6090000000
2025-05-01,4.6280000000
2025-05-02,4.6730000000
2025-05-05,4.6990000000
2025-05-06,4.7780000000
2025-05-07,4.6595000000
2025-05-08,4.6040000000
2025-05-09,4.6530000000
2025-05-12,4.6210000000
2025-05-13,4.7230000000
2025-05-14,4.6505000000
2025-05-15,4.6835000000
2025-05-16,4.5935000000
2025-05-19,4.6705000000
2025-05-20,4.6540000000
2025-05-21,4.6720000000
2025-05-22,4.6795000000
2025-05-23,4.8365000000
2025-05-25,4.8518000000
2025-05-26,4.8333000000
2025-05-27,4.7150000000
2025-05-28,4.6505000000
2025-05-29,4.6755000000
2025-05-30,4.6775000000
2025-06-02,4.8585000000
2025-06-03,4.8340000000
2025-06-04,4.8865000000
2025-06-05,4.9330000000
2025-06-06,4.8480000000
2025-06-09,4.9250000000
2025-06-10,4.9000000000
2025-06-11,4.8145000000
2025-06-12,4.8355000000
2025-06-13,4.8145000000
2025-06-16,4.8360000000
2025-06-17,4.8090000000
2025-06-18,4.8530000000
2025-06-19,4.8135000000
2025-06-20,4.8335000000
2025-06-23,4.8430000000
2025-06-24,4.8670000000
2025-06-25,4.9130000000
2025-06-26,5.0925000000
2025-06-27,5.1230000000
2025-06-30,5.0825000000
2025-07-01,5.0995000000
2025-07-02,5.1975000000
2025-07-03,5.1415000000
2025-07-04,5.0625000000
2025-07-07,5.0260000000
2025-07-08,5.6855000000
2025-07-09,5.4865000000
2025-07-10,5.5910000000
2025-07-11,5.6045000000
2025-07-14,5.5505000000
2025-07-15,5.5775000000
2025-07-16,5.5260000000
2025-07-17,5.5125000000
2025-07-18,5.6045000000
2025-07-21,5.6375000000
2025-07-22,5.7215000000
2025-07-23,5.8195000000
2025-07-24,5.8015000000
2025-07-25,5.7850000000
2025-07-28,5.5975000000
2025-07-29,5.6070000000
2025-07-30,5.5860000000
2025-07-31,4.3545000000
2025-08-01,4.4355000000
2025-08-04,4.4375000000
2025-08-05,4.3860000000
2025-08-06,4.4130000000
2025-08-07,4.3985000000
2025-08-08,4.4715000000
2025-08-11,4.4400000000
2025-08-12,4.5255000000
2025-08-13,4.4975000000
2025-08-14,4.4795000000
2025-08-15,4.4925000000
2025-08-18,4.5360000000
2025-08-19,4.4885000000
2025-08-20,4.5105000000
2025-08-21,4.5115000000
2025-08-22,4.5275000000
2025-08-25,4.5265000000
2025-08-26,4.5100000000
2025-08-27,4.4715000000
2025-08-28,4.5390000000
2025-08-29,4.5905000000
2025-08-31,4.5853000000
2025-09-01,4.5825000000
2025-09-02,4.6410000000
2025-09-03,4.6300000000
2025-09-04,4.5585000000
2025-09-05,4.5510000000
2025-09-08,4.5595000000
2025-09-09,4.5695000000
2025-09-10,4.6180000000
2025-09-11,4.6580000000
2025-09-12,4.6520000000
2025-09-15,4.7175000000
2025-09-16,4.6940000000
2025-09-17,4.6320000000
2025-09-18,4.6005000000
2025-09-19,4.6275000000
2025-09-22,4.6075000000
2025-09-23,4.6195000000
2025-09-24,4.7885000000
2025-09-25,4.7325000000
2025-09-26,4.7460000000
2025-09-29,4.8920000000
2025-09-30,4.8565000000
2025-10-01,4.8825000000
2025-10-02,4.9495000000
2025-10-03,5.1090000000
2025-10-06,5.0380000000
2025-10-07,5.0975000000
2025-10-08,5.0945000000
2025-10-09,5.1230000000
2025-10-10,4.8940000000
2025-10-13,5.1440000000
2025-10-14,5.0230000000
2025-10-15,5.0145000000
2025-10-16,4.9990000000
2025-10-17,4.9695000000
2025-10-20,5.0360000000
2025-10-21,4.9660000000
2025-10-22,4.9955000000
2025-10-23,5.1105000000
2025-10-24,5.1225000000
2025-10-27,5.1460000000
2025-10-28,5.1450000000
2025-10-29,5.2370000000
2025-10-30,5.1040000000
2025-10-31,5.0890000000
2025-11-03,5.0690000000
2025-11-04,4.9485000000
2025-11-05,4.9860000000
2025-11-06,4.9675000000
2025-11-07,4.9570000000
2025-11-10,5.1060000000
2025-11-11,5.0660000000
2025-11-12,5.1055000000
2025-11-13,5.1020000000
2025-11-14,5.0630000000
2025-11-17,5.0865000000
2025-11-18,5.0505000000
2025-11-19,5.0970000000
2025-11-20,5.0485000000
2025-11-21,5.0960000000
2025-11-24,5.0260000000
2025-11-25,5.0625000000
2025-11-26,5.1940000000
2025-11-27,5.1677000000
2025-11-28,5.2720000000
2025-12-01,5.3030000000
2025-12-02,5.2430000000
2025-12-03,5.3890000000
2025-12-04,5.3735000000
2025-12-05,5.4620000000
2025-12-08,5.4445000000
2025-12-09,5.3200000000
2025-12-10,5.3535000000
2025-12-11,5.5015000000
2025-12-12,5.3590000000
2025-12-15,5.4120000000
2025-12-16,5.3590000000
2025-12-17,5.4355000000
2025-12-18,5.4375000000
2025-12-19,5.5100000000
2025-12-22,5.5095000000
2025-12-23,5.5520000000
2025-12-24,5.5750000000
2025-12-25,5.6892000000
2025-12-26,5.8395000000
2025-12-29,5.5370000000
2025-12-30,5.7815000000
2025-12-31,5.6820000000
2026-01-01,5.7560000000
2026-01-02,5.6915000000
2026-01-05,5.9755000000
2026-01-06,6.0625000000
2026-01-07,5.8605000000
2026-01-08,5.7965000000
2026-01-09,5.9025000000
2026-01-12,6.0315000000
2026-01-13,6.0160000000
2026-01-14,6.0555000000
2026-01-15,5.9915000000
2026-01-16,5.8310000000
2026-01-18,5.8993000000
2026-01-19,5.8965000000
2026-01-20,5.8125000000
2026-01-21,5.7680000000
2026-01-22,5.7790000000
2026-01-23,5.9475000000
2026-01-26,5.9910000000
2026-01-27,5.8335000000
2026-01-28,5.8980000000
2026-01-29,6.2035000000
2026-01-30,5.9240000000
2026-02-02,5.8255000000
2026-02-03,6.0865000000
2026-02-04,5.8500000000
2026-02-05,5.8210000000
2026-02-06,5.8820000000
2026-02-09,5.9625000000
2026-02-10,5.9135000000
2026-02-11,5.9655000000
2026-02-12,5.7855000000
2026-02-13,5.8030000000
2026-02-15,5.7778000000
2026-02-16,5.7593000000
2026-02-17,5.7040000000
2026-02-18,5.8630000000
2026-02-19,5.7985000000
2026-02-20,5.8995000000
2026-02-23,5.8105000000
2026-02-24,5.9610000000
2026-02-25,6.0155000000
2026-02-26,6.0050000000
2026-02-27,6.0595000000
2026-03-02,5.9480000000
2026-03-03,5.8260000000
2026-03-04,5.9075000000
2026-03-05,5.8045000000
2026-03-06,5.8070000000
2026-03-09,5.8485000000
2026-03-10,5.9520000000
2026-03-11,5.8915000000
2026-03-12,5.8680000000
2026-03-13,5.7570000000
2026-03-16,5.8315000000
2026-03-17,5.7670000000
2026-03-18,5.5940000000
2026-03-19,5.4690000000
2026-03-20,5.3745000000
2026-03-23,5.4465000000
2026-03-24,5.4285000000
2026-03-25,5.5340000000
2026-03-26,5.4505000000
2026-03-27,5.4685000000
2026-03-30,5.5020000000
2026-03-31,5.6140000000
2026-04-01,5.6465000000
2026-04-02,5.5835000000
2026-04-03,5.5835000000
2026-04-06,5.6010000000
2026-04-07,5.5630000000
2026-04-08,5.7770000000
2026-04-09,5.7645000000
2026-04-10,5.8860000000
2026-04-13,5.9905000000
2026-04-14,6.0835000000
2026-04-15,6.0850000000
2026-04-16,6.0765000000
2026-04-17,6.1145000000
2026-04-20,6.1065000000
2026-04-21,6.0715000000
2026-04-22,6.1890000000
2026-04-23,6.1425000000
2026-04-24,6.0885000000
2026-04-27,6.0500000000
2026-04-28,5.9455000000
2026-04-29,5.9330000000
2026-04-30,5.9805000000
2026-05-01,5.9845000000
2026-05-04,5.8465000000
2026-05-05,5.9930000000
2026-05-06,6.1865000000
2026-05-07,6.1760000000
2026-05-08,6.2965000000
2026-05-11,6.4605000000
2026-05-12,6.5310000000
2026-05-13,6.6790000000
2026-05-14,6.6115000000
2026-05-15,6.2950000000
2026-05-18,6.3155000000
2026-05-19,6.2065000000
2026-05-20,6.3305000000
2026-05-21,6.2940000000
2026-05-22,6.3790000000
2026-05-26,6.3970000000
2026-05-27,6.3400000000
2026-05-28,6.4560000000
2026-05-29,6.3888000000
