Date,SPMOSIM
1972-03-17,10000.0000000000
1972-03-20,10003.8400000000
1972-03-21,9940.4300000000
1972-03-22,9966.1200000000
1972-03-23,10066.7000000000
1972-03-24,10076.0900000000
1972-03-27,10113.2900000000
1972-03-28,10129.5200000000
1972-03-29,10051.0900000000
1972-03-30,10096.3400000000
1972-04-03,10135.0200000000
1972-04-04,10204.5700000000
1972-04-05,10282.4100000000
1972-04-06,10333.6600000000
1972-04-07,10382.1100000000
1972-04-10,10342.7000000000
1972-04-11,10398.4800000000
1972-04-12,10441.2000000000
1972-04-13,10449.7000000000
1972-04-14,10430.3700000000
1972-04-17,10386.6100000000
1972-04-18,10416.8600000000
1972-04-19,10351.1000000000
1972-04-20,10308.1300000000
1972-04-21,10268.3400000000
1972-04-24,10194.1200000000
1972-04-25,10071.7200000000
1972-04-26,10062.1600000000
1972-04-27,10115.0200000000
1972-04-28,10175.0300000000
1972-05-01,10070.9900000000
1972-05-02,10011.9100000000
1972-05-03,10010.4100000000
1972-05-04,10012.4500000000
1972-05-05,10108.9400000000
1972-05-08,10060.9000000000
1972-05-09,9957.4600000000
1972-05-10,10036.5500000000
1972-05-11,10087.3200000000
1972-05-12,10152.7700000000
1972-05-15,10224.7700000000
1972-05-16,10219.8700000000
1972-05-17,10241.5000000000
1972-05-18,10388.0500000000
1972-05-19,10538.1700000000
1972-05-22,10641.3100000000
1972-05-23,10669.9000000000
1972-05-24,10749.8900000000
1972-05-25,10764.3100000000
1972-05-26,10764.4100000000
1972-05-30,10739.2400000000
1972-05-31,10647.3100000000
1972-06-01,10677.5000000000
1972-06-02,10698.7200000000
1972-06-05,10631.9200000000
1972-06-06,10587.0600000000
1972-06-07,10526.7800000000
1972-06-08,10514.2200000000
1972-06-09,10473.6700000000
1972-06-12,10481.9600000000
1972-06-13,10521.4100000000
1972-06-14,10585.3400000000
1972-06-15,10594.7500000000
1972-06-16,10607.0100000000
1972-06-19,10570.5700000000
1972-06-20,10619.8900000000
1972-06-21,10658.0700000000
1972-06-22,10688.9000000000
1972-06-23,10665.9500000000
1972-06-26,10588.1500000000
1972-06-27,10591.4400000000
1972-06-28,10581.2000000000
1972-06-29,10539.4100000000
1972-06-30,10552.7100000000
1972-07-03,10583.9400000000
1972-07-05,10678.4700000000
1972-07-06,10785.6900000000
1972-07-07,10763.1800000000
1972-07-10,10715.9100000000
1972-07-11,10617.4600000000
1972-07-12,10544.4600000000
1972-07-13,10472.4300000000
1972-07-14,10566.9500000000
1972-07-17,10489.6900000000
1972-07-18,10457.5300000000
1972-07-19,10512.4400000000
1972-07-20,10461.0900000000
1972-07-21,10562.7100000000
1972-07-24,10725.6400000000
1972-07-25,10761.0900000000
1972-07-26,10814.0700000000
1972-07-27,10847.5400000000
1972-07-28,10857.3300000000
1972-07-31,10874.1100000000
1972-08-01,10985.4000000000
1972-08-02,11093.7000000000
1972-08-03,11189.2300000000
1972-08-04,11235.6500000000
1972-08-07,11228.1700000000
1972-08-08,11246.0200000000
1972-08-09,11239.2100000000
1972-08-10,11249.3100000000
1972-08-11,11309.7700000000
1972-08-14,11379.4700000000
1972-08-15,11303.2200000000
1972-08-16,11216.2000000000
1972-08-17,11172.2700000000
1972-08-18,11177.9200000000
1972-08-21,11071.8000000000
1972-08-22,11071.6300000000
1972-08-23,11020.3100000000
1972-08-24,10876.7700000000
1972-08-25,10842.6300000000
1972-08-28,10791.9400000000
1972-08-29,10782.1000000000
1972-08-30,10810.1400000000
1972-08-31,10879.6000000000
1972-09-01,10963.8400000000
1972-09-05,10939.2800000000
1972-09-06,10869.8100000000
1972-09-07,10837.4100000000
1972-09-08,10821.7800000000
1972-09-11,10736.7400000000
1972-09-12,10601.7700000000
1972-09-13,10677.2400000000
1972-09-14,10718.7600000000
1972-09-15,10718.2800000000
1972-09-18,10682.9400000000
1972-09-19,10678.7800000000
1972-09-20,10690.5600000000
1972-09-21,10702.0900000000
1972-09-22,10712.0500000000
1972-09-25,10667.4900000000
1972-09-26,10692.5300000000
1972-09-27,10879.1300000000
1972-09-28,10991.2000000000
1972-09-29,11011.4900000000
1972-10-02,10987.5100000000
1972-10-03,10999.0200000000
1972-10-04,10942.0700000000
1972-10-05,10764.3600000000
1972-10-06,10863.1400000000
1972-10-09,10908.5400000000
1972-10-10,10949.8800000000
1972-10-11,10908.7000000000
1972-10-12,10758.9800000000
1972-10-13,10676.2600000000
1972-10-16,10539.8900000000
1972-10-17,10620.5600000000
1972-10-18,10700.2500000000
1972-10-19,10691.3800000000
1972-10-20,10847.9400000000
1972-10-23,10988.2900000000
1972-10-24,11042.7500000000
1972-10-25,11016.4300000000
1972-10-26,11050.1000000000
1972-10-27,11031.2900000000
1972-10-30,11058.7800000000
1972-10-31,11157.3200000000
1972-11-01,11273.7700000000
1972-11-02,11343.8400000000
1972-11-03,11447.9000000000
1972-11-06,11357.2200000000
1972-11-08,11236.9400000000
1972-11-09,11238.9500000000
1972-11-10,11206.6000000000
1972-11-13,11222.9200000000
1972-11-14,11316.5700000000
1972-11-15,11216.2000000000
1972-11-16,11265.7500000000
1972-11-17,11270.5700000000
1972-11-20,11235.6800000000
1972-11-21,11292.4200000000
1972-11-22,11318.2200000000
1972-11-24,11320.4200000000
1972-11-27,11286.5000000000
1972-11-28,11264.8900000000
1972-11-29,11288.7400000000
1972-11-30,11305.1300000000
1972-12-01,11382.6100000000
1972-12-04,11450.9700000000
1972-12-05,11444.9100000000
1972-12-06,11514.8300000000
1972-12-07,11623.7100000000
1972-12-08,11675.1800000000
1972-12-11,11722.6900000000
1972-12-12,11664.0700000000
1972-12-13,11646.9300000000
1972-12-14,11628.8300000000
1972-12-15,11654.4900000000
1972-12-18,11534.9200000000
1972-12-19,11461.0100000000
1972-12-20,11437.1500000000
1972-12-21,11368.0100000000
1972-12-22,11438.3000000000
1972-12-26,11478.7300000000
1972-12-27,11539.0600000000
1972-12-29,11673.2700000000
1973-01-02,11777.2800000000
1973-01-03,11852.4200000000
1973-01-04,11819.0600000000
1973-01-05,11862.9700000000
1973-01-08,11869.2800000000
1973-01-09,11869.7000000000
1973-01-10,11816.4000000000
1973-01-11,11896.6300000000
1973-01-12,11822.8100000000
1973-01-15,11755.6500000000
1973-01-16,11727.4800000000
1973-01-17,11786.3400000000
1973-01-18,11834.2900000000
1973-01-19,11847.1900000000
1973-01-22,11807.4000000000
1973-01-23,11864.8000000000
1973-01-24,11735.4200000000
1973-01-26,11669.3500000000
1973-01-29,11589.7500000000
1973-01-30,11572.1900000000
1973-01-31,11601.7600000000
1973-02-01,11491.8500000000
1973-02-02,11463.0200000000
1973-02-05,11474.0400000000
1973-02-06,11510.9200000000
1973-02-07,11457.1600000000
1973-02-08,11421.0200000000
1973-02-09,11611.7300000000
1973-02-12,11807.8400000000
1973-02-13,11940.8800000000
1973-02-14,11757.7200000000
1973-02-15,11666.2400000000
1973-02-16,11711.2100000000
1973-02-20,11747.0100000000
1973-02-21,11669.7900000000
1973-02-22,11638.3200000000
1973-02-23,11481.0800000000
1973-02-26,11379.9400000000
1973-02-27,11228.0500000000
1973-02-28,11339.6600000000
1973-03-01,11253.7200000000
1973-03-02,11411.6400000000
1973-03-05,11498.0700000000
1973-03-06,11679.3900000000
1973-03-07,11731.0000000000
1973-03-08,11714.7500000000
1973-03-09,11677.5900000000
1973-03-12,11699.0700000000
1973-03-13,11769.2700000000
1973-03-14,11859.7900000000
1973-03-15,11762.1300000000
1973-03-16,11680.9200000000
1973-03-19,11557.5200000000
1973-03-20,11551.6100000000
1973-03-21,11428.3600000000
1973-03-22,11257.3100000000
1973-03-23,11256.4300000000
1973-03-26,11371.2900000000
1973-03-27,11567.5900000000
1973-03-28,11601.4000000000
1973-03-29,11730.6000000000
1973-03-30,11579.3500000000
1973-04-02,11426.3000000000
1973-04-03,11334.2900000000
1973-04-04,11284.1100000000
1973-04-05,11275.3500000000
1973-04-06,11359.6300000000
1973-04-09,11533.7200000000
1973-04-10,11669.2200000000
1973-04-11,11752.6600000000
1973-04-12,11769.9800000000
1973-04-13,11711.2800000000
1973-04-16,11641.8400000000
1973-04-17,11616.0000000000
1973-04-18,11715.2600000000
1973-04-19,11794.9500000000
1973-04-23,11759.9600000000
1973-04-24,11647.4500000000
1973-04-25,11499.4100000000
1973-04-26,11538.7100000000
1973-04-27,11343.5300000000
1973-04-30,11304.0300000000
1973-05-01,11306.3700000000
1973-05-02,11446.1500000000
1973-05-03,11671.9500000000
1973-05-04,11756.1900000000
1973-05-07,11721.5000000000
1973-05-08,11751.3500000000
1973-05-09,11644.3000000000
1973-05-10,11540.9400000000
1973-05-11,11416.2700000000
1973-05-14,11179.8600000000
1973-05-15,11254.8200000000
1973-05-16,11263.7500000000
1973-05-17,11200.1600000000
1973-05-18,11049.3400000000
1973-05-21,10934.8700000000
1973-05-22,11001.7500000000
1973-05-23,11055.4200000000
1973-05-24,11405.6500000000
1973-05-25,11481.4500000000
1973-05-29,11463.3400000000
1973-05-30,11291.0700000000
1973-05-31,11209.2600000000
1973-06-01,11095.7200000000
1973-06-04,11006.9700000000
1973-06-05,11185.6400000000
1973-06-06,11156.9400000000
1973-06-07,11352.1600000000
1973-06-08,11532.0600000000
1973-06-11,11481.9900000000
1973-06-12,11670.0100000000
1973-06-13,11560.0200000000
1973-06-14,11455.5700000000
1973-06-15,11322.3400000000
1973-06-18,11177.7100000000
1973-06-19,11237.2100000000
1973-06-20,11294.2200000000
1973-06-21,11163.6300000000
1973-06-22,11226.5000000000
1973-06-25,11078.8600000000
1973-06-26,11185.7800000000
1973-06-27,11232.0300000000
1973-06-28,11369.1900000000
1973-06-29,11334.2900000000
1973-07-02,11190.8200000000
1973-07-03,11067.1600000000
1973-07-05,11059.9300000000
1973-07-06,10984.9700000000
1973-07-09,11035.8700000000
1973-07-10,11139.1400000000
1973-07-11,11268.2700000000
1973-07-12,11262.1900000000
1973-07-13,11066.9000000000
1973-07-16,11224.0800000000
1973-07-17,11235.6100000000
1973-07-18,11236.8300000000
1973-07-19,11248.6100000000
1973-07-20,11320.7600000000
1973-07-23,11357.2900000000
1973-07-24,11469.6500000000
1973-07-25,11665.1000000000
1973-07-26,11694.9400000000
1973-07-27,11660.0700000000
1973-07-30,11620.1000000000
1973-07-31,11505.2900000000
1973-08-01,11381.8700000000
1973-08-02,11355.3500000000
1973-08-03,11316.0300000000
1973-08-06,11354.6800000000
1973-08-07,11365.9400000000
1973-08-08,11294.0700000000
1973-08-09,11290.9200000000
1973-08-10,11206.7000000000
1973-08-13,11090.0000000000
1973-08-14,10955.8500000000
1973-08-15,10967.1000000000
1973-08-16,10860.6900000000
1973-08-17,10858.7400000000
1973-08-20,10787.2300000000
1973-08-21,10685.7700000000
1973-08-22,10654.1900000000
1973-08-23,10800.8200000000
1973-08-24,10761.8700000000
1973-08-27,10857.4600000000
1973-08-28,10931.4700000000
1973-08-29,11063.1800000000
1973-08-30,11011.6000000000
1973-08-31,11042.8000000000
1973-09-04,11024.9700000000
1973-09-05,11025.1300000000
1973-09-06,11076.1600000000
1973-09-07,11031.3900000000
1973-09-10,10929.3700000000
1973-09-11,10859.6500000000
1973-09-12,10849.4500000000
1973-09-13,10873.7000000000
1973-09-14,11007.6600000000
1973-09-17,10951.7200000000
1973-09-18,10894.7700000000
1973-09-19,11128.5600000000
1973-09-20,11225.7400000000
1973-09-21,11251.0900000000
1973-09-24,11242.8000000000
1973-09-25,11270.3600000000
1973-09-26,11332.6700000000
1973-09-27,11399.3400000000
1973-09-28,11333.0700000000
1973-10-01,11313.9100000000
1973-10-02,11377.9800000000
1973-10-03,11398.1500000000
1973-10-04,11325.9200000000
1973-10-05,11447.3400000000
1973-10-08,11513.1000000000
1973-10-09,11489.9700000000
1973-10-10,11397.7600000000
1973-10-11,11635.1200000000
1973-10-12,11701.0600000000
1973-10-15,11580.3900000000
1973-10-16,11604.9100000000
1973-10-17,11648.8600000000
1973-10-18,11670.5400000000
1973-10-19,11700.7500000000
1973-10-22,11611.7200000000
1973-10-23,11684.2800000000
1973-10-24,11761.4300000000
1973-10-25,11817.3100000000
1973-10-26,11934.1400000000
1973-10-29,11957.1600000000
1973-10-30,11779.0900000000
1973-10-31,11689.8500000000
1973-11-01,11686.2900000000
1973-11-02,11657.3100000000
1973-11-05,11504.9000000000
1973-11-06,11440.7900000000
1973-11-07,11522.9500000000
1973-11-08,11666.8700000000
1973-11-09,11561.4000000000
1973-11-12,11494.6600000000
1973-11-13,11539.7200000000
1973-11-14,11389.9900000000
1973-11-15,11414.7900000000
1973-11-16,11545.0300000000
1973-11-19,11196.6500000000
1973-11-20,10988.9100000000
1973-11-21,11113.5900000000
1973-11-23,11118.5100000000
1973-11-26,10789.7600000000
1973-11-27,10734.5800000000
1973-11-28,10982.4900000000
1973-11-29,10955.5300000000
1973-11-30,10849.9600000000
1973-12-03,10657.6500000000
1973-12-04,10703.1700000000
1973-12-05,10592.5200000000
1973-12-06,10800.3100000000
1973-12-07,11048.4500000000
1973-12-10,11228.1000000000
1973-12-11,11083.3700000000
1973-12-12,10799.9500000000
1973-12-13,10657.2900000000
1973-12-14,10792.5900000000
1973-12-17,10754.8800000000
1973-12-18,10966.8500000000
1973-12-19,10962.8200000000
1973-12-20,10969.8300000000
1973-12-21,10888.8900000000
1973-12-24,10834.2300000000
1973-12-26,11142.3900000000
1973-12-27,11353.7600000000
1973-12-28,11357.3900000000
1973-12-31,11384.3000000000
1974-01-02,11403.4900000000
1974-01-03,11659.3500000000
1974-01-04,11558.4000000000
1974-01-07,11425.9200000000
1974-01-08,11186.5000000000
1974-01-09,10750.7800000000
1974-01-10,10557.1500000000
1974-01-11,10651.0500000000
1974-01-14,10589.7400000000
1974-01-15,10686.4200000000
1974-01-16,10830.0600000000
1974-01-17,10933.0700000000
1974-01-18,10681.0800000000
1974-01-21,10589.2100000000
1974-01-22,10716.9400000000
1974-01-23,10797.0600000000
1974-01-24,10779.2400000000
1974-01-25,10775.7300000000
1974-01-28,10731.3000000000
1974-01-29,10682.0800000000
1974-01-30,10798.9500000000
1974-01-31,10716.2700000000
1974-02-01,10591.4700000000
1974-02-04,10414.6500000000
1974-02-05,10375.6200000000
1974-02-06,10389.7900000000
1974-02-07,10375.0500000000
1974-02-08,10263.3000000000
1974-02-11,10046.3200000000
1974-02-12,10058.9900000000
1974-02-13,10063.2400000000
1974-02-14,10078.8100000000
1974-02-15,10224.9200000000
1974-02-19,10221.6500000000
1974-02-20,10364.5100000000
1974-02-21,10577.4600000000
1974-02-22,10665.0400000000
1974-02-25,10638.4800000000
1974-02-26,10767.0600000000
1974-02-27,10822.9000000000
1974-02-28,10808.9600000000
1974-03-01,10702.2500000000
1974-03-04,10681.4300000000
1974-03-05,10881.3200000000
1974-03-06,10944.5200000000
1974-03-07,10824.9300000000
1974-03-08,10896.7800000000
1974-03-11,11020.0400000000
1974-03-12,11067.0000000000
1974-03-13,11118.9300000000
1974-03-14,11095.0600000000
1974-03-15,11055.0900000000
1974-03-18,10893.6500000000
1974-03-19,10820.7200000000
1974-03-20,10862.2000000000
1974-03-21,10852.5000000000
1974-03-22,10813.5400000000
1974-03-25,10802.7500000000
1974-03-26,10855.1900000000
1974-03-27,10751.0200000000
1974-03-28,10542.3400000000
1974-03-29,10491.0200000000
1974-04-01,10440.1200000000
1974-04-02,10415.2000000000
1974-04-03,10513.5500000000
1974-04-04,10499.2200000000
1974-04-05,10325.4500000000
1974-04-08,10193.6100000000
1974-04-09,10268.0100000000
1974-04-10,10267.6300000000
1974-04-11,10253.5700000000
1974-04-15,10253.2000000000
1974-04-16,10394.5500000000
1974-04-17,10452.8400000000
1974-04-18,10528.2400000000
1974-04-19,10439.3600000000
1974-04-22,10421.4200000000
1974-04-23,10265.9200000000
1974-04-24,10065.3700000000
1974-04-25,9870.3200000000
1974-04-26,9928.3000000000
1974-04-29,9956.8300000000
1974-04-30,10036.9100000000
1974-05-01,10278.0600000000
1974-05-02,10301.8800000000
1974-05-03,10254.8100000000
1974-05-06,10207.7500000000
1974-05-07,10227.5100000000
1974-05-08,10186.5100000000
1974-05-09,10311.0200000000
1974-05-10,10188.2000000000
1974-05-13,10097.9600000000
1974-05-14,10093.4000000000
1974-05-15,10069.4900000000
1974-05-16,9883.1600000000
1974-05-17,9677.7700000000
1974-05-20,9560.7300000000
1974-05-21,9481.5400000000
1974-05-22,9312.4600000000
1974-05-23,9241.0400000000
1974-05-24,9359.4900000000
1974-05-28,9296.1700000000
1974-05-29,9065.8300000000
1974-05-30,9144.8600000000
1974-05-31,9156.0300000000
1974-06-03,9377.9400000000
1974-06-04,9537.1500000000
1974-06-05,9573.2900000000
1974-06-06,9716.0800000000
1974-06-07,9788.9200000000
1974-06-10,9875.2600000000
1974-06-11,9781.4200000000
1974-06-12,9753.8700000000
1974-06-13,9804.0700000000
1974-06-14,9719.7700000000
1974-06-17,9617.6800000000
1974-06-18,9568.0100000000
1974-06-19,9499.7700000000
1974-06-20,9442.9000000000
1974-06-21,9407.8100000000
1974-06-24,9408.3900000000
1974-06-25,9530.3600000000
1974-06-26,9436.5400000000
1974-06-27,9316.3100000000
1974-06-28,9287.4100000000
1974-07-01,9272.1400000000
1974-07-02,9100.3500000000
1974-07-03,9063.9400000000
1974-07-05,9025.1800000000
1974-07-08,8777.5300000000
1974-07-09,8815.2800000000
1974-07-10,8656.1300000000
1974-07-11,8664.4600000000
1974-07-12,8999.5400000000
1974-07-15,9073.4200000000
1974-07-16,9023.8500000000
1974-07-17,9140.7500000000
1974-07-18,9196.6200000000
1974-07-19,9211.2300000000
1974-07-22,9229.3600000000
1974-07-23,9387.7700000000
1974-07-24,9477.0100000000
1974-07-25,9488.1300000000
1974-07-26,9324.0600000000
1974-07-29,9174.3300000000
1974-07-30,9117.7800000000
1974-07-31,9067.7800000000
1974-08-01,9008.2400000000
1974-08-02,9018.6600000000
1974-08-05,9102.0700000000
1974-08-06,9215.4100000000
1974-08-07,9413.0700000000
1974-08-08,9315.7600000000
1974-08-09,9294.1700000000
1974-08-12,9237.3100000000
1974-08-13,9117.5800000000
1974-08-14,8931.0600000000
1974-08-15,8865.0800000000
1974-08-16,8824.6000000000
1974-08-19,8681.4000000000
1974-08-20,8694.4000000000
1974-08-21,8537.0000000000
1974-08-22,8437.5800000000
1974-08-23,8272.1100000000
1974-08-26,8316.4700000000
1974-08-27,8172.9000000000
1974-08-28,8111.1600000000
1974-08-29,7977.8500000000
1974-08-30,8208.8600000000
1974-09-03,8101.1400000000
1974-09-04,7898.9900000000
1974-09-05,8158.0400000000
1974-09-06,8290.1100000000
1974-09-09,8102.9500000000
1974-09-10,7997.8400000000
1974-09-11,7927.3100000000
1974-09-12,7714.8000000000
1974-09-13,7578.4800000000
1974-09-16,7646.3400000000
1974-09-17,7802.4400000000
1974-09-18,7806.1400000000
1974-09-19,8090.0300000000
1974-09-20,8093.2300000000
1974-09-23,8082.4000000000
1974-09-24,8001.4600000000
1974-09-25,7991.7500000000
1974-09-26,7831.1500000000
1974-09-27,7592.1400000000
1974-09-30,7397.6900000000
1974-10-01,7373.2900000000
1974-10-02,7371.8400000000
1974-10-03,7233.6000000000
1974-10-04,7315.1800000000
1974-10-07,7618.1700000000
1974-10-08,7589.8600000000
1974-10-09,7873.4000000000
1974-10-10,8136.2300000000
1974-10-11,8302.9100000000
1974-10-14,8464.4900000000
1974-10-15,8284.7600000000
1974-10-16,8184.8200000000
1974-10-17,8342.0800000000
1974-10-18,8490.1000000000
1974-10-21,8617.2000000000
1974-10-22,8578.8100000000
1974-10-23,8354.1300000000
1974-10-24,8309.4400000000
1974-10-25,8359.3700000000
1974-10-28,8386.9800000000
1974-10-29,8669.8200000000
1974-10-30,8853.5500000000
1974-10-31,8838.6300000000
1974-11-01,8803.4500000000
1974-11-04,8680.9000000000
1974-11-05,8828.2600000000
1974-11-06,8843.9500000000
1974-11-07,8876.8900000000
1974-11-08,8868.4000000000
1974-11-11,8888.2200000000
1974-11-12,8719.6900000000
1974-11-13,8725.8900000000
1974-11-14,8742.0400000000
1974-11-15,8644.0300000000
1974-11-18,8375.8300000000
1974-11-19,8205.2400000000
1974-11-20,8222.9800000000
1974-11-21,8305.6000000000
1974-11-22,8401.7700000000
1974-11-25,8373.5000000000
1974-11-26,8416.2900000000
1974-11-27,8446.5400000000
1974-11-29,8433.1100000000
1974-12-02,8197.2900000000
1974-12-03,8049.7100000000
1974-12-04,8118.4500000000
1974-12-05,7941.9200000000
1974-12-06,7803.6300000000
1974-12-09,7826.7600000000
1974-12-10,8030.8700000000
1974-12-11,8046.4300000000
1974-12-12,8024.9000000000
1974-12-13,7990.8500000000
1974-12-16,7961.6400000000
1974-12-17,8083.7000000000
1974-12-18,8147.6200000000
1974-12-19,8131.0000000000
1974-12-20,8067.7600000000
1974-12-23,7982.0300000000
1974-12-24,8063.4800000000
1974-12-26,8117.9200000000
1974-12-27,8108.9200000000
1974-12-30,8067.3200000000
1974-12-31,8193.5400000000
1975-01-02,8333.2700000000
1975-01-03,8314.5700000000
1975-01-06,8368.9800000000
1975-01-07,8377.0800000000
1975-01-08,8311.2900000000
1975-01-09,8379.5100000000
1975-01-10,8560.8800000000
1975-01-13,8565.5200000000
1975-01-14,8515.9200000000
1975-01-15,8606.5900000000
1975-01-16,8642.5300000000
1975-01-17,8562.4600000000
1975-01-20,8558.4000000000
1975-01-21,8525.4900000000
1975-01-22,8584.2900000000
1975-01-23,8641.4100000000
1975-01-24,8793.3800000000
1975-01-27,9066.7900000000
1975-01-28,9084.7100000000
1975-01-29,9197.6100000000
1975-01-30,9112.8500000000
1975-01-31,9171.0500000000
1975-02-03,9270.8700000000
1975-02-04,9207.4900000000
1975-02-05,9347.2100000000
1975-02-06,9354.3400000000
1975-02-07,9320.1500000000
1975-02-10,9309.5400000000
1975-02-11,9262.3700000000
1975-02-12,9299.5900000000
1975-02-13,9426.4500000000
1975-02-14,9507.4300000000
1975-02-18,9522.0000000000
1975-02-19,9540.3400000000
1975-02-20,9671.7400000000
1975-02-21,9710.1900000000
1975-02-24,9601.8300000000
1975-02-25,9403.1700000000
1975-02-26,9505.7300000000
1975-02-27,9539.3500000000
1975-02-28,9586.4000000000
1975-03-03,9778.3900000000
1975-03-04,9894.0300000000
1975-03-05,9836.7900000000
1975-03-06,9919.3800000000
1975-03-07,9996.0500000000
1975-03-10,10070.4600000000
1975-03-11,10066.6200000000
1975-03-12,9962.1400000000
1975-03-13,9974.3600000000
1975-03-14,10117.5900000000
1975-03-17,10301.1700000000
1975-03-18,10279.1000000000
1975-03-19,10173.8700000000
1975-03-20,10080.0500000000
1975-03-21,10103.4900000000
1975-03-24,9916.5600000000
1975-03-25,9993.0300000000
1975-03-26,10179.4300000000
1975-03-27,10307.2700000000
1975-03-31,10255.0000000000
1975-04-01,10148.9200000000
1975-04-02,10155.2900000000
1975-04-03,10096.9100000000
1975-04-04,10060.4500000000
1975-04-07,9973.0500000000
1975-04-08,10023.3100000000
1975-04-09,10237.2700000000
1975-04-10,10389.0100000000
1975-04-11,10492.6400000000
1975-04-14,10630.3900000000
1975-04-15,10658.4100000000
1975-04-16,10711.7900000000
1975-04-17,10841.1800000000
1975-04-18,10732.2000000000
1975-04-21,10856.8500000000
1975-04-22,10836.5000000000
1975-04-23,10725.2800000000
1975-04-24,10704.2700000000
1975-04-25,10786.0800000000
1975-04-28,10769.8200000000
1975-04-29,10709.1000000000
1975-04-30,10875.4800000000
1975-05-01,10972.4500000000
1975-05-02,11078.2200000000
1975-05-05,11145.3100000000
1975-05-06,10951.4300000000
1975-05-07,10960.0400000000
1975-05-08,11057.7400000000
1975-05-09,11195.0400000000
1975-05-12,11207.1300000000
1975-05-13,11261.5600000000
1975-05-14,11391.0500000000
1975-05-15,11344.4900000000
1975-05-16,11205.6500000000
1975-05-19,11214.9900000000
1975-05-20,11188.8000000000
1975-05-21,11027.5700000000
1975-05-22,11046.4400000000
1975-05-23,11154.4500000000
1975-05-27,11145.1000000000
1975-05-28,11021.5700000000
1975-05-29,11053.2500000000
1975-05-30,11276.0000000000
1975-06-02,11537.6700000000
1975-06-03,11615.6300000000
1975-06-04,11550.8400000000
1975-06-05,11546.7500000000
1975-06-06,11514.4500000000
1975-06-09,11391.7600000000
1975-06-10,11300.5200000000
1975-06-11,11336.0100000000
1975-06-12,11281.4200000000
1975-06-13,11331.6400000000
1975-06-16,11493.9100000000
1975-06-17,11406.9400000000
1975-06-18,11394.1900000000
1975-06-19,11616.4400000000
1975-06-20,11720.3500000000
1975-06-23,11806.1000000000
1975-06-24,11889.6400000000
1975-06-25,11913.8400000000
1975-06-26,11903.7500000000
1975-06-27,11890.8500000000
1975-06-30,11941.9200000000
1975-07-01,11935.5900000000
1975-07-02,11869.4600000000
1975-07-03,11899.0900000000
1975-07-07,11824.5600000000
1975-07-08,11800.4500000000
1975-07-09,11982.4300000000
1975-07-10,11984.5100000000
1975-07-11,11976.3900000000
1975-07-14,12020.4900000000
1975-07-15,12115.2200000000
1975-07-16,12007.3500000000
1975-07-17,11917.7400000000
1975-07-18,11876.2000000000
1975-07-21,11776.4700000000
1975-07-22,11616.7500000000
1975-07-23,11453.8800000000
1975-07-24,11403.3300000000
1975-07-25,11332.0600000000
1975-07-28,11239.7400000000
1975-07-29,11232.3200000000
1975-07-30,11304.4100000000
1975-07-31,11340.3900000000
1975-08-01,11250.2100000000
1975-08-04,11143.4600000000
1975-08-05,11073.9700000000
1975-08-06,11106.7300000000
1975-08-07,11139.0400000000
1975-08-08,11154.9700000000
1975-08-11,11235.0300000000
1975-08-12,11330.7000000000
1975-08-13,11216.2200000000
1975-08-14,11183.1000000000
1975-08-15,11299.4300000000
1975-08-18,11284.4400000000
1975-08-19,11095.6500000000
1975-08-20,10827.6800000000
1975-08-21,10810.4700000000
1975-08-22,10988.8900000000
1975-08-25,11117.0600000000
1975-08-26,11008.6700000000
1975-08-27,11061.2100000000
1975-08-28,11298.1800000000
1975-08-29,11403.5100000000
1975-09-02,11272.0300000000
1975-09-03,11362.9800000000
1975-09-04,11425.6400000000
1975-09-05,11389.7200000000
1975-09-08,11474.5700000000
1975-09-09,11369.2000000000
1975-09-10,11174.3000000000
1975-09-11,11133.0300000000
1975-09-12,11121.5100000000
1975-09-15,11071.8700000000
1975-09-16,10955.0200000000
1975-09-17,10979.6300000000
1975-09-18,11154.0100000000
1975-09-19,11394.5600000000
1975-09-22,11345.5500000000
1975-09-23,11327.5100000000
1975-09-24,11491.5500000000
1975-09-25,11509.9800000000
1975-09-26,11617.9400000000
1975-09-29,11487.8900000000
1975-09-30,11271.2500000000
1975-10-01,11100.8600000000
1975-10-02,11209.4100000000
1975-10-03,11508.5500000000
1975-10-06,11655.7900000000
1975-10-07,11604.9200000000
1975-10-08,11777.2000000000
1975-10-09,11808.8800000000
1975-10-10,11731.4300000000
1975-10-13,11886.5100000000
1975-10-14,11860.4300000000
1975-10-15,11881.3300000000
1975-10-16,11878.3200000000
1975-10-17,11801.0500000000
1975-10-20,11938.9500000000
1975-10-21,12086.5100000000
1975-10-22,12098.7300000000
1975-10-23,12180.9800000000
1975-10-24,12035.9000000000
1975-10-27,11996.8000000000
1975-10-28,12092.2400000000
1975-10-29,11917.8300000000
1975-10-30,11873.3600000000
1975-10-31,11834.0500000000
1975-11-03,11691.9300000000
1975-11-04,11702.3200000000
1975-11-05,11839.6300000000
1975-11-06,11871.9600000000
1975-11-07,11797.0200000000
1975-11-10,11751.4600000000
1975-11-11,11848.4400000000
1975-11-12,12040.2000000000
1975-11-13,12029.0900000000
1975-11-14,12002.4700000000
1975-11-17,12028.7700000000
1975-11-18,11969.8400000000
1975-11-19,11773.7900000000
1975-11-20,11757.3000000000
1975-11-21,11733.0500000000
1975-11-24,11787.2700000000
1975-11-25,11923.0500000000
1975-11-26,11995.5400000000
1975-11-28,12062.3800000000
1975-12-01,11986.5700000000
1975-12-02,11731.6300000000
1975-12-03,11448.0900000000
1975-12-04,11474.9900000000
1975-12-05,11333.9600000000
1975-12-08,11359.5800000000
1975-12-09,11399.7600000000
1975-12-10,11530.8800000000
1975-12-11,11566.5200000000
1975-12-12,11559.7700000000
1975-12-15,11600.8700000000
1975-12-16,11753.5500000000
1975-12-17,11804.6200000000
1975-12-18,11863.2100000000
1975-12-19,11771.4200000000
1975-12-22,11666.0700000000
1975-12-23,11782.4700000000
1975-12-24,11912.4500000000
1975-12-26,12030.5700000000
1975-12-29,12000.7000000000
1975-12-30,11946.3300000000
1975-12-31,11991.0200000000
1976-01-02,12040.7000000000
1976-01-05,12258.6600000000
1976-01-06,12445.5200000000
1976-01-07,12589.9400000000
1976-01-08,12698.3300000000
1976-01-09,12806.7400000000
1976-01-12,13000.4400000000
1976-01-13,12893.6100000000
1976-01-14,13167.9100000000
1976-01-15,13097.8500000000
1976-01-16,13180.5600000000
1976-01-19,13338.0800000000
1976-01-20,13406.8100000000
1976-01-21,13318.4300000000
1976-01-22,13274.3600000000
1976-01-23,13443.0000000000
1976-01-26,13487.0800000000
1976-01-27,13386.6200000000
1976-01-28,13343.2500000000
1976-01-29,13472.4800000000
1976-01-30,13580.1400000000
1976-02-02,13628.4700000000
1976-02-03,13697.0500000000
1976-02-04,13799.8800000000
1976-02-05,13599.5100000000
1976-02-06,13479.4600000000
1976-02-09,13541.8500000000
1976-02-10,13648.6900000000
1976-02-11,13681.7100000000
1976-02-12,13553.5000000000
1976-02-13,13489.3100000000
1976-02-17,13466.8300000000
1976-02-18,13587.8900000000
1976-02-19,13752.7900000000
1976-02-20,13865.8100000000
1976-02-23,13789.9300000000
1976-02-24,13898.3400000000
1976-02-25,13954.5400000000
1976-02-26,13819.2000000000
1976-02-27,13727.3400000000
1976-03-01,13743.3300000000
1976-03-02,13853.4100000000
1976-03-03,13810.7200000000
1976-03-04,13700.0400000000
1976-03-05,13726.3300000000
1976-03-08,13875.5300000000
1976-03-09,13923.1500000000
1976-03-10,14028.7100000000
1976-03-11,14181.9500000000
1976-03-12,14039.9900000000
1976-03-15,13870.1500000000
1976-03-16,14038.2600000000
1976-03-17,14060.3800000000
1976-03-18,13956.7700000000
1976-03-19,13941.5800000000
1976-03-22,13962.0600000000
1976-03-23,14135.3000000000
1976-03-24,14254.4900000000
1976-03-25,14159.0500000000
1976-03-26,14180.8800000000
1976-03-29,14152.5100000000
1976-03-30,14106.8700000000
1976-03-31,14205.2500000000
1976-04-01,14122.2200000000
1976-04-02,14095.3100000000
1976-04-05,14319.2700000000
1976-04-06,14352.3100000000
1976-04-07,14185.4200000000
1976-04-08,14029.7700000000
1976-04-09,13904.5700000000
1976-04-12,13892.1000000000
1976-04-13,14015.4100000000
1976-04-14,13995.8700000000
1976-04-15,14059.9500000000
1976-04-19,14133.0400000000
1976-04-20,14345.7200000000
1976-04-21,14395.5000000000
1976-04-22,14385.9900000000
1976-04-23,14293.9800000000
1976-04-26,14331.3300000000
1976-04-27,14307.8700000000
1976-04-28,14344.2300000000
1976-04-29,14401.8100000000
1976-04-30,14329.7600000000
1976-05-03,14227.1400000000
1976-05-04,14246.8500000000
1976-05-05,14195.3000000000
1976-05-06,14226.9700000000
1976-05-07,14352.6100000000
1976-05-10,14557.4800000000
1976-05-11,14594.2900000000
1976-05-12,14574.0300000000
1976-05-13,14457.8500000000
1976-05-14,14384.9200000000
1976-05-17,14377.5500000000
1976-05-18,14439.7800000000
1976-05-19,14428.7000000000
1976-05-20,14499.1500000000
1976-05-21,14393.2600000000
1976-05-24,14152.8500000000
1976-05-25,14105.6900000000
1976-05-26,14103.6700000000
1976-05-27,14128.5100000000
1976-05-28,14251.4400000000
1976-06-01,14223.5800000000
1976-06-02,14266.9500000000
1976-06-03,14260.7700000000
1976-06-04,14153.4800000000
1976-06-07,14043.9200000000
1976-06-08,14084.6300000000
1976-06-09,14084.5200000000
1976-06-10,14214.2200000000
1976-06-11,14372.2700000000
1976-06-14,14504.6500000000
1976-06-15,14451.9600000000
1976-06-16,14551.3300000000
1976-06-17,14749.8700000000
1976-06-18,14813.2300000000
1976-06-21,14830.1800000000
1976-06-22,14738.0300000000
1976-06-23,14695.3400000000
1976-06-24,14772.8100000000
1976-06-25,14746.0800000000
1976-06-28,14723.6000000000
1976-06-29,14754.1100000000
1976-06-30,14792.7400000000
1976-07-01,14652.8100000000
1976-07-02,14683.6700000000
1976-07-06,14608.1300000000
1976-07-07,14634.9000000000
1976-07-08,14696.4800000000
1976-07-09,14799.9000000000
1976-07-12,14904.5700000000
1976-07-13,14884.3700000000
1976-07-14,14891.4600000000
1976-07-15,14818.7700000000
1976-07-16,14754.0900000000
1976-07-19,14701.8900000000
1976-07-20,14632.4200000000
1976-07-21,14638.2600000000
1976-07-22,14665.1600000000
1976-07-23,14679.7700000000
1976-07-26,14685.7700000000
1976-07-27,14661.5400000000
1976-07-28,14630.7700000000
1976-07-29,14600.2900000000
1976-07-30,14666.3900000000
1976-08-02,14654.1700000000
1976-08-03,14809.7600000000
1976-08-04,14828.5900000000
1976-08-05,14776.1800000000
1976-08-06,14751.4000000000
1976-08-09,14738.6200000000
1976-08-10,14850.6100000000
1976-08-11,14800.3300000000
1976-08-12,14842.6300000000
1976-08-13,14870.6100000000
1976-08-16,14893.3300000000
1976-08-17,14911.3200000000
1976-08-18,14878.3400000000
1976-08-19,14713.5000000000
1976-08-20,14533.7000000000
1976-08-23,14410.5100000000
1976-08-24,14325.1300000000
1976-08-25,14461.3900000000
1976-08-26,14395.5100000000
1976-08-27,14462.0200000000
1976-08-30,14543.7900000000
1976-08-31,14655.1900000000
1976-09-01,14804.6500000000
1976-09-02,14804.2800000000
1976-09-03,14879.3800000000
1976-09-07,14992.6500000000
1976-09-08,14974.8900000000
1976-09-09,14917.4900000000
1976-09-10,14956.3200000000
1976-09-13,14907.5200000000
1976-09-14,14887.3700000000
1976-09-15,14904.8300000000
1976-09-16,15045.5400000000
1976-09-17,15162.6000000000
1976-09-20,15238.7900000000
1976-09-21,15423.2900000000
1976-09-22,15383.4500000000
1976-09-23,15313.6500000000
1976-09-24,15312.8400000000
1976-09-27,15401.3100000000
1976-09-28,15192.2900000000
1976-09-29,15102.5300000000
1976-09-30,15051.2100000000
1976-10-01,14860.8900000000
1976-10-04,14865.2500000000
1976-10-05,14735.2400000000
1976-10-06,14619.8300000000
1976-10-07,14671.9100000000
1976-10-08,14479.2500000000
1976-10-11,14292.1200000000
1976-10-12,14178.9300000000
1976-10-13,14409.0800000000
1976-10-14,14189.3900000000
1976-10-15,14211.6500000000
1976-10-18,14325.0200000000
1976-10-19,14353.5600000000
1976-10-20,14444.6500000000
1976-10-21,14329.1100000000
1976-10-22,14203.0500000000
1976-10-25,14207.8100000000
1976-10-26,14380.9700000000
1976-10-27,14422.8500000000
1976-10-28,14402.2600000000
1976-10-29,14556.8300000000
1976-11-01,14620.1300000000
1976-11-03,14438.9400000000
1976-11-04,14642.8700000000
1976-11-05,14465.5200000000
1976-11-08,14250.3800000000
1976-11-09,14176.7200000000
1976-11-10,14092.0400000000
1976-11-11,14193.9600000000
1976-11-12,14155.7300000000
1976-11-15,14200.9600000000
1976-11-16,14224.0800000000
1976-11-17,14276.7600000000
1976-11-18,14537.7200000000
1976-11-19,14556.4200000000
1976-11-22,14660.6200000000
1976-11-23,14589.9700000000
1976-11-24,14683.5900000000
1976-11-26,14788.5300000000
1976-11-29,14667.9400000000
1976-11-30,14638.2000000000
1976-12-01,14736.2400000000
1976-12-02,14740.3700000000
1976-12-03,14823.6700000000
1976-12-06,15004.5200000000
1976-12-07,15000.2700000000
1976-12-08,15114.4200000000
1976-12-09,15191.5600000000
1976-12-10,15228.0600000000
1976-12-13,15241.3500000000
1976-12-14,15291.0500000000
1976-12-15,15360.9700000000
1976-12-16,15332.0700000000
1976-12-17,15307.2100000000
1976-12-20,15257.5200000000
1976-12-21,15312.7900000000
1976-12-22,15386.2000000000
1976-12-23,15379.0100000000
1976-12-27,15577.7100000000
1976-12-28,15690.8500000000
1976-12-29,15641.6600000000
1976-12-30,15762.2200000000
1976-12-31,15824.9200000000
1977-01-03,15834.6100000000
1977-01-04,15689.9000000000
1977-01-05,15553.3500000000
1977-01-06,15611.5800000000
1977-01-07,15628.3900000000
1977-01-10,15646.1400000000
1977-01-11,15501.8300000000
1977-01-12,15419.0800000000
1977-01-13,15567.7000000000
1977-01-14,15543.5700000000
1977-01-17,15523.7900000000
1977-01-18,15515.5100000000
1977-01-19,15631.8600000000
1977-01-20,15516.1300000000
1977-01-21,15615.5100000000
1977-01-24,15689.9200000000
1977-01-25,15719.1000000000
1977-01-26,15642.7400000000
1977-01-27,15579.2000000000
1977-01-28,15641.7200000000
1977-01-31,15638.5600000000
1977-02-01,15720.5300000000
1977-02-02,15680.2500000000
1977-02-03,15646.4700000000
1977-02-04,15655.3800000000
1977-02-07,15648.4400000000
1977-02-08,15604.7600000000
1977-02-09,15446.8000000000
1977-02-10,15487.3500000000
1977-02-11,15397.1000000000
1977-02-14,15459.2100000000
1977-02-15,15536.4100000000
1977-02-16,15599.1000000000
1977-02-17,15496.9900000000
1977-02-18,15422.4900000000
1977-02-22,15443.1100000000
1977-02-23,15445.6800000000
1977-02-24,15374.5400000000
1977-02-25,15324.9500000000
1977-02-28,15407.3600000000
1977-03-01,15526.2700000000
1977-03-02,15518.7500000000
1977-03-03,15629.3400000000
1977-03-04,15683.1700000000
1977-03-07,15706.5700000000
1977-03-08,15669.0700000000
1977-03-09,15583.2900000000
1977-03-10,15662.5400000000
1977-03-11,15687.1600000000
1977-03-14,15843.7700000000
1977-03-15,16010.1600000000
1977-03-16,16033.2700000000
1977-03-17,16057.1800000000
1977-03-18,16020.0800000000
1977-03-21,15905.9200000000
1977-03-22,15797.2400000000
1977-03-23,15595.6700000000
1977-03-24,15534.1500000000
1977-03-25,15473.3900000000
1977-03-28,15498.9200000000
1977-03-29,15595.4200000000
1977-03-30,15501.6200000000
1977-03-31,15533.8000000000
1977-04-01,15682.0600000000
1977-04-04,15590.8900000000
1977-04-05,15597.6100000000
1977-04-06,15611.1500000000
1977-04-07,15670.3900000000
1977-04-11,15726.1600000000
1977-04-12,15944.5900000000
1977-04-13,15941.1800000000
1977-04-14,16067.2300000000
1977-04-15,16094.9200000000
1977-04-18,15989.2200000000
1977-04-19,15938.4700000000
1977-04-20,16012.4600000000
1977-04-21,15943.2800000000
1977-04-22,15793.8500000000
1977-04-25,15675.2800000000
1977-04-26,15685.3800000000
1977-04-27,15817.0300000000
1977-04-28,15865.9700000000
1977-04-29,15932.5000000000
1977-05-02,16044.8500000000
1977-05-03,16120.7900000000
1977-05-04,16152.9300000000
1977-05-05,16175.2200000000
1977-05-06,16126.3100000000
1977-05-09,16072.6600000000
1977-05-10,16138.2800000000
1977-05-11,16100.5200000000
1977-05-12,16114.7400000000
1977-05-13,16167.9500000000
1977-05-16,16262.1300000000
1977-05-17,16309.7100000000
1977-05-18,16395.3900000000
1977-05-19,16322.1500000000
1977-05-20,16326.2500000000
1977-05-23,16157.7800000000
1977-05-24,16076.3500000000
1977-05-25,15981.9900000000
1977-05-26,16027.5400000000
1977-05-27,15964.9600000000
1977-05-31,15972.3700000000
1977-06-01,16081.4700000000
1977-06-02,16098.2200000000
1977-06-03,16219.3600000000
1977-06-06,16175.2100000000
1977-06-07,16245.2000000000
1977-06-08,16313.7700000000
1977-06-09,16288.4900000000
1977-06-10,16371.9100000000
1977-06-13,16404.7800000000
1977-06-14,16532.2600000000
1977-06-15,16489.4700000000
1977-06-16,16569.0200000000
1977-06-17,16582.7800000000
1977-06-20,16628.3500000000
1977-06-21,16710.5800000000
1977-06-22,16701.0700000000
1977-06-23,16742.9500000000
1977-06-24,16825.9100000000
1977-06-27,16803.7700000000
1977-06-28,16682.6200000000
1977-06-29,16662.6600000000
1977-06-30,16752.8600000000
1977-07-01,16771.2400000000
1977-07-05,16781.7300000000
1977-07-06,16783.0200000000
1977-07-07,16858.4800000000
1977-07-08,16866.6700000000
1977-07-11,16898.1300000000
1977-07-12,16964.3600000000
1977-07-13,16974.8000000000
1977-07-15,17028.8100000000
1977-07-18,17097.5600000000
1977-07-19,17193.9200000000
1977-07-20,17163.9200000000
1977-07-21,17120.5700000000
1977-07-22,17098.2000000000
1977-07-25,16979.7200000000
1977-07-26,16848.3400000000
1977-07-27,16632.0300000000
1977-07-28,16660.6200000000
1977-07-29,16635.7300000000
1977-08-01,16688.4900000000
1977-08-02,16585.5800000000
1977-08-03,16552.1800000000
1977-08-04,16624.8500000000
1977-08-05,16630.3200000000
1977-08-08,16537.2700000000
1977-08-09,16514.7900000000
1977-08-10,16609.9000000000
1977-08-11,16526.4300000000
1977-08-12,16460.7600000000
1977-08-15,16447.8600000000
1977-08-16,16387.1800000000
1977-08-17,16350.6200000000
1977-08-18,16235.7400000000
1977-08-19,16084.3900000000
1977-08-22,15988.7800000000
1977-08-23,15956.0100000000
1977-08-24,15896.9100000000
1977-08-25,15700.3600000000
1977-08-26,15675.6500000000
1977-08-29,15795.7100000000
1977-08-30,15764.1500000000
1977-08-31,15828.5700000000
1977-09-01,15881.6500000000
1977-09-02,16020.6100000000
1977-09-06,16087.8100000000
1977-09-07,16154.1000000000
1977-09-08,16047.7400000000
1977-09-09,15889.1200000000
1977-09-12,15893.1900000000
1977-09-13,15893.5500000000
1977-09-14,15996.3900000000
1977-09-15,16026.4400000000
1977-09-16,16023.1300000000
1977-09-19,15955.9900000000
1977-09-20,15931.4200000000
1977-09-21,15857.3300000000
1977-09-22,15851.9000000000
1977-09-23,15876.1200000000
1977-09-26,15905.3500000000
1977-09-27,15906.5200000000
1977-09-28,15906.5100000000
1977-09-29,15953.8400000000
1977-09-30,16087.2300000000
1977-10-03,16122.9600000000
1977-10-04,16078.5800000000
1977-10-05,16014.9800000000
1977-10-06,16088.5900000000
1977-10-07,16117.0300000000
1977-10-10,16101.9000000000
1977-10-11,16009.5900000000
1977-10-12,15853.6300000000
1977-10-13,15702.1700000000
1977-10-14,15727.3600000000
1977-10-17,15695.5700000000
1977-10-18,15698.0300000000
1977-10-19,15580.2300000000
1977-10-20,15550.0800000000
1977-10-21,15507.2200000000
1977-10-24,15420.9900000000
1977-10-25,15297.0100000000
1977-10-26,15475.5200000000
1977-10-27,15470.5400000000
1977-10-28,15505.9900000000
1977-10-31,15538.5800000000
1977-11-01,15406.4900000000
1977-11-02,15342.6000000000
1977-11-03,15365.6000000000
1977-11-04,15507.7900000000
1977-11-07,15660.5900000000
1977-11-08,15706.5600000000
1977-11-09,15832.6600000000
1977-11-10,16100.9700000000
1977-11-11,16305.4400000000
1977-11-14,16231.1900000000
1977-11-15,16317.0200000000
1977-11-16,16276.9400000000
1977-11-17,16305.9400000000
1977-11-18,16293.6600000000
1977-11-21,16304.1800000000
1977-11-22,16368.1300000000
1977-11-23,16375.7000000000
1977-11-25,16400.0900000000
1977-11-28,16346.2700000000
1977-11-29,16188.7400000000
1977-11-30,16241.0000000000
1977-12-01,16287.0500000000
1977-12-02,16288.9700000000
1977-12-05,16277.8000000000
1977-12-06,16116.6800000000
1977-12-07,16120.1200000000
1977-12-08,16134.7900000000
1977-12-09,16221.9000000000
1977-12-12,16205.4600000000
1977-12-13,16186.6500000000
1977-12-14,16222.2600000000
1977-12-15,16194.9000000000
1977-12-16,16220.3000000000
1977-12-19,16113.6200000000
1977-12-20,16043.9400000000
1977-12-21,16061.0000000000
1977-12-22,16091.8200000000
1977-12-23,16264.5600000000
1977-12-27,16244.9300000000
1977-12-28,16229.3200000000
1977-12-29,16257.2400000000
1977-12-30,16250.8400000000
1978-01-03,16110.4700000000
1978-01-04,16029.6700000000
1978-01-05,15947.8800000000
1978-01-06,15769.2900000000
1978-01-09,15545.9500000000
1978-01-10,15422.2000000000
1978-01-11,15393.0500000000
1978-01-12,15403.0600000000
1978-01-13,15405.4400000000
1978-01-16,15343.4100000000
1978-01-17,15404.8100000000
1978-01-18,15479.1800000000
1978-01-19,15447.4800000000
1978-01-20,15440.7000000000
1978-01-23,15374.5600000000
1978-01-24,15357.7600000000
1978-01-25,15421.3100000000
1978-01-26,15340.1900000000
1978-01-27,15279.0400000000
1978-01-30,15403.8200000000
1978-01-31,15401.3600000000
1978-02-01,15487.0100000000
1978-02-02,15633.3100000000
1978-02-03,15575.3300000000
1978-02-06,15585.0500000000
1978-02-07,15700.9300000000
1978-02-08,15778.5800000000
1978-02-09,15757.3400000000
1978-02-10,15722.7400000000
1978-02-13,15704.7600000000
1978-02-14,15618.3000000000
1978-02-15,15560.4400000000
1978-02-16,15470.1600000000
1978-02-17,15458.0000000000
1978-02-21,15459.7900000000
1978-02-22,15489.8500000000
1978-02-23,15535.4900000000
1978-02-24,15689.4700000000
1978-02-27,15591.8900000000
1978-02-28,15526.4700000000
1978-03-01,15566.9800000000
1978-03-02,15598.5300000000
1978-03-03,15657.0700000000
1978-03-06,15618.9900000000
1978-03-07,15670.7800000000
1978-03-08,15794.8200000000
1978-03-09,15808.6400000000
1978-03-10,15958.9900000000
1978-03-13,15999.8400000000
1978-03-14,16046.8000000000
1978-03-15,16048.2600000000
1978-03-16,16089.3400000000
1978-03-17,16158.6100000000
1978-03-20,16297.0500000000
1978-03-21,16116.6500000000
1978-03-22,16045.7100000000
1978-03-23,16003.3300000000
1978-03-27,15915.6300000000
1978-03-28,16044.9100000000
1978-03-29,16105.8100000000
1978-03-30,16076.7800000000
1978-03-31,16072.0600000000
1978-04-03,15927.0600000000
1978-04-04,16012.9900000000
1978-04-05,16154.0400000000
1978-04-06,16180.2600000000
1978-04-07,16269.7900000000
1978-04-10,16344.8500000000
1978-04-11,16275.2800000000
1978-04-12,16298.6200000000
1978-04-13,16413.9400000000
1978-04-14,16803.7600000000
1978-04-17,17023.5300000000
1978-04-18,16785.9100000000
1978-04-19,16875.9200000000
1978-04-20,16979.0000000000
1978-04-21,16978.9900000000
1978-04-24,17228.8600000000
1978-04-25,17467.6400000000
1978-04-26,17464.1100000000
1978-04-27,17350.8400000000
1978-04-28,17568.6200000000
1978-05-01,17755.4600000000
1978-05-02,17741.4600000000
1978-05-03,17613.0500000000
1978-05-04,17551.8000000000
1978-05-05,17676.6600000000
1978-05-08,17609.4000000000
1978-05-09,17564.6400000000
1978-05-10,17655.7600000000
1978-05-11,17914.2100000000
1978-05-12,18184.6800000000
1978-05-15,18338.4200000000
1978-05-16,18458.3900000000
1978-05-17,18448.0800000000
1978-05-18,18180.8800000000
1978-05-19,18002.2100000000
1978-05-22,18325.5100000000
1978-05-23,18204.0700000000
1978-05-24,18020.1300000000
1978-05-25,18013.5300000000
1978-05-26,17984.1200000000
1978-05-30,18094.0100000000
1978-05-31,18209.3600000000
1978-06-01,18293.5600000000
1978-06-02,18570.6700000000
1978-06-05,18988.5300000000
1978-06-06,19173.5300000000
1978-06-07,19174.9300000000
1978-06-08,19249.3300000000
1978-06-09,19144.5700000000
1978-06-12,19058.9600000000
1978-06-13,19083.4800000000
1978-06-14,19096.8200000000
1978-06-15,18874.2600000000
1978-06-16,18619.9000000000
1978-06-19,18661.9800000000
1978-06-20,18466.6000000000
1978-06-21,18321.9800000000
1978-06-22,18464.7600000000
1978-06-23,18470.7800000000
1978-06-26,18155.2400000000
1978-06-27,18229.8200000000
1978-06-28,18338.3100000000
1978-06-29,18383.5600000000
1978-06-30,18382.6100000000
1978-07-03,18315.7600000000
1978-07-05,18181.2800000000
1978-07-06,18206.4000000000
1978-07-07,18365.8700000000
1978-07-10,18510.7500000000
1978-07-11,18622.4400000000
1978-07-12,18680.2900000000
1978-07-13,18676.4900000000
1978-07-14,18994.3300000000
1978-07-17,19119.4500000000
1978-07-18,18924.3800000000
1978-07-19,19177.8000000000
1978-07-20,19191.5000000000
1978-07-21,19109.6000000000
1978-07-24,19156.4600000000
1978-07-25,19282.0100000000
1978-07-26,19416.1400000000
1978-07-27,19562.2300000000
1978-07-28,19650.5400000000
1978-07-31,19839.9400000000
1978-08-01,19849.9000000000
1978-08-02,20285.2400000000
1978-08-03,20419.8900000000
1978-08-04,20498.4300000000
1978-08-07,20420.9900000000
1978-08-08,20567.6000000000
1978-08-09,20606.8000000000
1978-08-10,20409.2400000000
1978-08-11,20423.1700000000
1978-08-14,20439.8500000000
1978-08-15,20397.3800000000
1978-08-16,20538.5600000000
1978-08-17,20634.2800000000
1978-08-18,20502.1500000000
1978-08-21,20316.1400000000
1978-08-22,20357.5400000000
1978-08-23,20486.7300000000
1978-08-24,20530.3000000000
1978-08-25,20484.3800000000
1978-08-28,20346.5800000000
1978-08-29,20311.3500000000
1978-08-30,20435.5700000000
1978-08-31,20395.6900000000
1978-09-01,20493.3600000000
1978-09-05,20657.7000000000
1978-09-06,20838.3700000000
1978-09-07,20850.5400000000
1978-09-08,21090.2300000000
1978-09-11,21125.2200000000
1978-09-12,21138.9200000000
1978-09-13,21024.2400000000
1978-09-14,20722.8300000000
1978-09-15,20465.2500000000
1978-09-18,20150.9000000000
1978-09-19,19851.0100000000
1978-09-20,19424.3500000000
1978-09-21,19534.4500000000
1978-09-22,19526.2200000000
1978-09-25,19523.0900000000
1978-09-26,19755.0800000000
1978-09-27,19459.7400000000
1978-09-28,19527.2800000000
1978-09-29,19686.6300000000
1978-10-02,19777.6000000000
1978-10-03,19712.3600000000
1978-10-04,19887.0800000000
1978-10-05,19946.4000000000
1978-10-06,19956.8800000000
1978-10-09,20211.3700000000
1978-10-10,20216.1700000000
1978-10-11,20478.4500000000
1978-10-12,20434.0500000000
1978-10-13,20332.6200000000
1978-10-16,19752.0900000000
1978-10-17,19341.7900000000
1978-10-18,19189.2500000000
1978-10-19,18809.7600000000
1978-10-20,18400.4000000000
1978-10-23,18512.0700000000
1978-10-24,18323.7600000000
1978-10-25,18196.4200000000
1978-10-26,17727.9400000000
1978-10-27,17362.8100000000
1978-10-30,17614.0800000000
1978-10-31,17271.9400000000
1978-11-01,18309.3600000000
1978-11-02,18107.1300000000
1978-11-03,18226.1800000000
1978-11-06,18053.3100000000
1978-11-07,17738.9100000000
1978-11-08,17931.9000000000
1978-11-09,17892.3700000000
1978-11-10,17941.5600000000
1978-11-13,17485.4300000000
1978-11-14,17286.9800000000
1978-11-15,17406.1400000000
1978-11-16,17739.5600000000
1978-11-17,17961.1900000000
1978-11-20,18149.2600000000
1978-11-21,18060.3800000000
1978-11-22,18172.6300000000
1978-11-24,18374.0700000000
1978-11-27,18530.8300000000
1978-11-28,18280.6900000000
1978-11-29,17967.7000000000
1978-11-30,18269.3200000000
1978-12-01,18825.2000000000
1978-12-04,18893.1600000000
1978-12-05,19252.5600000000
1978-12-06,19285.0500000000
1978-12-07,19189.2800000000
1978-12-08,19021.1400000000
1978-12-11,19143.1300000000
1978-12-12,19002.8700000000
1978-12-13,18857.7200000000
1978-12-14,18909.3000000000
1978-12-15,18761.9500000000
1978-12-18,18151.1900000000
1978-12-19,18294.6400000000
1978-12-20,18459.3200000000
1978-12-21,18591.1600000000
1978-12-22,18977.5500000000
1978-12-26,19271.1400000000
1978-12-27,19042.8900000000
1978-12-28,18962.0400000000
1978-12-29,18941.1400000000
1979-01-02,19104.8900000000
1979-01-03,19451.0700000000
1979-01-04,19621.7700000000
1979-01-05,19808.0400000000
1979-01-08,19749.6900000000
1979-01-09,19866.9800000000
1979-01-10,19720.2600000000
1979-01-11,19928.3600000000
1979-01-12,20211.9300000000
1979-01-15,20407.7800000000
1979-01-16,20097.8800000000
1979-01-17,20118.9700000000
1979-01-18,20192.2400000000
1979-01-19,20099.0500000000
1979-01-22,20042.8500000000
1979-01-23,20179.0000000000
1979-01-24,19994.9800000000
1979-01-25,20228.3900000000
1979-01-26,20305.9900000000
1979-01-29,20181.7900000000
1979-01-30,19991.2400000000
1979-01-31,19609.0000000000
1979-02-01,19521.6600000000
1979-02-02,19467.6100000000
1979-02-05,19062.7100000000
1979-02-06,19046.5900000000
1979-02-07,18750.7300000000
1979-02-08,18945.7100000000
1979-02-09,19017.9700000000
1979-02-12,19077.9500000000
1979-02-13,19250.8500000000
1979-02-14,19074.7200000000
1979-02-15,19065.1500000000
1979-02-16,19050.6500000000
1979-02-20,19252.9900000000
1979-02-21,19131.0700000000
1979-02-22,19050.7200000000
1979-02-23,18781.0100000000
1979-02-26,18747.3100000000
1979-02-27,18286.1000000000
1979-02-28,18323.8500000000
1979-03-01,18507.3100000000
1979-03-02,18526.0000000000
1979-03-05,18911.6700000000
1979-03-06,18804.9000000000
1979-03-07,18994.3600000000
1979-03-08,19340.1000000000
1979-03-09,19231.1400000000
1979-03-12,19352.0300000000
1979-03-13,19336.2200000000
1979-03-14,19247.5400000000
1979-03-15,19235.8000000000
1979-03-16,19388.5600000000
1979-03-19,19461.8700000000
1979-03-20,19304.5700000000
1979-03-21,19510.5600000000
1979-03-22,19598.1000000000
1979-03-23,19626.3000000000
1979-03-26,19479.6800000000
1979-03-27,19902.3500000000
1979-03-28,19774.8100000000
1979-03-29,19763.9100000000
1979-03-30,19580.9400000000
1979-04-02,19448.1500000000
1979-04-03,19828.2500000000
1979-04-04,19878.5200000000
1979-04-05,20032.8200000000
1979-04-06,19997.4800000000
1979-04-09,19909.0100000000
1979-04-10,19995.2700000000
1979-04-11,19690.6800000000
1979-04-12,19647.3500000000
1979-04-16,19462.6100000000
1979-04-17,19480.0100000000
1979-04-18,19617.2300000000
1979-04-19,19539.3700000000
1979-04-20,19550.0700000000
1979-04-23,19657.4500000000
1979-04-24,19788.3700000000
1979-04-25,19856.6500000000
1979-04-26,19763.2500000000
1979-04-27,19710.8000000000
1979-04-30,19769.8300000000
1979-05-01,19805.4500000000
1979-05-02,19828.5100000000
1979-05-03,19866.6900000000
1979-05-04,19646.6000000000
1979-05-07,19265.4000000000
1979-05-08,19401.2900000000
1979-05-09,19408.5400000000
1979-05-10,19176.6100000000
1979-05-11,19174.6800000000
1979-05-14,19100.6400000000
1979-05-15,19081.8000000000
1979-05-16,19140.7600000000
1979-05-17,19439.2600000000
1979-05-18,19421.4900000000
1979-05-21,19398.7200000000
1979-05-22,19511.0800000000
1979-05-23,19405.0900000000
1979-05-24,19442.5200000000
1979-05-25,19505.8800000000
1979-05-29,19529.8200000000
1979-05-30,19289.1300000000
1979-05-31,19250.2300000000
1979-06-01,19249.8800000000
1979-06-04,19292.7000000000
1979-06-05,19638.9500000000
1979-06-06,19788.8700000000
1979-06-07,19874.7600000000
1979-06-08,19862.0000000000
1979-06-11,19989.4800000000
1979-06-12,20162.0400000000
1979-06-13,19980.3600000000
1979-06-14,19924.9500000000
1979-06-15,19912.2600000000
1979-06-18,19768.5700000000
1979-06-19,19774.0200000000
1979-06-20,19807.0300000000
1979-06-21,19949.8600000000
1979-06-22,20033.6900000000
1979-06-25,19974.9600000000
1979-06-26,19861.3200000000
1979-06-27,19984.4300000000
1979-06-28,20068.1300000000
1979-06-29,20074.4300000000
1979-07-02,19891.1100000000
1979-07-03,19901.7300000000
1979-07-05,19990.0200000000
1979-07-06,20270.4800000000
1979-07-09,20467.3500000000
1979-07-10,20357.2800000000
1979-07-11,20231.3400000000
1979-07-12,19994.7100000000
1979-07-13,19886.5600000000
1979-07-16,19997.0400000000
1979-07-17,19750.1800000000
1979-07-18,19790.4700000000
1979-07-19,19805.8800000000
1979-07-20,19904.3300000000
1979-07-23,19866.9400000000
1979-07-24,19938.8800000000
1979-07-25,20117.0200000000
1979-07-26,20115.9500000000
1979-07-27,20059.2900000000
1979-07-30,20084.8400000000
1979-07-31,20211.3900000000
1979-08-01,20318.2200000000
1979-08-02,20298.8000000000
1979-08-03,20275.0500000000
1979-08-06,20393.5100000000
1979-08-07,20727.1400000000
1979-08-08,20814.4000000000
1979-08-09,20721.4100000000
1979-08-10,21004.2200000000
1979-08-13,21201.3300000000
1979-08-14,21170.6800000000
1979-08-15,21376.4000000000
1979-08-16,21318.2500000000
1979-08-17,21417.8200000000
1979-08-20,21596.1100000000
1979-08-21,21595.6700000000
1979-08-22,21600.2800000000
1979-08-23,21513.0400000000
1979-08-24,21492.5800000000
1979-08-27,21658.8700000000
1979-08-28,21662.5700000000
1979-08-29,21653.1100000000
1979-08-30,21651.9900000000
1979-08-31,21764.3300000000
1979-09-04,21325.2700000000
1979-09-05,21129.7800000000
1979-09-06,21184.2000000000
1979-09-07,21332.2100000000
1979-09-10,21506.9100000000
1979-09-11,21348.9400000000
1979-09-12,21429.7100000000
1979-09-13,21432.8000000000
1979-09-14,21626.9400000000
1979-09-17,21673.7800000000
1979-09-18,21518.0100000000
1979-09-19,21568.2900000000
1979-09-20,22144.6000000000
1979-09-21,22167.1200000000
1979-09-24,22030.4700000000
1979-09-25,22006.7000000000
1979-09-26,22095.2600000000
1979-09-27,22191.5100000000
1979-09-28,22070.7500000000
1979-10-01,21960.9900000000
1979-10-02,22167.2000000000
1979-10-03,22265.3000000000
1979-10-04,22539.0900000000
1979-10-05,22871.1600000000
1979-10-08,22629.0700000000
1979-10-09,21816.6600000000
1979-10-10,21365.6800000000
1979-10-11,21416.5900000000
1979-10-12,21377.8700000000
1979-10-15,21119.7300000000
1979-10-16,21160.9500000000
1979-10-17,21306.5100000000
1979-10-18,21492.9200000000
1979-10-19,21022.9800000000
1979-10-22,20708.1800000000
1979-10-23,20648.6000000000
1979-10-24,20756.5700000000
1979-10-25,20604.1600000000
1979-10-26,20760.9100000000
1979-10-29,20794.4400000000
1979-10-30,21260.6200000000
1979-10-31,21138.2900000000
1979-11-01,21423.3600000000
1979-11-02,21495.5600000000
1979-11-05,21380.7300000000
1979-11-06,21279.6400000000
1979-11-07,21039.7200000000
1979-11-08,21188.6400000000
1979-11-09,21523.5800000000
1979-11-12,22134.1300000000
1979-11-13,22132.8900000000
1979-11-14,22321.9400000000
1979-11-15,22627.7500000000
1979-11-16,22712.0700000000
1979-11-19,22998.6700000000
1979-11-20,22940.2500000000
1979-11-21,23081.7700000000
1979-11-23,23335.0700000000
1979-11-26,23765.0100000000
1979-11-27,23419.2600000000
1979-11-28,23377.9600000000
1979-11-29,23300.2800000000
1979-11-30,23152.0300000000
1979-12-03,23211.6200000000
1979-12-04,23442.5600000000
1979-12-05,23634.9100000000
1979-12-06,23835.6600000000
1979-12-07,23651.7600000000
1979-12-10,23679.4100000000
1979-12-11,23562.9600000000
1979-12-12,23646.9400000000
1979-12-13,23697.5700000000
1979-12-14,24098.9500000000
1979-12-17,24345.6100000000
1979-12-18,24006.5600000000
1979-12-19,23971.3000000000
1979-12-20,23896.0500000000
1979-12-21,23720.4600000000
1979-12-24,23631.3100000000
1979-12-26,23636.4900000000
1979-12-27,23685.2000000000
1979-12-28,23771.9200000000
1979-12-31,23790.8800000000
1980-01-02,23244.4900000000
1980-01-03,22976.2800000000
1980-01-04,23318.9200000000
1980-01-07,23408.7500000000
1980-01-08,23866.0600000000
1980-01-09,23872.4100000000
1980-01-10,24016.6200000000
1980-01-11,24155.7700000000
1980-01-14,24248.2000000000
1980-01-15,24372.7700000000
1980-01-16,24466.1500000000
1980-01-17,24514.3300000000
1980-01-18,24718.2300000000
1980-01-21,25116.4900000000
1980-01-22,25104.6600000000
1980-01-23,25627.1400000000
1980-01-24,25854.3800000000
1980-01-25,25972.6500000000
1980-01-28,26560.2600000000
1980-01-29,26268.9500000000
1980-01-30,26688.8400000000
1980-01-31,26479.6500000000
1980-02-01,26727.0800000000
1980-02-04,26711.7100000000
1980-02-05,26835.1600000000
1980-02-06,27540.9400000000
1980-02-07,28009.0000000000
1980-02-08,28734.9900000000
1980-02-11,28345.7200000000
1980-02-12,28518.4000000000
1980-02-13,28596.6500000000
1980-02-14,28024.8000000000
1980-02-15,27668.1100000000
1980-02-19,27408.6800000000
1980-02-20,28175.1200000000
1980-02-21,28088.0800000000
1980-02-22,28101.2200000000
1980-02-25,27546.2100000000
1980-02-26,27796.2900000000
1980-02-27,27457.0400000000
1980-02-28,27408.6300000000
1980-02-29,27754.1300000000
1980-03-03,27490.2500000000
1980-03-04,27590.2500000000
1980-03-05,27142.0800000000
1980-03-06,26349.9000000000
1980-03-07,25646.0200000000
1980-03-10,25416.5100000000
1980-03-11,25741.7500000000
1980-03-12,25510.8900000000
1980-03-13,25043.8700000000
1980-03-14,24909.5200000000
1980-03-17,23837.6000000000
1980-03-18,24434.1600000000
1980-03-19,24641.6000000000
1980-03-20,24291.8900000000
1980-03-21,24052.0900000000
1980-03-24,23149.1200000000
1980-03-25,22989.8900000000
1980-03-26,22691.6800000000
1980-03-27,22412.4500000000
1980-03-28,23026.0200000000
1980-03-31,23401.3700000000
1980-04-01,23467.4900000000
1980-04-02,23436.8900000000
1980-04-03,23203.1600000000
1980-04-07,22647.4600000000
1980-04-08,22955.2500000000
1980-04-09,23613.5500000000
1980-04-10,23892.4800000000
1980-04-11,23799.5500000000
1980-04-14,23543.6800000000
1980-04-15,23560.5200000000
1980-04-16,23094.2100000000
1980-04-17,22833.3500000000
1980-04-18,22665.2400000000
1980-04-21,22418.4300000000
1980-04-22,23473.7900000000
1980-04-23,23547.8700000000
1980-04-24,23700.5100000000
1980-04-25,24051.1200000000
1980-04-28,24177.7700000000
1980-04-29,24241.1200000000
1980-04-30,24257.2800000000
1980-05-01,24047.6800000000
1980-05-02,24052.1600000000
1980-05-05,24209.6800000000
1980-05-06,24049.7000000000
1980-05-07,24062.3800000000
1980-05-08,23721.1900000000
1980-05-09,23382.3600000000
1980-05-12,23255.4200000000
1980-05-13,23535.9100000000
1980-05-14,23761.4800000000
1980-05-15,23818.4400000000
1980-05-16,23945.1700000000
1980-05-19,24035.6500000000
1980-05-20,23979.4000000000
1980-05-21,24080.0100000000
1980-05-22,24493.3300000000
1980-05-23,25051.2400000000
1980-05-27,25366.9800000000
1980-05-28,25629.9600000000
1980-05-29,25065.8900000000
1980-05-30,25296.0800000000
1980-06-02,25310.5000000000
1980-06-03,25268.1400000000
1980-06-04,25988.3800000000
1980-06-05,25986.9900000000
1980-06-06,26121.6800000000
1980-06-09,26382.3400000000
1980-06-10,26727.8400000000
1980-06-11,27254.6400000000
1980-06-12,26993.6300000000
1980-06-13,26965.3000000000
1980-06-16,26977.7400000000
1980-06-17,27027.1500000000
1980-06-18,27065.2500000000
1980-06-19,26581.3400000000
1980-06-20,26332.6000000000
1980-06-23,26463.7900000000
1980-06-24,26675.8200000000
1980-06-25,27300.6500000000
1980-06-26,27225.0300000000
1980-06-27,27047.7600000000
1980-06-30,26483.1700000000
1980-07-01,26684.4900000000
1980-07-02,26846.5200000000
1980-07-03,27344.1300000000
1980-07-07,27516.7200000000
1980-07-08,27427.7000000000
1980-07-09,27381.9300000000
1980-07-10,27012.6600000000
1980-07-11,27255.0400000000
1980-07-14,27880.6000000000
1980-07-15,27625.6600000000
1980-07-16,27773.8300000000
1980-07-17,28492.6100000000
1980-07-18,28673.6800000000
1980-07-21,28859.4900000000
1980-07-22,28800.6100000000
1980-07-23,28679.4500000000
1980-07-24,28671.6300000000
1980-07-25,28371.2700000000
1980-07-28,28492.9000000000
1980-07-29,28716.0000000000
1980-07-30,28318.3900000000
1980-07-31,27983.0500000000
1980-08-01,27803.3900000000
1980-08-04,27665.5400000000
1980-08-05,27593.4000000000
1980-08-06,27756.9600000000
1980-08-07,28379.9900000000
1980-08-08,28471.3100000000
1980-08-11,28821.9000000000
1980-08-12,28564.8200000000
1980-08-13,28388.9400000000
1980-08-14,28927.1600000000
1980-08-15,28969.6700000000
1980-08-18,28450.8100000000
1980-08-19,28296.6100000000
1980-08-20,28750.3100000000
1980-08-21,29364.4500000000
1980-08-22,29630.2200000000
1980-08-25,29409.0200000000
1980-08-26,29312.8500000000
1980-08-27,28972.0000000000
1980-08-28,28590.9400000000
1980-08-29,28679.1400000000
1980-09-02,29078.0700000000
1980-09-03,29837.4400000000
1980-09-04,29608.6200000000
1980-09-05,29504.8200000000
1980-09-08,29264.0900000000
1980-09-09,29378.4500000000
1980-09-10,29666.5800000000
1980-09-11,30155.0300000000
1980-09-12,30248.6900000000
1980-09-15,30197.9500000000
1980-09-16,30653.4200000000
1980-09-17,31289.6900000000
1980-09-18,31040.8200000000
1980-09-19,31147.7600000000
1980-09-22,31513.6600000000
1980-09-23,31029.0700000000
1980-09-24,31008.1200000000
1980-09-25,30677.5000000000
1980-09-26,29993.7800000000
1980-09-29,29360.5700000000
1980-09-30,30049.6000000000
1980-10-01,30421.5300000000
1980-10-02,30598.5100000000
1980-10-03,30884.8500000000
1980-10-06,31481.9600000000
1980-10-07,31395.9000000000
1980-10-08,31560.6200000000
1980-10-09,31460.0300000000
1980-10-10,31258.9400000000
1980-10-13,31613.6900000000
1980-10-14,31715.0800000000
1980-10-15,32169.0300000000
1980-10-16,31959.1700000000
1980-10-17,31797.1400000000
1980-10-20,32055.9000000000
1980-10-21,32042.5700000000
1980-10-22,32061.3500000000
1980-10-23,31428.3700000000
1980-10-24,31311.4100000000
1980-10-27,30778.5800000000
1980-10-28,30863.8000000000
1980-10-29,30950.0200000000
1980-10-30,30382.9700000000
1980-10-31,30756.5000000000
1980-11-03,31270.7200000000
1980-11-05,32104.7800000000
1980-11-06,31411.7800000000
1980-11-07,31368.2600000000
1980-11-10,31547.5500000000
1980-11-11,32023.0200000000
1980-11-12,32764.0400000000
1980-11-13,33211.4000000000
1980-11-14,33496.0300000000
1980-11-17,33654.0800000000
1980-11-18,34208.6800000000
1980-11-19,34258.7400000000
1980-11-20,34748.2000000000
1980-11-21,34450.3100000000
1980-11-24,34178.2000000000
1980-11-25,34353.5300000000
1980-11-26,34474.8600000000
1980-11-28,34458.2300000000
1980-12-01,33901.8000000000
1980-12-02,33877.4900000000
1980-12-03,33925.9900000000
1980-12-04,34039.6700000000
1980-12-05,33313.9800000000
1980-12-08,32300.6500000000
1980-12-09,32080.1400000000
1980-12-10,31471.8800000000
1980-12-11,30957.4100000000
1980-12-12,31659.3900000000
1980-12-15,31802.3800000000
1980-12-16,32066.7900000000
1980-12-17,32664.7200000000
1980-12-18,32739.5600000000
1980-12-19,33006.0500000000
1980-12-22,33554.1400000000
1980-12-23,33409.6200000000
1980-12-24,33547.7500000000
1980-12-26,33783.9200000000
1980-12-29,33442.7700000000
1980-12-30,33593.2000000000
1980-12-31,33756.9600000000
1981-01-02,33734.2200000000
1981-01-05,34149.6900000000
1981-01-06,34019.9600000000
1981-01-07,32870.3500000000
1981-01-08,32220.4700000000
1981-01-09,32280.0800000000
1981-01-12,32301.8100000000
1981-01-13,32282.6800000000
1981-01-14,32467.2200000000
1981-01-15,32706.1900000000
1981-01-16,32883.1000000000
1981-01-19,32709.9700000000
1981-01-20,32066.1700000000
1981-01-21,31962.8400000000
1981-01-22,31734.9900000000
1981-01-23,31753.9000000000
1981-01-26,31507.2800000000
1981-01-27,31781.4000000000
1981-01-28,31678.6100000000
1981-01-29,31753.0800000000
1981-01-30,31483.2900000000
1981-02-02,30585.3200000000
1981-02-03,31098.4500000000
1981-02-04,31232.3300000000
1981-02-05,31535.9900000000
1981-02-06,31958.9200000000
1981-02-09,31728.6300000000
1981-02-10,31745.2200000000
1981-02-11,31446.0000000000
1981-02-12,31082.8900000000
1981-02-13,30990.2700000000
1981-02-17,31154.6500000000
1981-02-18,31271.3700000000
1981-02-19,30883.3100000000
1981-02-20,30867.4800000000
1981-02-23,31113.6700000000
1981-02-24,31221.9800000000
1981-02-25,31383.8200000000
1981-02-26,31876.6900000000
1981-02-27,32202.9700000000
1981-03-02,32464.0300000000
1981-03-03,32059.4300000000
1981-03-04,32143.7300000000
1981-03-05,31827.9500000000
1981-03-06,31749.7900000000
1981-03-09,32098.9800000000
1981-03-10,31913.2600000000
1981-03-11,31951.3200000000
1981-03-12,32767.2400000000
1981-03-13,32617.4200000000
1981-03-16,33107.4900000000
1981-03-17,32864.0900000000
1981-03-18,32757.3400000000
1981-03-19,32682.7400000000
1981-03-20,32965.0400000000
1981-03-23,33305.0500000000
1981-03-24,33089.4800000000
1981-03-25,33660.7100000000
1981-03-26,33557.2400000000
1981-03-27,33276.5100000000
1981-03-30,33301.0600000000
1981-03-31,33771.7200000000
1981-04-01,33753.1200000000
1981-04-02,33755.2500000000
1981-04-03,33597.9000000000
1981-04-06,33274.5000000000
1981-04-07,33235.8500000000
1981-04-08,33319.0200000000
1981-04-09,33417.2100000000
1981-04-10,33577.6500000000
1981-04-13,33403.5700000000
1981-04-14,33141.6100000000
1981-04-15,33510.7700000000
1981-04-16,33685.3000000000
1981-04-20,33935.1000000000
1981-04-21,33720.7900000000
1981-04-22,33710.9600000000
1981-04-23,33751.8600000000
1981-04-24,33962.9000000000
1981-04-27,34084.1500000000
1981-04-28,33714.7600000000
1981-04-29,33375.4400000000
1981-04-30,33336.6100000000
1981-05-01,33179.8200000000
1981-05-04,32721.4400000000
1981-05-05,32461.6800000000
1981-05-06,32502.5500000000
1981-05-07,32723.0500000000
1981-05-08,32763.7700000000
1981-05-11,32403.9900000000
1981-05-12,32531.9700000000
1981-05-13,32663.4000000000
1981-05-14,32831.9500000000
1981-05-15,33073.5200000000
1981-05-18,33296.7300000000
1981-05-19,33242.2400000000
1981-05-20,33403.8000000000
1981-05-21,33337.4300000000
1981-05-22,33382.9500000000
1981-05-26,33627.2500000000
1981-05-27,33963.1900000000
1981-05-28,33968.5700000000
1981-05-29,33920.9200000000
1981-06-01,33976.1400000000
1981-06-02,33575.1900000000
1981-06-03,33444.2900000000
1981-06-04,33437.8100000000
1981-06-05,33776.5200000000
1981-06-08,33816.0200000000
1981-06-09,33725.2400000000
1981-06-10,33857.8700000000
1981-06-11,34233.7500000000
1981-06-12,34354.8000000000
1981-06-15,34337.7500000000
1981-06-16,33954.5300000000
1981-06-17,33921.2100000000
1981-06-18,33657.6900000000
1981-06-19,33676.9700000000
1981-06-22,33581.0100000000
1981-06-23,33799.5500000000
1981-06-24,33685.6800000000
1981-06-25,33739.7900000000
1981-06-26,33630.2000000000
1981-06-29,33492.0900000000
1981-06-30,33271.7200000000
1981-07-01,33004.3800000000
1981-07-02,32615.5200000000
1981-07-06,32197.8900000000
1981-07-07,32264.2100000000
1981-07-08,32344.8000000000
1981-07-09,32637.1400000000
1981-07-10,32637.2200000000
1981-07-13,32649.8100000000
1981-07-14,32681.5100000000
1981-07-15,32985.1900000000
1981-07-16,33054.8600000000
1981-07-17,33131.6100000000
1981-07-20,32554.3600000000
1981-07-21,32362.7600000000
1981-07-22,32094.5300000000
1981-07-23,32073.1200000000
1981-07-24,32352.8100000000
1981-07-27,32649.2800000000
1981-07-28,32493.6300000000
1981-07-29,32456.2700000000
1981-07-30,32620.9800000000
1981-07-31,32923.8500000000
1981-08-03,32890.9200000000
1981-08-04,33045.0200000000
1981-08-05,33323.2200000000
1981-08-06,33537.4200000000
1981-08-07,33406.7000000000
1981-08-10,33460.4900000000
1981-08-11,33725.7300000000
1981-08-12,33646.7900000000
1981-08-13,33598.2800000000
1981-08-14,33414.8500000000
1981-08-17,33110.6800000000
1981-08-18,32766.2100000000
1981-08-19,32825.3600000000
1981-08-20,32866.2800000000
1981-08-21,32639.7000000000
1981-08-24,31804.6100000000
1981-08-25,31745.1800000000
1981-08-26,31717.2800000000
1981-08-27,31387.2300000000
1981-08-28,31480.7600000000
1981-08-31,31126.8800000000
1981-09-01,31070.2700000000
1981-09-02,31142.3400000000
1981-09-03,30704.7000000000
1981-09-04,30404.0500000000
1981-09-08,29925.3400000000
1981-09-09,30065.8400000000
1981-09-10,30405.4900000000
1981-09-11,30723.1800000000
1981-09-14,30604.1000000000
1981-09-15,30458.5200000000
1981-09-16,30202.6000000000
1981-09-17,29797.9500000000
1981-09-18,29486.8000000000
1981-09-21,29833.5300000000
1981-09-22,29944.3100000000
1981-09-23,29605.0300000000
1981-09-24,29542.0000000000
1981-09-25,28994.2000000000
1981-09-28,29486.5000000000
1981-09-29,29674.1400000000
1981-09-30,29754.5400000000
1981-10-01,29866.0000000000
1981-10-02,30144.8800000000
1981-10-05,30343.7300000000
1981-10-06,30281.0100000000
1981-10-07,30854.9600000000
1981-10-08,31253.8500000000
1981-10-09,31137.5500000000
1981-10-12,31093.8000000000
1981-10-13,31138.3600000000
1981-10-14,30701.5700000000
1981-10-15,30840.1800000000
1981-10-16,30770.4900000000
1981-10-19,30801.4800000000
1981-10-20,31054.2100000000
1981-10-21,31055.2800000000
1981-10-22,30827.7900000000
1981-10-23,30594.1100000000
1981-10-26,30537.5600000000
1981-10-27,30802.3800000000
1981-10-28,30930.7200000000
1981-10-29,30851.6500000000
1981-10-30,31421.2800000000
1981-11-02,31868.8500000000
1981-11-03,31969.7800000000
1981-11-04,32002.9900000000
1981-11-05,31800.6900000000
1981-11-06,31633.3800000000
1981-11-09,31768.3700000000
1981-11-10,31813.5800000000
1981-11-11,31892.0100000000
1981-11-12,32045.7200000000
1981-11-13,31803.4800000000
1981-11-16,31407.7800000000
1981-11-17,31637.9500000000
1981-11-18,31590.3300000000
1981-11-19,31592.4500000000
1981-11-20,31823.7200000000
1981-11-23,31759.3300000000
1981-11-24,32123.3900000000
1981-11-25,32359.6700000000
1981-11-27,32617.8900000000
1981-11-30,32762.7300000000
1981-12-01,32823.4700000000
1981-12-02,32524.3600000000
1981-12-03,32511.8100000000
1981-12-04,32672.5100000000
1981-12-07,32448.2900000000
1981-12-08,32334.8000000000
1981-12-09,32378.1000000000
1981-12-10,32500.8800000000
1981-12-11,32384.1600000000
1981-12-14,31878.1200000000
1981-12-15,31984.5200000000
1981-12-16,31795.0400000000
1981-12-17,31899.2000000000
1981-12-18,32145.4700000000
1981-12-21,31975.7400000000
1981-12-22,31983.4700000000
1981-12-23,31897.1900000000
1981-12-24,31912.0200000000
1981-12-28,31884.0000000000
1981-12-29,31829.0000000000
1981-12-30,31901.3100000000
1981-12-31,32020.6500000000
1982-01-04,32078.7400000000
1982-01-05,31512.9300000000
1982-01-06,31375.7500000000
1982-01-07,31372.2100000000
1982-01-08,31555.9000000000
1982-01-11,30947.6000000000
1982-01-12,30802.2400000000
1982-01-13,30385.7000000000
1982-01-14,30428.1900000000
1982-01-15,30598.3000000000
1982-01-18,30775.7700000000
1982-01-19,30631.9500000000
1982-01-20,30534.7000000000
1982-01-21,30683.4700000000
1982-01-22,30655.2300000000
1982-01-25,30595.5500000000
1982-01-26,30567.4500000000
1982-01-27,30718.8100000000
1982-01-28,31462.3300000000
1982-01-29,32184.7500000000
1982-02-01,31724.7200000000
1982-02-02,31855.6700000000
1982-02-03,31684.9700000000
1982-02-04,31624.0900000000
1982-02-05,32035.6700000000
1982-02-08,31529.1700000000
1982-02-09,31106.9400000000
1982-02-10,31318.5000000000
1982-02-11,31253.0800000000
1982-02-12,31299.4400000000
1982-02-16,31222.3600000000
1982-02-17,31343.2000000000
1982-02-18,31528.7000000000
1982-02-19,31558.6500000000
1982-02-22,31368.2000000000
1982-02-23,31458.6400000000
1982-02-24,31851.8300000000
1982-02-25,31982.8100000000
1982-02-26,31881.6700000000
1982-03-01,32061.1600000000
1982-03-02,32160.6400000000
1982-03-03,31896.8000000000
1982-03-04,31569.7200000000
1982-03-05,31405.5600000000
1982-03-08,30961.8000000000
1982-03-09,31221.4600000000
1982-03-10,31328.9100000000
1982-03-11,31177.7300000000
1982-03-12,30890.7500000000
1982-03-15,30902.9600000000
1982-03-16,30857.9400000000
1982-03-17,30851.1600000000
1982-03-18,31235.7500000000
1982-03-19,31389.2400000000
1982-03-22,31786.8400000000
1982-03-23,32002.7800000000
1982-03-24,31897.2800000000
1982-03-25,32036.4200000000
1982-03-26,31783.7400000000
1982-03-29,31836.2400000000
1982-03-30,31924.2900000000
1982-03-31,31785.0400000000
1982-04-01,32119.7700000000
1982-04-02,32361.6400000000
1982-04-05,32295.1100000000
1982-04-06,32471.7600000000
1982-04-07,32514.2000000000
1982-04-08,32702.5400000000
1982-04-12,32701.3700000000
1982-04-13,32842.5300000000
1982-04-14,32950.2300000000
1982-04-15,33030.7400000000
1982-04-16,33117.4100000000
1982-04-19,33171.7700000000
1982-04-20,32969.3500000000
1982-04-21,33096.6800000000
1982-04-22,33342.5900000000
1982-04-23,33583.6700000000
1982-04-26,33728.2200000000
1982-04-27,33477.0400000000
1982-04-28,33334.8000000000
1982-04-29,33116.9800000000
1982-04-30,33185.9000000000
1982-05-03,33314.1700000000
1982-05-04,33467.1000000000
1982-05-05,33476.8700000000
1982-05-06,33727.5400000000
1982-05-07,33791.9100000000
1982-05-10,33528.5300000000
1982-05-11,33600.2100000000
1982-05-12,33455.7400000000
1982-05-13,33181.7300000000
1982-05-14,33105.3100000000
1982-05-17,32832.7500000000
1982-05-18,32601.1700000000
1982-05-19,32411.3400000000
1982-05-20,32441.8900000000
1982-05-21,32544.7100000000
1982-05-24,32504.4900000000
1982-05-25,32436.7300000000
1982-05-26,32140.1000000000
1982-05-27,32059.7500000000
1982-05-28,31807.9400000000
1982-06-01,31661.5800000000
1982-06-02,31807.7800000000
1982-06-03,31732.1500000000
1982-06-04,31297.7300000000
1982-06-07,31295.5800000000
1982-06-08,31174.6900000000
1982-06-09,31119.0900000000
1982-06-10,31302.8000000000
1982-06-11,31746.2200000000
1982-06-14,31477.8800000000
1982-06-15,31503.3200000000
1982-06-16,31477.7800000000
1982-06-17,31215.7100000000
1982-06-18,30983.4900000000
1982-06-21,30912.4300000000
1982-06-22,31166.2200000000
1982-06-23,31486.6700000000
1982-06-24,31419.7600000000
1982-06-25,31216.5400000000
1982-06-28,31440.6500000000
1982-06-29,31534.0800000000
1982-06-30,31608.5700000000
1982-07-01,31438.9500000000
1982-07-02,31148.4400000000
1982-07-06,31038.2400000000
1982-07-07,30906.9500000000
1982-07-08,31016.7600000000
1982-07-09,31445.8800000000
1982-07-12,31929.3700000000
1982-07-13,31865.7700000000
1982-07-14,31968.7200000000
1982-07-15,31972.3800000000
1982-07-16,32149.3500000000
1982-07-19,32143.5800000000
1982-07-20,32453.5700000000
1982-07-21,32451.5100000000
1982-07-22,32478.8300000000
1982-07-23,32353.5600000000
1982-07-26,32177.1700000000
1982-07-27,31956.9600000000
1982-07-28,31532.0100000000
1982-07-29,31565.2800000000
1982-07-30,31530.3400000000
1982-08-02,31965.5500000000
1982-08-03,31745.4000000000
1982-08-04,31388.4200000000
1982-08-05,31172.8900000000
1982-08-06,30886.0600000000
1982-08-09,30685.7000000000
1982-08-10,30671.1000000000
1982-08-11,30605.6700000000
1982-08-12,30601.5300000000
1982-08-13,31094.1100000000
1982-08-16,31302.4500000000
1982-08-17,32689.1400000000
1982-08-18,32671.0000000000
1982-08-19,32724.1800000000
1982-08-20,33692.2600000000
1982-08-23,34174.2900000000
1982-08-24,33949.9900000000
1982-08-25,34313.5300000000
1982-08-26,34544.0700000000
1982-08-27,34097.9200000000
1982-08-30,34209.6000000000
1982-08-31,34657.5200000000
1982-09-01,34442.3100000000
1982-09-02,34716.8900000000
1982-09-03,35204.7200000000
1982-09-07,34872.8300000000
1982-09-08,34943.9500000000
1982-09-09,34810.5700000000
1982-09-10,34520.6900000000
1982-09-13,34771.8900000000
1982-09-14,35090.3800000000
1982-09-15,35403.4200000000
1982-09-16,35402.4100000000
1982-09-17,35147.3400000000
1982-09-20,35169.1700000000
1982-09-21,35784.3700000000
1982-09-22,35633.5500000000
1982-09-23,35560.7500000000
1982-09-24,35443.6500000000
1982-09-27,35623.5700000000
1982-09-28,35640.5000000000
1982-09-29,35171.8800000000
1982-09-30,34809.5800000000
1982-10-01,35350.7600000000
1982-10-04,35303.0200000000
1982-10-05,35424.3900000000
1982-10-06,36826.6800000000
1982-10-07,37488.7300000000
1982-10-08,38227.0600000000
1982-10-11,38999.9800000000
1982-10-12,38500.3600000000
1982-10-13,38608.2900000000
1982-10-14,37800.2100000000
1982-10-15,37517.8000000000
1982-10-18,38700.7600000000
1982-10-19,38484.8300000000
1982-10-20,39192.9800000000
1982-10-21,39206.8500000000
1982-10-22,39050.8500000000
1982-10-25,37868.0300000000
1982-10-26,38329.6300000000
1982-10-27,38623.8000000000
1982-10-28,38311.3300000000
1982-10-29,38655.6700000000
1982-11-01,39145.8100000000
1982-11-02,39557.7800000000
1982-11-03,40961.0500000000
1982-11-04,40660.8600000000
1982-11-05,40775.6600000000
1982-11-08,40202.6000000000
1982-11-09,40863.4800000000
1982-11-10,40233.6100000000
1982-11-11,40449.2700000000
1982-11-12,40162.9700000000
1982-11-15,39462.8300000000
1982-11-16,39045.0300000000
1982-11-17,39753.6600000000
1982-11-18,40039.7600000000
1982-11-19,39870.5500000000
1982-11-22,38989.1100000000
1982-11-23,38843.1300000000
1982-11-24,39235.5300000000
1982-11-26,39591.2900000000
1982-11-29,39556.8400000000
1982-11-30,40845.5500000000
1982-12-01,40756.0600000000
1982-12-02,40880.6400000000
1982-12-03,40961.3800000000
1982-12-06,41963.5700000000
1982-12-07,42337.8200000000
1982-12-08,42022.2100000000
1982-12-09,41448.4300000000
1982-12-10,40960.0600000000
1982-12-13,41065.3800000000
1982-12-14,40422.9300000000
1982-12-15,39836.8800000000
1982-12-16,39817.1900000000
1982-12-17,40577.8400000000
1982-12-20,40368.9200000000
1982-12-21,41301.6200000000
1982-12-22,41521.8700000000
1982-12-23,41650.3600000000
1982-12-27,42338.1800000000
1982-12-28,41889.5100000000
1982-12-29,41927.6200000000
1982-12-30,41558.9000000000
1982-12-31,41549.3900000000
1983-01-03,40745.1700000000
1983-01-04,41341.7000000000
1983-01-05,41081.7100000000
1983-01-06,41542.7400000000
1983-01-07,41534.2900000000
1983-01-10,41987.5500000000
1983-01-11,41748.7800000000
1983-01-12,41822.5900000000
1983-01-13,41510.2600000000
1983-01-14,41608.5600000000
1983-01-17,41695.9000000000
1983-01-18,41610.8100000000
1983-01-19,41186.9700000000
1983-01-20,41180.8200000000
1983-01-21,40441.4300000000
1983-01-24,39880.2200000000
1983-01-25,40471.3700000000
1983-01-26,40338.1700000000
1983-01-27,41249.9200000000
1983-01-28,41454.5400000000
1983-01-31,41934.6500000000
1983-02-01,41425.6500000000
1983-02-02,41451.8800000000
1983-02-03,41585.5700000000
1983-02-04,41918.0600000000
1983-02-07,42226.4200000000
1983-02-08,41837.3600000000
1983-02-09,41609.2300000000
1983-02-10,42191.7800000000
1983-02-11,42291.1200000000
1983-02-14,42924.9500000000
1983-02-15,42713.4900000000
1983-02-16,42434.3500000000
1983-02-17,42484.6000000000
1983-02-18,42631.0700000000
1983-02-22,42365.2100000000
1983-02-23,42792.4200000000
1983-02-24,43533.8200000000
1983-02-25,43553.0500000000
1983-02-28,43405.8800000000
1983-03-01,44381.0200000000
1983-03-02,44578.4900000000
1983-03-03,44601.6300000000
1983-03-04,44640.7300000000
1983-03-07,44457.6100000000
1983-03-08,43706.4000000000
1983-03-09,44114.0700000000
1983-03-10,43730.9200000000
1983-03-11,43695.0800000000
1983-03-14,43449.1000000000
1983-03-15,43784.1300000000
1983-03-16,43574.2000000000
1983-03-17,43683.9400000000
1983-03-18,43933.0800000000
1983-03-21,44214.8900000000
1983-03-22,44110.9500000000
1983-03-23,44831.3300000000
1983-03-24,44940.5800000000
1983-03-25,44794.2200000000
1983-03-28,44490.0100000000
1983-03-29,44502.6100000000
1983-03-30,45104.3300000000
1983-03-31,44525.2500000000
1983-04-04,44449.3200000000
1983-04-05,44192.7400000000
1983-04-06,43985.9700000000
1983-04-07,44142.4200000000
1983-04-08,44307.3300000000
1983-04-11,45090.7600000000
1983-04-12,45488.3300000000
1983-04-13,46154.4500000000
1983-04-14,46760.7700000000
1983-04-15,47072.3400000000
1983-04-18,47405.8800000000
1983-04-19,46854.7000000000
1983-04-20,47755.7600000000
1983-04-21,47647.2900000000
1983-04-22,47769.1600000000
1983-04-25,47131.5500000000
1983-04-26,47917.7400000000
1983-04-27,47566.3200000000
1983-04-28,47991.7600000000
1983-04-29,48243.4800000000
1983-05-02,47425.8700000000
1983-05-03,47390.7300000000
1983-05-04,47795.9400000000
1983-05-05,48465.8600000000
1983-05-06,49220.3300000000
1983-05-09,49233.0200000000
1983-05-10,49261.8400000000
1983-05-11,48538.6600000000
1983-05-12,48255.6700000000
1983-05-13,48673.7300000000
1983-05-16,48175.3500000000
1983-05-17,48173.8900000000
1983-05-18,48074.4300000000
1983-05-19,47694.1000000000
1983-05-20,47542.8300000000
1983-05-23,48088.6600000000
1983-05-24,48530.7100000000
1983-05-25,48833.1300000000
1983-05-26,48555.0500000000
1983-05-27,48119.0200000000
1983-05-31,47341.9400000000
1983-06-01,47647.4800000000
1983-06-02,48465.2100000000
1983-06-03,48912.6000000000
1983-06-06,49184.0700000000
1983-06-07,48627.9200000000
1983-06-08,48380.7100000000
1983-06-09,48612.6800000000
1983-06-10,48959.5800000000
1983-06-13,49496.6500000000
1983-06-14,49875.3400000000
1983-06-15,50959.6900000000
1983-06-16,51329.6900000000
1983-06-17,50851.1100000000
1983-06-20,50884.8900000000
1983-06-21,51470.1200000000
1983-06-22,51747.4400000000
1983-06-23,51577.1500000000
1983-06-24,51461.7200000000
1983-06-27,50523.4200000000
1983-06-28,49400.0700000000
1983-06-29,49909.4000000000
1983-06-30,50212.9500000000
1983-07-01,50417.3600000000
1983-07-05,49402.9900000000
1983-07-06,49803.1800000000
1983-07-07,49436.9500000000
1983-07-08,49463.3000000000
1983-07-11,49927.5400000000
1983-07-12,49017.3300000000
1983-07-13,48953.0600000000
1983-07-14,49187.5000000000
1983-07-15,48554.3600000000
1983-07-18,48449.6400000000
1983-07-19,48678.0700000000
1983-07-20,50466.2600000000
1983-07-21,50466.3700000000
1983-07-22,50476.6000000000
1983-07-25,50731.3300000000
1983-07-26,51145.3500000000
1983-07-27,50130.6700000000
1983-07-28,49053.7300000000
1983-07-29,48326.4200000000
1983-08-01,48060.3200000000
1983-08-02,47831.1400000000
1983-08-03,47959.5600000000
1983-08-04,47164.8400000000
1983-08-05,47121.9800000000
1983-08-08,46013.0600000000
1983-08-09,46344.1000000000
1983-08-10,46853.0800000000
1983-08-11,46807.3300000000
1983-08-12,47005.4700000000
1983-08-15,47661.1300000000
1983-08-16,47361.2000000000
1983-08-17,47654.9900000000
1983-08-18,47008.4300000000
1983-08-19,46978.6100000000
1983-08-22,46683.6300000000
1983-08-23,46226.2000000000
1983-08-24,45732.5400000000
1983-08-25,45636.0900000000
1983-08-26,46353.5400000000
1983-08-29,46544.2100000000
1983-08-30,46659.3200000000
1983-08-31,47534.0700000000
1983-09-01,47606.7200000000
1983-09-02,48130.0000000000
1983-09-06,49192.0400000000
1983-09-07,48976.4100000000
1983-09-08,48980.6300000000
1983-09-09,48832.0700000000
1983-09-12,48100.7400000000
1983-09-13,47855.9800000000
1983-09-14,48081.9300000000
1983-09-15,47593.7600000000
1983-09-16,48299.9300000000
1983-09-19,48841.0800000000
1983-09-20,49434.7100000000
1983-09-21,49238.0600000000
1983-09-22,49773.1500000000
1983-09-23,49888.6600000000
1983-09-26,50086.8800000000
1983-09-27,49397.4000000000
1983-09-28,49283.3900000000
1983-09-29,48811.5100000000
1983-09-30,48438.8800000000
1983-10-03,48324.1700000000
1983-10-04,48839.2500000000
1983-10-05,49373.3100000000
1983-10-06,50188.2200000000
1983-10-07,50571.2700000000
1983-10-10,50896.9900000000
1983-10-11,50191.5700000000
1983-10-12,49673.8800000000
1983-10-13,49850.1600000000
1983-10-14,49742.1100000000
1983-10-17,50042.2700000000
1983-10-18,49033.4800000000
1983-10-19,48691.8300000000
1983-10-20,48821.1500000000
1983-10-21,48658.4100000000
1983-10-24,48821.1400000000
1983-10-25,49037.0300000000
1983-10-26,48873.1800000000
1983-10-27,48758.3400000000
1983-10-28,48156.5900000000
1983-10-31,48103.0900000000
1983-11-01,48044.7600000000
1983-11-02,48414.3500000000
1983-11-03,47961.8600000000
1983-11-04,47548.4900000000
1983-11-07,47423.8200000000
1983-11-08,47360.5900000000
1983-11-09,48142.0400000000
1983-11-10,48492.3700000000
1983-11-11,49256.3200000000
1983-11-14,49438.3800000000
1983-11-15,49034.8900000000
1983-11-16,49192.2700000000
1983-11-17,49326.7100000000
1983-11-18,49355.3200000000
1983-11-21,49830.2400000000
1983-11-22,49889.4600000000
1983-11-23,49545.4400000000
1983-11-25,49592.9000000000
1983-11-28,49379.6900000000
1983-11-29,50005.4000000000
1983-11-30,49633.3600000000
1983-12-01,49878.7400000000
1983-12-02,49592.8800000000
1983-12-05,49808.7000000000
1983-12-06,49765.3700000000
1983-12-07,50083.7600000000
1983-12-08,49633.3100000000
1983-12-09,49583.5600000000
1983-12-12,49696.1600000000
1983-12-13,49468.6400000000
1983-12-14,48929.5300000000
1983-12-15,48262.2700000000
1983-12-16,48529.4100000000
1983-12-19,48735.3600000000
1983-12-20,48731.3900000000
1983-12-21,49179.1300000000
1983-12-22,49004.7500000000
1983-12-23,49103.2200000000
1983-12-27,49653.1100000000
1983-12-28,49570.1300000000
1983-12-29,49376.5300000000
1983-12-30,49296.3500000000
1984-01-03,49098.9100000000
1984-01-04,49866.6300000000
1984-01-05,50692.8600000000
1984-01-06,50906.8200000000
1984-01-09,50858.8600000000
1984-01-10,50549.4100000000
1984-01-11,50513.3500000000
1984-01-12,50548.0900000000
1984-01-13,50153.9200000000
1984-01-16,50329.4100000000
1984-01-17,50536.2900000000
1984-01-18,50235.5700000000
1984-01-19,49874.6900000000
1984-01-20,49407.5400000000
1984-01-23,48867.7800000000
1984-01-24,48873.4800000000
1984-01-25,48209.2500000000
1984-01-26,48001.9300000000
1984-01-27,47662.2600000000
1984-01-30,47019.1800000000
1984-01-31,47096.8500000000
1984-02-01,46749.1600000000
1984-02-02,46997.6400000000
1984-02-03,46076.1000000000
1984-02-06,45209.0600000000
1984-02-07,45503.8200000000
1984-02-08,44290.1400000000
1984-02-09,44208.3400000000
1984-02-10,44559.0500000000
1984-02-13,44192.8600000000
1984-02-14,45066.2600000000
1984-02-15,44831.6400000000
1984-02-16,44680.6700000000
1984-02-17,44103.3000000000
1984-02-21,43602.0100000000
1984-02-22,43413.2300000000
1984-02-23,43330.5400000000
1984-02-24,44520.6900000000
1984-02-27,45031.1500000000
1984-02-28,43911.8700000000
1984-02-29,44005.0700000000
1984-03-01,44430.1900000000
1984-03-02,44893.3500000000
1984-03-05,44433.8300000000
1984-03-06,43931.4400000000
1984-03-07,43385.8800000000
1984-03-08,43574.1300000000
1984-03-09,43250.3200000000
1984-03-12,44125.6300000000
1984-03-13,44512.7300000000
1984-03-14,44535.5200000000
1984-03-15,44836.6500000000
1984-03-16,45401.7300000000
1984-03-19,45128.6200000000
1984-03-20,45492.8700000000
1984-03-21,45648.1700000000
1984-03-22,45391.9700000000
1984-03-23,45504.7400000000
1984-03-26,45612.1000000000
1984-03-27,45897.2200000000
1984-03-28,46404.5400000000
1984-03-29,46151.5900000000
1984-03-30,46107.3700000000
1984-04-02,45844.2100000000
1984-04-03,45863.8000000000
1984-04-04,45917.0000000000
1984-04-05,45309.5400000000
1984-04-06,45430.5700000000
1984-04-09,45530.5300000000
1984-04-10,45728.1100000000
1984-04-11,45599.5900000000
1984-04-12,46087.2600000000
1984-04-13,46040.1800000000
1984-04-16,46198.5500000000
1984-04-17,46312.4400000000
1984-04-18,46011.3900000000
1984-04-19,46051.8000000000
1984-04-23,45969.5700000000
1984-04-24,46218.4500000000
1984-04-25,46414.3000000000
1984-04-26,46802.4600000000
1984-04-27,46598.1400000000
1984-04-30,46640.2400000000
1984-05-01,46982.8600000000
1984-05-02,47033.6500000000
1984-05-03,46919.6800000000
1984-05-04,46713.6400000000
1984-05-07,46886.5500000000
1984-05-08,47028.5100000000
1984-05-09,47117.4600000000
1984-05-10,47130.6100000000
1984-05-11,46780.1300000000
1984-05-14,46540.1600000000
1984-05-15,46648.9200000000
1984-05-16,46702.6900000000
1984-05-17,46533.5400000000
1984-05-18,46331.5300000000
1984-05-21,46162.2700000000
1984-05-22,45905.6800000000
1984-05-23,45640.6400000000
1984-05-24,45150.1400000000
1984-05-25,45265.2300000000
1984-05-29,45212.2900000000
1984-05-30,44978.9400000000
1984-05-31,44955.1600000000
1984-06-01,45684.0100000000
1984-06-04,46098.6600000000
1984-06-05,46045.6600000000
1984-06-06,46477.6000000000
1984-06-07,46527.3500000000
1984-06-08,46621.6500000000
1984-06-11,46163.8400000000
1984-06-12,45839.6600000000
1984-06-13,45678.9800000000
1984-06-14,45385.1300000000
1984-06-15,44909.7900000000
1984-06-18,45463.4600000000
1984-06-19,45662.2100000000
1984-06-20,46010.5900000000
1984-06-21,45898.4300000000
1984-06-22,45974.0000000000
1984-06-25,45948.0200000000
1984-06-26,45819.3100000000
1984-06-27,45614.7200000000
1984-06-28,45797.5300000000
1984-06-29,45963.0300000000
1984-07-02,46016.0200000000
1984-07-03,46033.4400000000
1984-07-05,45837.8000000000
1984-07-06,45802.5900000000
1984-07-09,45916.7200000000
1984-07-10,45699.0300000000
1984-07-11,45065.3700000000
1984-07-12,44924.7800000000
1984-07-13,45066.1100000000
1984-07-16,45263.5200000000
1984-07-17,45522.6200000000
1984-07-18,45318.5600000000
1984-07-19,45178.5900000000
1984-07-20,44845.2100000000
1984-07-23,44497.9900000000
1984-07-24,44259.1100000000
1984-07-25,44422.9200000000
1984-07-26,44777.3800000000
1984-07-27,44860.2100000000
1984-07-30,44479.1400000000
1984-07-31,44356.4000000000
1984-08-01,45249.7400000000
1984-08-02,46220.7000000000
1984-08-03,47228.4100000000
1984-08-06,47238.8700000000
1984-08-07,47308.5600000000
1984-08-08,47307.3600000000
1984-08-09,48340.1000000000
1984-08-10,48230.8900000000
1984-08-13,48158.0200000000
1984-08-14,48049.0100000000
1984-08-15,47783.8300000000
1984-08-16,48093.6900000000
1984-08-17,48145.6600000000
1984-08-20,48378.4800000000
1984-08-21,49154.8600000000
1984-08-22,49172.6500000000
1984-08-23,49129.2100000000
1984-08-24,49146.2900000000
1984-08-27,48984.5500000000
1984-08-28,49312.9600000000
1984-08-29,49254.2000000000
1984-08-30,49125.4900000000
1984-08-31,49200.7300000000
1984-09-04,48765.3400000000
1984-09-05,48637.0100000000
1984-09-06,49094.9300000000
1984-09-07,48848.1400000000
1984-09-10,48784.1900000000
1984-09-11,48877.9800000000
1984-09-12,48929.0600000000
1984-09-13,49688.1500000000
1984-09-14,49932.3000000000
1984-09-17,49926.3000000000
1984-09-18,49788.8100000000
1984-09-19,49792.6800000000
1984-09-20,49937.4100000000
1984-09-21,49672.3900000000
1984-09-24,49605.4100000000
1984-09-25,49831.9600000000
1984-09-26,50026.0600000000
1984-09-27,50035.6500000000
1984-09-28,49835.2300000000
1984-10-01,49565.7800000000
1984-10-02,49224.3500000000
1984-10-03,48975.6900000000
1984-10-04,49087.3800000000
1984-10-05,49073.1100000000
1984-10-08,48976.8400000000
1984-10-09,48935.3100000000
1984-10-10,49153.3800000000
1984-10-11,49302.2700000000
1984-10-12,49616.8700000000
1984-10-15,50050.4900000000
1984-10-16,49859.4100000000
1984-10-17,49541.1400000000
1984-10-18,50386.2300000000
1984-10-19,50280.3100000000
1984-10-22,50133.8000000000
1984-10-23,50134.1300000000
1984-10-24,50268.2600000000
1984-10-25,50013.0000000000
1984-10-26,49792.5500000000
1984-10-29,49675.1200000000
1984-10-30,50398.8100000000
1984-10-31,50214.2300000000
1984-11-01,50607.8900000000
1984-11-02,50530.8300000000
1984-11-05,50740.6900000000
1984-11-06,51260.3300000000
1984-11-07,50817.3700000000
1984-11-08,50714.6700000000
1984-11-09,50391.9700000000
1984-11-12,50253.4400000000
1984-11-13,49867.4700000000
1984-11-14,50020.7000000000
1984-11-15,50150.0900000000
1984-11-16,49713.1200000000
1984-11-19,49409.0600000000
1984-11-20,49735.9600000000
1984-11-21,49868.3300000000
1984-11-23,50256.1300000000
1984-11-26,49807.1100000000
1984-11-27,50033.1600000000
1984-11-28,49528.5000000000
1984-11-29,49283.4100000000
1984-11-30,49220.8400000000
1984-12-03,49103.9300000000
1984-12-04,49230.7200000000
1984-12-05,48969.3200000000
1984-12-06,49134.0400000000
1984-12-07,49125.1000000000
1984-12-10,49427.9800000000
1984-12-11,49430.3800000000
1984-12-12,49221.1200000000
1984-12-13,48979.4000000000
1984-12-14,49209.5600000000
1984-12-17,49500.5400000000
1984-12-18,50675.5600000000
1984-12-19,50341.8900000000
1984-12-20,50116.6000000000
1984-12-21,49901.3200000000
1984-12-24,50338.6200000000
1984-12-26,50239.3300000000
1984-12-27,49939.1500000000
1984-12-28,49968.2300000000
1984-12-31,50171.5100000000
1985-01-02,49552.9000000000
1985-01-03,49483.2700000000
1985-01-04,49202.9900000000
1985-01-07,49337.4100000000
1985-01-08,49290.2700000000
1985-01-09,49672.1500000000
1985-01-10,50448.0200000000
1985-01-11,50335.3200000000
1985-01-14,51111.1200000000
1985-01-15,51184.1100000000
1985-01-16,51238.6800000000
1985-01-17,51107.7700000000
1985-01-18,51339.4500000000
1985-01-21,52335.7700000000
1985-01-22,52402.8300000000
1985-01-23,52782.9000000000
1985-01-24,52575.7900000000
1985-01-25,52713.7800000000
1985-01-28,52621.9700000000
1985-01-29,53062.6400000000
1985-01-30,53132.4400000000
1985-01-31,53220.0400000000
1985-02-01,53008.7500000000
1985-02-04,53605.4700000000
1985-02-05,53834.7100000000
1985-02-06,53750.2800000000
1985-02-07,54235.9500000000
1985-02-08,54588.0500000000
1985-02-11,54148.1100000000
1985-02-12,54003.1700000000
1985-02-13,54810.1300000000
1985-02-14,54544.5400000000
1985-02-15,54282.3900000000
1985-02-19,54303.4900000000
1985-02-20,54238.1000000000
1985-02-21,53954.8300000000
1985-02-22,53867.7300000000
1985-02-25,54308.1700000000
1985-02-26,54928.5200000000
1985-02-27,54822.2700000000
1985-02-28,54991.4300000000
1985-03-01,55754.8900000000
1985-03-04,55431.5700000000
1985-03-05,55769.2000000000
1985-03-06,55282.6500000000
1985-03-07,54970.3800000000
1985-03-08,54836.5100000000
1985-03-11,54834.7600000000
1985-03-12,55072.4800000000
1985-03-13,54652.5400000000
1985-03-14,54616.2800000000
1985-03-15,54272.2900000000
1985-03-18,54263.3700000000
1985-03-19,55039.2900000000
1985-03-20,54908.4900000000
1985-03-21,55162.4000000000
1985-03-22,55180.8500000000
1985-03-25,54923.2100000000
1985-03-26,55064.3200000000
1985-03-27,55303.5100000000
1985-03-28,55296.9000000000
1985-03-29,55480.8000000000
1985-04-01,55725.8100000000
1985-04-02,55567.9000000000
1985-04-03,54983.8400000000
1985-04-04,54869.6700000000
1985-04-08,54537.5500000000
1985-04-09,54595.6800000000
1985-04-10,55121.2100000000
1985-04-11,55352.6000000000
1985-04-12,55465.4700000000
1985-04-15,55444.7600000000
1985-04-16,55390.2400000000
1985-04-17,55463.8600000000
1985-04-18,55224.2400000000
1985-04-19,55278.6300000000
1985-04-22,55253.4800000000
1985-04-23,55610.7900000000
1985-04-24,55797.4600000000
1985-04-25,56157.6300000000
1985-04-26,55913.7200000000
1985-04-29,55277.0200000000
1985-04-30,54816.6800000000
1985-05-01,54048.3500000000
1985-05-02,54104.7200000000
1985-05-03,54407.4600000000
1985-05-06,54418.3500000000
1985-05-07,54758.8200000000
1985-05-08,54820.1300000000
1985-05-09,55474.5200000000
1985-05-10,56262.3400000000
1985-05-13,56335.4700000000
1985-05-14,56239.2100000000
1985-05-15,56437.1900000000
1985-05-16,56985.9700000000
1985-05-17,57705.8300000000
1985-05-20,58467.8200000000
1985-05-21,58395.3700000000
1985-05-22,58028.2000000000
1985-05-23,57731.1000000000
1985-05-24,58071.6000000000
1985-05-28,58369.5400000000
1985-05-29,58431.1300000000
1985-05-30,58485.0400000000
1985-05-31,59134.3400000000
1985-06-03,59393.6400000000
1985-06-04,59646.8800000000
1985-06-05,59977.0500000000
1985-06-06,60456.8200000000
1985-06-07,60208.9700000000
1985-06-10,59969.4700000000
1985-06-11,59821.1100000000
1985-06-12,59611.0100000000
1985-06-13,58950.9600000000
1985-06-14,59476.8800000000
1985-06-17,59491.3500000000
1985-06-18,59845.6600000000
1985-06-19,59595.2200000000
1985-06-20,59706.7300000000
1985-06-21,60420.9400000000
1985-06-24,60323.8900000000
1985-06-25,60365.2200000000
1985-06-26,60275.5300000000
1985-06-27,60602.7600000000
1985-06-28,61022.9700000000
1985-07-01,61295.1500000000
1985-07-02,61259.4200000000
1985-07-03,61146.3400000000
1985-07-05,61496.9600000000
1985-07-08,61418.8500000000
1985-07-09,60961.4000000000
1985-07-10,61310.1000000000
1985-07-11,61502.7200000000
1985-07-12,61602.1900000000
1985-07-15,61215.4400000000
1985-07-16,61968.7900000000
1985-07-17,62145.1900000000
1985-07-18,61629.3200000000
1985-07-19,61539.1900000000
1985-07-22,61151.2300000000
1985-07-23,59972.6400000000
1985-07-24,59335.2100000000
1985-07-25,59264.7800000000
1985-07-26,59275.6000000000
1985-07-29,58507.1400000000
1985-07-30,58608.9600000000
1985-07-31,59159.0700000000
1985-08-01,59692.2800000000
1985-08-02,59524.9500000000
1985-08-05,59170.5900000000
1985-08-06,58388.3300000000
1985-08-07,58217.4500000000
1985-08-08,58923.4300000000
1985-08-09,58797.7700000000
1985-08-12,58590.8000000000
1985-08-13,58432.6000000000
1985-08-14,58442.4800000000
1985-08-15,58440.8700000000
1985-08-16,58166.5100000000
1985-08-19,58260.3700000000
1985-08-20,58735.7300000000
1985-08-21,59159.0700000000
1985-08-22,58711.2700000000
1985-08-23,58610.9800000000
1985-08-26,58643.6600000000
1985-08-27,59045.2600000000
1985-08-28,59273.5100000000
1985-08-29,59154.1900000000
1985-08-30,58982.3300000000
1985-09-03,58841.5400000000
1985-09-04,58675.3800000000
1985-09-05,58735.0300000000
1985-09-06,59038.5000000000
1985-09-09,59051.9400000000
1985-09-10,58592.3800000000
1985-09-11,57814.7200000000
1985-09-12,57201.1700000000
1985-09-13,56879.9900000000
1985-09-16,57029.7500000000
1985-09-17,56655.0900000000
1985-09-18,56768.1300000000
1985-09-19,57405.0300000000
1985-09-20,57229.5600000000
1985-09-23,58153.2100000000
1985-09-24,57898.8800000000
1985-09-25,57332.5600000000
1985-09-26,57342.3000000000
1985-09-30,57618.7500000000
1985-10-01,58429.0600000000
1985-10-02,58279.7700000000
1985-10-03,58299.0000000000
1985-10-04,58060.0400000000
1985-10-07,57618.6500000000
1985-10-08,57667.0900000000
1985-10-09,57835.5700000000
1985-10-10,57942.8700000000
1985-10-11,58370.6000000000
1985-10-14,58960.5600000000
1985-10-15,58958.2700000000
1985-10-16,59654.5500000000
1985-10-17,59632.4200000000
1985-10-18,59423.5500000000
1985-10-21,59294.2300000000
1985-10-22,59689.6500000000
1985-10-23,59912.8200000000
1985-10-24,59741.8800000000
1985-10-25,59522.7500000000
1985-10-28,59635.8300000000
1985-10-29,60217.9300000000
1985-10-30,60789.9800000000
1985-10-31,60826.1300000000
1985-11-01,61528.6800000000
1985-11-04,61419.1400000000
1985-11-05,61741.5600000000
1985-11-06,61936.0400000000
1985-11-07,61858.2300000000
1985-11-08,62303.5000000000
1985-11-11,63544.1200000000
1985-11-12,63849.8000000000
1985-11-13,63575.9800000000
1985-11-14,64144.7400000000
1985-11-15,63667.6800000000
1985-11-18,63735.4900000000
1985-11-19,63707.4800000000
1985-11-20,63749.8200000000
1985-11-21,64430.7700000000
1985-11-22,64480.5700000000
1985-11-25,64154.8300000000
1985-11-26,64393.4800000000
1985-11-27,65269.0400000000
1985-11-29,65242.0600000000
1985-12-02,64763.2200000000
1985-12-03,64736.4300000000
1985-12-04,65723.1200000000
1985-12-05,65665.4600000000
1985-12-06,65274.7400000000
1985-12-09,65756.4200000000
1985-12-10,65866.4500000000
1985-12-11,66425.3200000000
1985-12-12,66472.6700000000
1985-12-13,67377.0600000000
1985-12-16,68047.8800000000
1985-12-17,67589.1000000000
1985-12-18,67288.6900000000
1985-12-19,67411.0600000000
1985-12-20,67636.2400000000
1985-12-23,67069.2200000000
1985-12-24,66596.7700000000
1985-12-26,66790.1900000000
1985-12-27,67442.9000000000
1985-12-30,67873.6700000000
1985-12-31,68291.5300000000
1986-01-02,67807.4400000000
1986-01-03,68206.7500000000
1986-01-06,68154.6000000000
1986-01-07,69176.1700000000
1986-01-08,67492.0600000000
1986-01-09,66552.9500000000
1986-01-10,66498.8000000000
1986-01-13,66686.0900000000
1986-01-14,66739.9900000000
1986-01-15,67260.2100000000
1986-01-16,67348.4600000000
1986-01-17,67312.4400000000
1986-01-20,67085.3100000000
1986-01-21,66553.8100000000
1986-01-22,65864.2300000000
1986-01-23,65959.0500000000
1986-01-24,66591.9900000000
1986-01-27,66909.0400000000
1986-01-28,68010.1700000000
1986-01-29,68511.0300000000
1986-01-30,68344.9500000000
1986-01-31,69232.9700000000
1986-02-03,69973.0000000000
1986-02-04,69713.7000000000
1986-02-05,69558.0000000000
1986-02-06,69572.1900000000
1986-02-07,69881.9200000000
1986-02-10,70459.1400000000
1986-02-11,70628.0800000000
1986-02-12,70529.6500000000
1986-02-13,71043.6600000000
1986-02-14,71942.8500000000
1986-02-18,72962.9700000000
1986-02-19,72077.6800000000
1986-02-20,72758.0200000000
1986-02-21,73470.6900000000
1986-02-24,73470.3400000000
1986-02-25,73128.6600000000
1986-02-26,73323.8200000000
1986-02-27,74747.1000000000
1986-02-28,75227.1800000000
1986-03-03,74689.6100000000
1986-03-04,74395.5100000000
1986-03-05,74265.9500000000
1986-03-06,74755.2500000000
1986-03-07,75234.0300000000
1986-03-10,75468.8300000000
1986-03-11,76884.4400000000
1986-03-12,77409.0900000000
1986-03-13,77710.3400000000
1986-03-14,79054.6800000000
1986-03-17,78332.0400000000
1986-03-18,78757.8000000000
1986-03-19,79089.7600000000
1986-03-20,79599.5200000000
1986-03-21,78565.7600000000
1986-03-24,79380.0200000000
1986-03-25,79291.7500000000
1986-03-26,80337.9100000000
1986-03-27,81164.4000000000
1986-03-31,81294.8800000000
1986-04-01,79907.8000000000
1986-04-02,79827.5500000000
1986-04-03,78963.5300000000
1986-04-04,77376.1900000000
1986-04-07,77247.3600000000
1986-04-08,79125.5400000000
1986-04-09,79286.9200000000
1986-04-10,80189.4000000000
1986-04-11,79927.4200000000
1986-04-14,80344.7600000000
1986-04-15,80467.3900000000
1986-04-16,82320.7400000000
1986-04-17,82870.1700000000
1986-04-18,83064.5400000000
1986-04-21,83778.9800000000
1986-04-22,82927.4800000000
1986-04-23,82510.3800000000
1986-04-24,82625.2500000000
1986-04-25,82520.8400000000
1986-04-28,82605.2500000000
1986-04-29,81879.2600000000
1986-04-30,80152.2300000000
1986-05-01,80015.4800000000
1986-05-02,79927.0200000000
1986-05-05,80972.7800000000
1986-05-06,80797.6900000000
1986-05-07,80424.9100000000
1986-05-08,80474.5900000000
1986-05-09,80889.7900000000
1986-05-12,80692.2800000000
1986-05-13,80421.6000000000
1986-05-14,80783.2600000000
1986-05-15,79642.2500000000
1986-05-16,78978.8900000000
1986-05-19,79197.9100000000
1986-05-20,80454.0800000000
1986-05-21,80571.3600000000
1986-05-22,82582.5300000000
1986-05-23,83308.9500000000
1986-05-27,84568.9000000000
1986-05-28,85276.4500000000
1986-05-29,85735.1000000000
1986-05-30,85352.1800000000
1986-06-02,84427.7800000000
1986-06-03,84664.2100000000
1986-06-04,84474.7800000000
1986-06-05,84957.8800000000
1986-06-06,85156.5200000000
1986-06-09,83039.5900000000
1986-06-10,82866.8800000000
1986-06-11,83458.9300000000
1986-06-12,83766.1000000000
1986-06-13,85570.5300000000
1986-06-16,85700.1000000000
1986-06-17,85069.5500000000
1986-06-18,85290.5700000000
1986-06-19,85168.4300000000
1986-06-20,86191.6600000000
1986-06-23,85314.6300000000
1986-06-24,86152.2400000000
1986-06-25,86973.5100000000
1986-06-26,86984.1200000000
1986-06-27,87161.1000000000
1986-06-30,87745.5400000000
1986-07-01,88414.5500000000
1986-07-02,88702.3200000000
1986-07-03,88426.7500000000
1986-07-07,85388.2700000000
1986-07-08,84083.9000000000
1986-07-09,84830.2400000000
1986-07-10,84519.2300000000
1986-07-11,84461.0300000000
1986-07-14,82920.2900000000
1986-07-15,81253.6500000000
1986-07-16,81846.7200000000
1986-07-17,82744.8900000000
1986-07-18,83010.8300000000
1986-07-21,82771.9500000000
1986-07-22,83597.8000000000
1986-07-23,83895.4600000000
1986-07-24,83839.4400000000
1986-07-25,84575.8800000000
1986-07-28,83239.2000000000
1986-07-29,82653.4200000000
1986-07-30,83325.7000000000
1986-07-31,83277.4700000000
1986-08-01,82955.2100000000
1986-08-04,83148.1300000000
1986-08-05,83015.9800000000
1986-08-06,82781.2900000000
1986-08-07,83095.3600000000
1986-08-08,82971.6100000000
1986-08-11,84788.8200000000
1986-08-12,85993.7100000000
1986-08-13,87072.8100000000
1986-08-14,87131.3300000000
1986-08-15,87219.5900000000
1986-08-18,87300.7900000000
1986-08-19,87126.1000000000
1986-08-20,87851.4400000000
1986-08-21,87830.1700000000
1986-08-22,88057.2400000000
1986-08-25,87195.9100000000
1986-08-26,88760.2900000000
1986-08-27,88722.5600000000
1986-08-28,88693.5800000000
1986-08-29,88803.1900000000
1986-09-02,87179.5100000000
1986-09-03,87333.7000000000
1986-09-04,88372.9200000000
1986-09-05,86826.0400000000
1986-09-08,85761.3900000000
1986-09-09,85694.1900000000
1986-09-10,85138.7900000000
1986-09-11,80779.1300000000
1986-09-12,79330.4900000000
1986-09-15,79760.8200000000
1986-09-16,79627.3700000000
1986-09-17,79770.3500000000
1986-09-18,79759.3700000000
1986-09-19,79566.0600000000
1986-09-22,80370.6100000000
1986-09-23,81014.3800000000
1986-09-24,81525.5600000000
1986-09-25,79959.7700000000
1986-09-26,79995.2200000000
1986-09-29,79000.3000000000
1986-09-30,79475.7100000000
1986-10-01,80334.0900000000
1986-10-02,80664.2000000000
1986-10-03,80832.7800000000
1986-10-06,81057.5000000000
1986-10-07,81014.3200000000
1986-10-08,81693.0800000000
1986-10-09,81768.5600000000
1986-10-10,81658.5500000000
1986-10-13,81909.6800000000
1986-10-14,82007.2600000000
1986-10-15,83152.0000000000
1986-10-16,83358.8800000000
1986-10-17,83124.1500000000
1986-10-20,82240.5000000000
1986-10-21,82121.4400000000
1986-10-22,82258.1000000000
1986-10-23,83308.2600000000
1986-10-24,83064.2300000000
1986-10-27,83295.6600000000
1986-10-28,83941.9100000000
1986-10-29,84754.5700000000
1986-10-30,85510.1900000000
1986-10-31,85360.6100000000
1986-11-03,85774.0100000000
1986-11-04,85828.3300000000
1986-11-05,85961.7500000000
1986-11-06,85826.4400000000
1986-11-07,85828.1500000000
1986-11-10,85970.7200000000
1986-11-11,86187.0200000000
1986-11-12,86002.3300000000
1986-11-13,84724.7000000000
1986-11-14,84917.0500000000
1986-11-17,84432.3300000000
1986-11-18,82214.5900000000
1986-11-19,82352.5300000000
1986-11-20,83815.1200000000
1986-11-21,85267.3000000000
1986-11-24,85936.4300000000
1986-11-25,86305.4400000000
1986-11-26,86576.4800000000
1986-11-28,86793.7600000000
1986-12-01,86707.6000000000
1986-12-02,88500.5600000000
1986-12-03,88622.0900000000
1986-12-04,88205.3200000000
1986-12-05,87532.7900000000
1986-12-08,87666.9800000000
1986-12-09,87091.5200000000
1986-12-10,87579.1800000000
1986-12-11,86624.6400000000
1986-12-12,86061.0900000000
1986-12-15,86197.6100000000
1986-12-16,87003.2400000000
1986-12-17,86314.9400000000
1986-12-18,86160.9000000000
1986-12-19,87029.5400000000
1986-12-22,86786.1700000000
1986-12-23,85790.4100000000
1986-12-24,86005.6400000000
1986-12-26,86300.4400000000
1986-12-29,85451.8000000000
1986-12-30,84983.2500000000
1986-12-31,84760.8200000000
1987-01-02,86224.8800000000
1987-01-05,88315.8200000000
1987-01-06,88650.8100000000
1987-01-07,89575.5800000000
1987-01-08,90274.1700000000
1987-01-09,90662.3200000000
1987-01-12,90892.2700000000
1987-01-13,90710.7900000000
1987-01-14,91382.2500000000
1987-01-15,92059.0600000000
1987-01-16,92436.9300000000
1987-01-19,93570.8300000000
1987-01-20,93644.2100000000
1987-01-21,93258.6400000000
1987-01-22,95392.6500000000
1987-01-23,94246.6600000000
1987-01-26,93910.6500000000
1987-01-27,95768.5900000000
1987-01-28,96626.4500000000
1987-01-29,95917.8600000000
1987-01-30,95554.4500000000
1987-02-02,96302.3400000000
1987-02-03,96189.6800000000
1987-02-04,96777.3100000000
1987-02-05,97140.4900000000
1987-02-06,96804.1500000000
1987-02-09,96366.2100000000
1987-02-10,95059.4800000000
1987-02-11,95957.8400000000
1987-02-12,95409.4900000000
1987-02-13,96986.0200000000
1987-02-17,99242.8500000000
1987-02-18,99449.6800000000
1987-02-19,99795.8500000000
1987-02-20,99862.0100000000
1987-02-23,98895.2700000000
1987-02-24,99389.2900000000
1987-02-25,99975.5000000000
1987-02-26,99715.5600000000
1987-02-27,100022.5400000000
1987-03-02,99476.8500000000
1987-03-03,99505.5300000000
1987-03-04,101212.5400000000
1987-03-05,101829.6300000000
1987-03-06,101766.8500000000
1987-03-09,100773.5200000000
1987-03-10,101822.2200000000
1987-03-11,101533.1000000000
1987-03-12,101683.1200000000
1987-03-13,101222.1200000000
1987-03-16,100422.1200000000
1987-03-17,101341.3100000000
1987-03-18,101220.2900000000
1987-03-19,101944.7500000000
1987-03-20,103311.1300000000
1987-03-23,104847.3100000000
1987-03-24,105072.3100000000
1987-03-25,104649.4400000000
1987-03-26,105096.4600000000
1987-03-27,103442.2000000000
1987-03-30,100751.7400000000
1987-03-31,101669.9400000000
1987-04-01,102030.4900000000
1987-04-02,102971.8400000000
1987-04-03,105298.8600000000
1987-04-06,106132.3600000000
1987-04-07,104191.4100000000
1987-04-08,104180.5400000000
1987-04-09,102991.8900000000
1987-04-10,102827.3500000000
1987-04-13,100247.9900000000
1987-04-14,97764.5600000000
1987-04-15,100002.0800000000
1987-04-16,100667.3500000000
1987-04-20,100283.9500000000
1987-04-21,102766.5400000000
1987-04-22,100804.5900000000
1987-04-23,100720.5000000000
1987-04-24,98834.8700000000
1987-04-27,98550.1200000000
1987-04-28,98707.0000000000
1987-04-29,99218.5500000000
1987-04-30,100745.8400000000
1987-05-01,100412.7700000000
1987-05-04,100728.4400000000
1987-05-05,102940.3300000000
1987-05-06,103299.1500000000
1987-05-07,102910.5900000000
1987-05-08,102688.5900000000
1987-05-11,102195.2100000000
1987-05-12,102833.0900000000
1987-05-13,103167.2700000000
1987-05-14,103553.8400000000
1987-05-15,101157.0400000000
1987-05-18,101121.1100000000
1987-05-19,98842.5000000000
1987-05-20,98465.9400000000
1987-05-21,98970.0700000000
1987-05-22,99501.8100000000
1987-05-26,101893.4300000000
1987-05-27,101424.8600000000
1987-05-28,102148.3600000000
1987-05-29,101844.4300000000
1987-06-01,101719.8700000000
1987-06-02,101347.0100000000
1987-06-03,102906.0900000000
1987-06-04,103265.8300000000
1987-06-05,102668.5800000000
1987-06-08,103716.0700000000
1987-06-09,103908.6000000000
1987-06-10,104105.0400000000
1987-06-11,104266.2200000000
1987-06-12,105499.8600000000
1987-06-15,105903.4500000000
1987-06-16,106421.0000000000
1987-06-17,106609.8300000000
1987-06-18,106753.9200000000
1987-06-19,107055.8000000000
1987-06-22,108264.2500000000
1987-06-23,107721.8400000000
1987-06-24,107301.8000000000
1987-06-25,108050.4000000000
1987-06-26,107583.4600000000
1987-06-29,108337.1900000000
1987-06-30,106929.4200000000
1987-07-01,106547.6400000000
1987-07-02,107717.4600000000
1987-07-06,107675.8000000000
1987-07-07,108768.7200000000
1987-07-08,108926.3300000000
1987-07-09,108544.9100000000
1987-07-10,108453.7100000000
1987-07-13,107891.3700000000
1987-07-14,108876.1400000000
1987-07-15,108773.1500000000
1987-07-16,109860.4700000000
1987-07-17,110381.2700000000
1987-07-20,109479.8900000000
1987-07-21,108483.5600000000
1987-07-22,108146.8300000000
1987-07-23,107949.3700000000
1987-07-24,108369.4000000000
1987-07-27,108472.0500000000
1987-07-28,109172.2000000000
1987-07-29,110233.4100000000
1987-07-30,111244.6000000000
1987-07-31,111697.8900000000
1987-08-03,112181.9800000000
1987-08-04,111640.8500000000
1987-08-05,112153.0100000000
1987-08-06,113338.2400000000
1987-08-07,113369.3300000000
1987-08-10,115130.7000000000
1987-08-11,117305.9200000000
1987-08-12,116780.2700000000
1987-08-13,117031.7100000000
1987-08-14,116581.4200000000
1987-08-17,116666.9400000000
1987-08-18,114937.1900000000
1987-08-19,115391.4100000000
1987-08-20,117520.0400000000
1987-08-21,118078.7700000000
1987-08-24,117087.4700000000
1987-08-25,118692.9400000000
1987-08-26,118236.7700000000
1987-08-27,117280.8100000000
1987-08-28,115690.3300000000
1987-08-31,117016.0600000000
1987-09-01,114671.5000000000
1987-09-02,113805.8000000000
1987-09-03,113524.5700000000
1987-09-04,111881.6100000000
1987-09-08,111241.1900000000
1987-09-09,111374.8300000000
1987-09-10,112553.3600000000
1987-09-11,114161.3500000000
1987-09-14,113954.4500000000
1987-09-15,112268.7900000000
1987-09-16,111071.3200000000
1987-09-17,111030.1200000000
1987-09-18,110936.7700000000
1987-09-21,109597.9700000000
1987-09-22,112935.7800000000
1987-09-23,113659.9300000000
1987-09-24,113282.6300000000
1987-09-25,113371.0500000000
1987-09-28,114933.6700000000
1987-09-29,114367.6100000000
1987-09-30,114590.0900000000
1987-10-01,116257.8400000000
1987-10-02,117021.8600000000
1987-10-05,117348.1300000000
1987-10-06,113935.2400000000
1987-10-07,113151.3100000000
1987-10-08,111187.8300000000
1987-10-09,110679.4600000000
1987-10-12,110074.3200000000
1987-10-13,111719.2100000000
1987-10-14,108280.9500000000
1987-10-15,105642.7800000000
1987-10-16,100463.8600000000
1987-10-19,83586.9300000000
1987-10-20,84140.5100000000
1987-10-21,91835.6800000000
1987-10-22,87697.5900000000
1987-10-23,87567.9200000000
1987-10-26,79526.7000000000
1987-10-27,82127.6700000000
1987-10-28,82378.4200000000
1987-10-29,86937.2000000000
1987-10-30,89664.7900000000
1987-11-02,91339.3200000000
1987-11-03,89151.7400000000
1987-11-04,88011.4900000000
1987-11-05,90147.4400000000
1987-11-06,89001.7700000000
1987-11-09,86324.7000000000
1987-11-10,84935.0300000000
1987-11-11,85782.5600000000
1987-11-12,88193.2200000000
1987-11-13,87530.3100000000
1987-11-16,88043.4500000000
1987-11-17,86420.1100000000
1987-11-18,87477.0000000000
1987-11-19,85138.8500000000
1987-11-20,86017.8200000000
1987-11-23,86633.4900000000
1987-11-24,88544.0200000000
1987-11-25,87797.8600000000
1987-11-27,86636.1800000000
1987-11-30,82497.7100000000
1987-12-01,83232.7100000000
1987-12-02,83913.2700000000
1987-12-03,80924.9900000000
1987-12-04,80149.8600000000
1987-12-07,82353.4900000000
1987-12-08,84821.6700000000
1987-12-09,86317.0600000000
1987-12-10,84887.2800000000
1987-12-11,85322.0100000000
1987-12-14,87544.0200000000
1987-12-15,87460.6500000000
1987-12-16,89401.6300000000
1987-12-17,87820.5800000000
1987-12-18,89967.2200000000
1987-12-21,90472.0200000000
1987-12-22,90792.2100000000
1987-12-23,92419.9900000000
1987-12-24,92432.9200000000
1987-12-28,89728.4300000000
1987-12-29,89471.0500000000
1987-12-30,90647.7400000000
1987-12-31,90118.4500000000
1988-01-04,93444.3300000000
1988-01-05,94375.7400000000
1988-01-06,94250.1300000000
1988-01-07,95170.5100000000
1988-01-08,88608.0900000000
1988-01-11,89888.5900000000
1988-01-12,88566.5700000000
1988-01-13,88101.4100000000
1988-01-14,88088.5800000000
1988-01-15,90405.4200000000
1988-01-18,90430.0100000000
1988-01-19,89499.4000000000
1988-01-20,86371.3600000000
1988-01-21,87018.4300000000
1988-01-22,88150.2500000000
1988-01-25,90039.2600000000
1988-01-26,88565.0400000000
1988-01-27,88051.0200000000
1988-01-28,89291.7200000000
1988-01-29,90431.9800000000
1988-02-01,89710.2800000000
1988-02-02,90013.1700000000
1988-02-03,88660.9900000000
1988-02-04,88972.6900000000
1988-02-05,88499.9800000000
1988-02-08,87947.8700000000
1988-02-09,89109.4100000000
1988-02-10,91066.6500000000
1988-02-11,90897.3600000000
1988-02-12,91534.7300000000
1988-02-16,92749.2300000000
1988-02-17,93042.4600000000
1988-02-18,92472.1900000000
1988-02-19,94060.5800000000
1988-02-22,95295.4000000000
1988-02-23,95232.0400000000
1988-02-24,95118.6500000000
1988-02-25,93993.6100000000
1988-02-26,93965.8300000000
1988-02-29,95962.7900000000
1988-03-01,95712.3600000000
1988-03-02,95915.3900000000
1988-03-03,95780.4600000000
1988-03-04,95697.5100000000
1988-03-07,96263.0300000000
1988-03-08,96882.2900000000
1988-03-09,96957.1800000000
1988-03-10,95283.5400000000
1988-03-11,95847.3900000000
1988-03-14,96388.4600000000
1988-03-15,95837.1200000000
1988-03-16,96608.8800000000
1988-03-17,97683.5800000000
1988-03-18,97933.5100000000
1988-03-21,97020.9500000000
1988-03-22,97091.7500000000
1988-03-23,97207.2000000000
1988-03-24,95784.0600000000
1988-03-25,94160.7600000000
1988-03-28,93833.0900000000
1988-03-29,94698.3100000000
1988-03-30,93920.3900000000
1988-03-31,94125.2900000000
1988-04-04,93419.9900000000
1988-04-05,94181.0300000000
1988-04-06,96825.3900000000
1988-04-07,97051.6200000000
1988-04-08,98160.8100000000
1988-04-11,98060.5600000000
1988-04-12,98505.6000000000
1988-04-13,98388.0900000000
1988-04-14,94252.4000000000
1988-04-15,94294.3600000000
1988-04-18,93909.3300000000
1988-04-19,93503.8500000000
1988-04-20,92926.7800000000
1988-04-21,93024.8700000000
1988-04-22,94383.2600000000
1988-04-25,95190.7300000000
1988-04-26,95600.7400000000
1988-04-27,95565.8800000000
1988-04-28,95156.4600000000
1988-04-29,95044.5700000000
1988-05-02,95073.1600000000
1988-05-03,95568.3800000000
1988-05-04,94745.4500000000
1988-05-05,94276.6300000000
1988-05-06,93843.9600000000
1988-05-09,93647.7200000000
1988-05-10,94188.6900000000
1988-05-11,92759.0000000000
1988-05-12,93233.9600000000
1988-05-13,94053.3300000000
1988-05-16,94671.9700000000
1988-05-17,93683.8900000000
1988-05-18,92172.1000000000
1988-05-19,92660.9000000000
1988-05-20,92776.6600000000
1988-05-23,91800.4400000000
1988-05-24,93019.4600000000
1988-05-25,93075.5100000000
1988-05-26,93494.8400000000
1988-05-27,93247.4000000000
1988-05-31,96563.0500000000
1988-06-01,98273.3800000000
1988-06-02,97667.3700000000
1988-06-03,98176.4900000000
1988-06-06,98064.2200000000
1988-06-07,97341.8500000000
1988-06-08,99377.7700000000
1988-06-09,98740.0000000000
1988-06-10,98907.1500000000
1988-06-13,98963.3500000000
1988-06-14,99920.3100000000
1988-06-15,99793.7100000000
1988-06-16,98163.8900000000
1988-06-17,98425.5800000000
1988-06-20,97722.5400000000
1988-06-21,98639.2000000000
1988-06-22,100060.4100000000
1988-06-23,99801.6600000000
1988-06-24,99381.4800000000
1988-06-27,98002.8100000000
1988-06-28,98928.8900000000
1988-06-29,98334.2900000000
1988-06-30,99413.1600000000
1988-07-01,98797.5600000000
1988-07-05,100043.2500000000
1988-07-06,98472.2600000000
1988-07-07,98405.6300000000
1988-07-08,97800.4200000000
1988-07-11,97973.9400000000
1988-07-12,97355.9900000000
1988-07-13,97830.7200000000
1988-07-14,98175.0600000000
1988-07-15,98579.1400000000
1988-07-18,98342.5400000000
1988-07-19,97839.3700000000
1988-07-20,98272.0600000000
1988-07-21,97230.9700000000
1988-07-22,96205.7600000000
1988-07-25,96479.6300000000
1988-07-26,96692.7100000000
1988-07-27,95861.6500000000
1988-07-28,96928.0900000000
1988-07-29,99065.5200000000
1988-08-01,99270.0000000000
1988-08-02,99087.3400000000
1988-08-03,99328.2200000000
1988-08-04,99086.6000000000
1988-08-05,98917.3900000000
1988-08-08,98506.9700000000
1988-08-09,97329.5100000000
1988-08-10,95754.8500000000
1988-08-11,95973.3600000000
1988-08-12,95794.7600000000
1988-08-15,94619.4400000000
1988-08-16,95140.3900000000
1988-08-17,95217.9000000000
1988-08-18,95325.2900000000
1988-08-19,95373.5500000000
1988-08-22,94352.3200000000
1988-08-23,94264.4000000000
1988-08-24,95699.3400000000
1988-08-25,94959.2600000000
1988-08-26,95186.8400000000
1988-08-29,96151.5700000000
1988-08-30,96336.9200000000
1988-08-31,95973.8600000000
1988-09-01,94861.9800000000
1988-09-02,97154.6000000000
1988-09-06,97742.3500000000
1988-09-07,97929.2200000000
1988-09-08,98076.4100000000
1988-09-09,98533.2200000000
1988-09-12,98168.5900000000
1988-09-13,98309.1300000000
1988-09-14,99074.3700000000
1988-09-15,98830.0200000000
1988-09-16,99818.9100000000
1988-09-19,99181.8400000000
1988-09-20,99487.6700000000
1988-09-21,99316.5600000000
1988-09-22,98872.5700000000
1988-09-23,99243.2100000000
1988-09-26,99126.1600000000
1988-09-27,98975.8400000000
1988-09-28,99450.5000000000
1988-09-29,100700.4700000000
1988-09-30,100889.8200000000
1988-10-03,100725.5800000000
1988-10-04,100890.0400000000
1988-10-05,101047.4100000000
1988-10-06,101259.8000000000
1988-10-07,103092.9100000000
1988-10-10,103166.8400000000
1988-10-11,102715.7600000000
1988-10-12,101317.2900000000
1988-10-13,101694.3200000000
1988-10-14,101867.7900000000
1988-10-17,102237.2400000000
1988-10-18,103544.7200000000
1988-10-19,102702.9700000000
1988-10-20,104208.8400000000
1988-10-21,104493.1900000000
1988-10-24,104180.5700000000
1988-10-25,104008.1900000000
1988-10-26,103722.1500000000
1988-10-27,102402.9400000000
1988-10-28,103490.0600000000
1988-10-31,103524.4300000000
1988-11-01,103745.8400000000
1988-11-02,103759.1200000000
1988-11-03,103865.8800000000
1988-11-04,102925.2200000000
1988-11-07,101620.9600000000
1988-11-08,102094.9100000000
1988-11-09,101493.4900000000
1988-11-10,101778.3900000000
1988-11-11,99643.6800000000
1988-11-14,99350.2700000000
1988-11-15,99778.5700000000
1988-11-16,98071.3600000000
1988-11-17,98453.1400000000
1988-11-18,99192.8000000000
1988-11-21,98885.3700000000
1988-11-22,99311.7400000000
1988-11-23,100564.3200000000
1988-11-25,100125.3700000000
1988-11-28,100323.0200000000
1988-11-29,101408.0800000000
1988-11-30,102280.4000000000
1988-12-01,102231.3400000000
1988-12-02,101965.3400000000
1988-12-05,103543.7400000000
1988-12-06,104177.6600000000
1988-12-07,104301.4900000000
1988-12-08,103601.2300000000
1988-12-09,103581.0100000000
1988-12-12,103515.7600000000
1988-12-13,102963.9000000000
1988-12-14,102722.2300000000
1988-12-15,102154.7400000000
1988-12-16,102938.8500000000
1988-12-19,103370.5000000000
1988-12-20,102978.2400000000
1988-12-21,102579.7000000000
1988-12-22,102582.5100000000
1988-12-23,102903.4800000000
1988-12-27,102900.2800000000
1988-12-28,103418.8600000000
1988-12-29,104491.4700000000
1988-12-30,104017.4800000000
1989-01-03,103174.7000000000
1989-01-04,104690.3100000000
1989-01-05,105189.8100000000
1989-01-06,105646.3800000000
1989-01-09,105664.1300000000
1989-01-10,105511.3400000000
1989-01-11,106264.2600000000
1989-01-12,106945.8300000000
1989-01-13,107135.5000000000
1989-01-16,107139.3900000000
1989-01-17,106958.3800000000
1989-01-18,108232.0200000000
1989-01-19,108273.3200000000
1989-01-20,108111.0500000000
1989-01-23,106811.8300000000
1989-01-24,108080.8800000000
1989-01-25,108824.4800000000
1989-01-26,109627.5900000000
1989-01-27,110640.3900000000
1989-01-30,110692.8300000000
1989-01-31,111693.7900000000
1989-02-01,111913.6400000000
1989-02-02,111770.8100000000
1989-02-03,112018.0200000000
1989-02-06,111830.1100000000
1989-02-07,113551.0900000000
1989-02-08,113417.2100000000
1989-02-09,112599.1500000000
1989-02-10,111112.1900000000
1989-02-13,111048.9900000000
1989-02-14,110861.4100000000
1989-02-15,111531.6300000000
1989-02-16,111810.1000000000
1989-02-17,112391.4200000000
1989-02-21,112395.8600000000
1989-02-22,110660.7000000000
1989-02-23,111345.0200000000
1989-02-24,109557.7600000000
1989-02-27,109631.6200000000
1989-02-28,110248.3900000000
1989-03-01,109799.4900000000
1989-03-02,111141.4100000000
1989-03-03,112100.4600000000
1989-03-06,112963.6200000000
1989-03-07,113210.2700000000
1989-03-08,113189.6800000000
1989-03-09,113011.7400000000
1989-03-10,112994.1900000000
1989-03-13,113475.0200000000
1989-03-14,113241.5500000000
1989-03-15,113792.1600000000
1989-03-16,114869.9300000000
1989-03-17,112546.5900000000
1989-03-20,111342.0300000000
1989-03-21,111951.1300000000
1989-03-22,111827.7300000000
1989-03-23,111116.2900000000
1989-03-27,111591.8500000000
1989-03-28,112408.6500000000
1989-03-29,113097.8000000000
1989-03-30,113381.9000000000
1989-03-31,114486.6700000000
1989-04-03,114934.3300000000
1989-04-04,114598.2700000000
1989-04-05,114712.4200000000
1989-04-06,114412.6300000000
1989-04-07,115227.9300000000
1989-04-10,115186.9300000000
1989-04-11,115532.4100000000
1989-04-12,115672.9800000000
1989-04-13,114623.2500000000
1989-04-14,116648.6500000000
1989-04-17,116683.2100000000
1989-04-18,118649.3000000000
1989-04-19,119386.9200000000
1989-04-20,118808.3900000000
1989-04-21,119680.0500000000
1989-04-24,119598.5800000000
1989-04-25,118866.3300000000
1989-04-26,118976.6400000000
1989-04-27,120152.2900000000
1989-04-28,120427.4900000000
1989-05-01,120196.4700000000
1989-05-02,119622.6700000000
1989-05-03,119545.7600000000
1989-05-04,119569.9600000000
1989-05-05,119883.5500000000
1989-05-08,119388.8200000000
1989-05-09,119124.5900000000
1989-05-10,119397.4400000000
1989-05-11,119770.8200000000
1989-05-12,122777.4000000000
1989-05-15,124184.2200000000
1989-05-16,124033.3700000000
1989-05-17,125041.8200000000
1989-05-18,125410.5400000000
1989-05-19,126626.2900000000
1989-05-22,127526.5400000000
1989-05-23,126073.1000000000
1989-05-24,126126.4800000000
1989-05-25,126442.4200000000
1989-05-26,127416.7000000000
1989-05-30,126494.3800000000
1989-05-31,126939.6900000000
1989-06-01,127914.4700000000
1989-06-02,130048.1100000000
1989-06-05,128514.1700000000
1989-06-06,128903.7400000000
1989-06-07,131184.3300000000
1989-06-08,131168.9800000000
1989-06-09,131226.5600000000
1989-06-12,130978.3800000000
1989-06-13,129943.1400000000
1989-06-14,129949.2300000000
1989-06-15,128255.3200000000
1989-06-16,128568.4400000000
1989-06-19,128748.1300000000
1989-06-20,128703.6400000000
1989-06-21,128461.1700000000
1989-06-22,129373.9700000000
1989-06-23,132064.1600000000
1989-06-26,131390.8900000000
1989-06-27,132053.5800000000
1989-06-28,130833.3200000000
1989-06-29,128159.4500000000
1989-06-30,127350.4200000000
1989-07-03,127923.9800000000
1989-07-05,128736.4300000000
1989-07-06,129319.6800000000
1989-07-07,130543.4600000000
1989-07-10,131139.0700000000
1989-07-11,132325.9900000000
1989-07-12,132687.7300000000
1989-07-13,132806.7800000000
1989-07-14,133899.4400000000
1989-07-17,133918.7200000000
1989-07-18,133081.8200000000
1989-07-19,134974.4900000000
1989-07-20,134203.3700000000
1989-07-21,135102.2400000000
1989-07-24,134587.3800000000
1989-07-25,135308.4000000000
1989-07-26,137771.8800000000
1989-07-27,139186.3800000000
1989-07-28,139505.2600000000
1989-07-31,141050.2700000000
1989-08-01,140494.9600000000
1989-08-02,141065.2100000000
1989-08-03,141389.2600000000
1989-08-04,140216.4900000000
1989-08-07,141856.8400000000
1989-08-08,142233.0400000000
1989-08-09,141718.9500000000
1989-08-10,142576.9300000000
1989-08-11,141015.9200000000
1989-08-14,140349.2000000000
1989-08-15,140861.0500000000
1989-08-16,141349.8900000000
1989-08-17,141326.5700000000
1989-08-18,141729.8600000000
1989-08-21,139958.0500000000
1989-08-22,139900.7800000000
1989-08-23,141265.6200000000
1989-08-24,144243.7900000000
1989-08-25,144106.5800000000
1989-08-28,144655.7200000000
1989-08-29,143739.9400000000
1989-08-30,144198.5200000000
1989-08-31,144442.4400000000
1989-09-01,145681.1300000000
1989-09-05,145629.0500000000
1989-09-06,144572.5700000000
1989-09-07,144004.7600000000
1989-09-08,144170.0200000000
1989-09-11,143498.7800000000
1989-09-12,143796.2700000000
1989-09-13,142649.7500000000
1989-09-14,141458.6600000000
1989-09-15,142156.1900000000
1989-09-18,143294.0100000000
1989-09-19,143772.7200000000
1989-09-20,143684.0000000000
1989-09-21,143212.3300000000
1989-09-22,143825.9900000000
1989-09-25,142831.2200000000
1989-09-26,143230.5100000000
1989-09-27,144488.2600000000
1989-09-28,147011.8400000000
1989-09-29,147447.7700000000
1989-10-02,148751.6900000000
1989-10-03,150902.2800000000
1989-10-04,151889.6600000000
1989-10-05,152140.8100000000
1989-10-06,153265.8700000000
1989-10-09,153601.0500000000
1989-10-10,153059.9000000000
1989-10-11,151960.9600000000
1989-10-12,151119.5100000000
1989-10-13,141406.7800000000
1989-10-16,145867.7700000000
1989-10-17,145266.3100000000
1989-10-18,145880.7300000000
1989-10-19,148735.2100000000
1989-10-20,148644.6100000000
1989-10-23,148015.8600000000
1989-10-24,147383.5300000000
1989-10-25,147038.8600000000
1989-10-26,144849.6000000000
1989-10-27,142927.7700000000
1989-10-30,143434.7400000000
1989-10-31,145821.4700000000
1989-11-01,146327.2300000000
1989-11-02,145013.8100000000
1989-11-03,144370.1000000000
1989-11-06,142008.6000000000
1989-11-07,142892.4100000000
1989-11-08,145425.0100000000
1989-11-09,144916.5600000000
1989-11-10,146260.3000000000
1989-11-13,146557.3800000000
1989-11-14,145505.7700000000
1989-11-15,147009.4700000000
1989-11-16,147462.1200000000
1989-11-17,147761.8700000000
1989-11-20,147059.2200000000
1989-11-21,147051.9600000000
1989-11-22,148230.0400000000
1989-11-24,149343.8600000000
1989-11-27,149706.4000000000
1989-11-28,149403.5000000000
1989-11-29,148351.6400000000
1989-11-30,149603.5200000000
1989-12-01,151774.6000000000
1989-12-04,152246.6300000000
1989-12-05,151084.5600000000
1989-12-06,150167.4200000000
1989-12-07,149848.9000000000
1989-12-08,150247.4100000000
1989-12-11,150301.1700000000
1989-12-12,151808.5900000000
1989-12-13,152570.9400000000
1989-12-14,151996.2600000000
1989-12-15,151627.0600000000
1989-12-18,148112.2800000000
1989-12-19,147460.8100000000
1989-12-20,146783.7100000000
1989-12-21,147181.6900000000
1989-12-22,148898.9600000000
1989-12-26,148428.4800000000
1989-12-27,148882.7700000000
1989-12-28,150382.2000000000
1989-12-29,151846.1700000000
1990-01-02,154420.6900000000
1990-01-03,154292.5700000000
1990-01-04,152079.4400000000
1990-01-05,150412.2100000000
1990-01-08,151243.2700000000
1990-01-09,149601.8900000000
1990-01-10,148158.2000000000
1990-01-11,148725.2300000000
1990-01-12,144948.9000000000
1990-01-15,143205.2700000000
1990-01-16,145268.5400000000
1990-01-17,143667.1700000000
1990-01-18,144057.2500000000
1990-01-19,144646.7700000000
1990-01-22,140722.5900000000
1990-01-23,141099.1800000000
1990-01-24,140544.3600000000
1990-01-25,138026.2500000000
1990-01-26,137083.6500000000
1990-01-29,136578.6200000000
1990-01-30,134757.8900000000
1990-01-31,137787.9200000000
1990-02-01,137748.9500000000
1990-02-02,138820.4000000000
1990-02-05,139702.0600000000
1990-02-06,138755.8200000000
1990-02-07,140417.9000000000
1990-02-08,140166.5400000000
1990-02-09,140196.8000000000
1990-02-12,138770.6300000000
1990-02-13,138696.5800000000
1990-02-14,139336.5900000000
1990-02-15,140741.5300000000
1990-02-16,139661.0400000000
1990-02-20,137413.2700000000
1990-02-21,136614.4800000000
1990-02-22,136455.6400000000
1990-02-23,135786.2500000000
1990-02-26,137685.4000000000
1990-02-27,138675.8500000000
1990-02-28,139365.6600000000
1990-03-01,139511.2000000000
1990-03-02,140478.8200000000
1990-03-05,140140.8100000000
1990-03-06,142129.1500000000
1990-03-07,141648.3100000000
1990-03-08,142923.4800000000
1990-03-09,141838.1300000000
1990-03-12,142413.0900000000
1990-03-13,141336.9700000000
1990-03-14,141662.2200000000
1990-03-15,142104.9600000000
1990-03-16,143882.1000000000
1990-03-19,145072.4800000000
1990-03-20,144160.9900000000
1990-03-21,143231.6300000000
1990-03-22,141347.8100000000
1990-03-23,142192.8200000000
1990-03-26,142409.4700000000
1990-03-27,144144.7300000000
1990-03-28,143729.9900000000
1990-03-29,143380.0800000000
1990-03-30,143214.9100000000
1990-04-02,142653.8400000000
1990-04-03,144700.0800000000
1990-04-04,143752.1700000000
1990-04-05,143633.8700000000
1990-04-06,143593.2900000000
1990-04-09,144125.7900000000
1990-04-10,144234.6500000000
1990-04-11,144103.5600000000
1990-04-12,145268.6100000000
1990-04-16,145590.2800000000
1990-04-17,145485.9100000000
1990-04-18,143996.7300000000
1990-04-19,142874.1700000000
1990-04-20,141466.9900000000
1990-04-23,139803.2600000000
1990-04-24,139582.6300000000
1990-04-25,140172.7600000000
1990-04-26,140497.3800000000
1990-04-27,138440.5200000000
1990-04-30,139371.5300000000
1990-05-01,140129.2700000000
1990-05-02,140864.8600000000
1990-05-03,141569.6500000000
1990-05-04,143023.3300000000
1990-05-07,144203.4700000000
1990-05-08,144895.8900000000
1990-05-09,145511.8500000000
1990-05-10,146016.9500000000
1990-05-11,149524.8200000000
1990-05-14,150807.2300000000
1990-05-15,150395.1100000000
1990-05-16,150412.2000000000
1990-05-17,150775.4300000000
1990-05-18,150993.0000000000
1990-05-21,152377.4300000000
1990-05-22,152795.4700000000
1990-05-23,153068.4200000000
1990-05-24,152868.5500000000
1990-05-25,150987.6800000000
1990-05-29,153952.6900000000
1990-05-30,153880.7000000000
1990-05-31,154228.7300000000
1990-06-01,154763.5300000000
1990-06-04,156566.7600000000
1990-06-05,155687.8100000000
1990-06-06,155049.2700000000
1990-06-07,154179.4900000000
1990-06-08,152221.5000000000
1990-06-11,153545.4700000000
1990-06-12,155800.8100000000
1990-06-13,155520.7700000000
1990-06-14,154561.4000000000
1990-06-15,154682.8500000000
1990-06-18,152124.0900000000
1990-06-19,152745.4800000000
1990-06-20,153257.6100000000
1990-06-21,153862.0500000000
1990-06-22,151693.9000000000
1990-06-25,150548.6300000000
1990-06-26,150561.8100000000
1990-06-27,152347.9400000000
1990-06-28,153716.0500000000
1990-06-29,154151.5900000000
1990-07-02,154883.3000000000
1990-07-03,155179.9000000000
1990-07-05,153267.9100000000
1990-07-06,154496.3400000000
1990-07-09,155164.7100000000
1990-07-10,154097.5200000000
1990-07-11,155518.8100000000
1990-07-12,157483.8000000000
1990-07-13,158926.6200000000
1990-07-16,159500.9300000000
1990-07-17,157822.6700000000
1990-07-18,156002.9200000000
1990-07-19,156597.9800000000
1990-07-20,155231.0200000000
1990-07-23,152679.1300000000
1990-07-24,152863.6500000000
1990-07-25,153531.8100000000
1990-07-26,153202.9300000000
1990-07-27,152051.2900000000
1990-07-30,152682.7100000000
1990-07-31,153521.1000000000
1990-08-01,153433.2500000000
1990-08-02,151967.8400000000
1990-08-03,149296.2000000000
1990-08-06,144710.2700000000
1990-08-07,145181.9700000000
1990-08-08,147256.0200000000
1990-08-09,148049.4500000000
1990-08-10,146171.6600000000
1990-08-13,148028.7400000000
1990-08-14,148172.6300000000
1990-08-15,148410.9100000000
1990-08-16,145683.6100000000
1990-08-17,143795.5400000000
1990-08-20,143776.7000000000
1990-08-21,140875.7300000000
1990-08-22,138344.4200000000
1990-08-23,134238.2700000000
1990-08-24,135961.4600000000
1990-08-27,140122.3200000000
1990-08-28,140189.1600000000
1990-08-29,141035.5900000000
1990-08-30,138352.2100000000
1990-08-31,140475.4100000000
1990-09-04,140881.4600000000
1990-09-05,141387.8000000000
1990-09-06,139557.3300000000
1990-09-07,140746.7200000000
1990-09-10,140029.9400000000
1990-09-11,139712.4300000000
1990-09-12,140536.6000000000
1990-09-13,139071.8800000000
1990-09-14,138291.0900000000
1990-09-17,138779.2600000000
1990-09-18,139227.9900000000
1990-09-19,137822.5000000000
1990-09-20,135680.1000000000
1990-09-21,136151.2900000000
1990-09-24,133931.1600000000
1990-09-25,135129.5700000000
1990-09-26,133521.4400000000
1990-09-27,131354.2300000000
1990-09-28,133481.2600000000
1990-10-01,136903.9100000000
1990-10-02,136802.1200000000
1990-10-03,135712.2000000000
1990-10-04,136112.8900000000
1990-10-05,135543.6900000000
1990-10-08,136418.6600000000
1990-10-09,132667.0300000000
1990-10-10,130811.9400000000
1990-10-11,128653.2400000000
1990-10-12,129912.6100000000
1990-10-15,131073.8500000000
1990-10-16,129432.7100000000
1990-10-17,130023.2200000000
1990-10-18,133133.6300000000
1990-10-19,135549.8400000000
1990-10-22,135948.3600000000
1990-10-23,135295.9600000000
1990-10-24,135377.0200000000
1990-10-25,134714.7300000000
1990-10-26,132884.8700000000
1990-10-29,131724.7300000000
1990-10-30,132573.2900000000
1990-10-31,131743.6200000000
1990-11-01,132934.2700000000
1990-11-02,135046.5700000000
1990-11-05,136521.1700000000
1990-11-06,135210.2100000000
1990-11-07,132874.1800000000
1990-11-08,133322.2500000000
1990-11-09,136270.8500000000
1990-11-12,138165.7500000000
1990-11-13,137363.4200000000
1990-11-14,138064.9000000000
1990-11-15,136768.1900000000
1990-11-16,137039.8100000000
1990-11-19,137833.2500000000
1990-11-20,136115.4800000000
1990-11-21,136717.3900000000
1990-11-23,136379.0100000000
1990-11-26,137365.1600000000
1990-11-27,138398.6400000000
1990-11-28,138079.8800000000
1990-11-29,137813.2600000000
1990-11-30,140326.1300000000
1990-12-03,140933.9800000000
1990-12-04,141711.8400000000
1990-12-05,142341.1400000000
1990-12-06,141610.5700000000
1990-12-07,141697.4800000000
1990-12-10,142026.5700000000
1990-12-11,140782.1800000000
1990-12-12,141919.2800000000
1990-12-13,141813.3900000000
1990-12-14,140695.3200000000
1990-12-17,140471.2400000000
1990-12-18,141689.9000000000
1990-12-19,141652.0900000000
1990-12-20,141846.3400000000
1990-12-21,142525.5900000000
1990-12-24,142141.7100000000
1990-12-26,142754.9700000000
1990-12-27,142195.1300000000
1990-12-28,142493.9700000000
1990-12-31,143480.5700000000
1991-01-02,141805.4100000000
1991-01-03,139254.6100000000
1991-01-04,138221.2300000000
1991-01-07,135936.8700000000
1991-01-08,135854.6400000000
1991-01-09,134431.7800000000
1991-01-10,135491.2900000000
1991-01-11,135676.6500000000
1991-01-14,135126.0000000000
1991-01-15,135628.6700000000
1991-01-16,136994.4800000000
1991-01-17,141652.8600000000
1991-01-18,142984.3400000000
1991-01-21,142174.2500000000
1991-01-22,141406.9800000000
1991-01-23,143065.4000000000
1991-01-24,145203.7100000000
1991-01-25,145644.2900000000
1991-01-28,145729.4500000000
1991-01-29,145757.9100000000
1991-01-30,147930.3300000000
1991-01-31,148890.4100000000
1991-02-01,148098.7400000000
1991-02-04,150000.6700000000
1991-02-05,151404.0600000000
1991-02-06,154610.8300000000
1991-02-07,153691.8000000000
1991-02-08,155191.8000000000
1991-02-11,158992.9700000000
1991-02-12,157949.1100000000
1991-02-13,159364.4100000000
1991-02-14,157965.3200000000
1991-02-15,160014.4900000000
1991-02-19,160096.6900000000
1991-02-20,158646.1500000000
1991-02-21,158374.3300000000
1991-02-22,158860.9000000000
1991-02-25,160448.9300000000
1991-02-26,158329.6600000000
1991-02-27,160966.8700000000
1991-02-28,160203.1500000000
1991-03-01,161256.0400000000
1991-03-04,160538.1000000000
1991-03-05,163787.3200000000
1991-03-06,163473.5800000000
1991-03-07,163885.2700000000
1991-03-08,163774.5800000000
1991-03-11,162331.1300000000
1991-03-12,160741.7400000000
1991-03-13,162539.9300000000
1991-03-14,162441.8900000000
1991-03-15,162308.5700000000
1991-03-18,161809.5600000000
1991-03-19,158446.7100000000
1991-03-20,160071.9800000000
1991-03-21,159790.1300000000
1991-03-22,160404.2600000000
1991-03-25,161483.5600000000
1991-03-26,164245.2600000000
1991-03-27,163898.4700000000
1991-03-28,164029.2900000000
1991-04-01,162558.1500000000
1991-04-02,166215.3200000000
1991-04-03,166195.2400000000
1991-04-04,166830.2700000000
1991-04-05,165086.6200000000
1991-04-08,166377.1700000000
1991-04-09,164199.7200000000
1991-04-10,163865.7900000000
1991-04-11,165693.4900000000
1991-04-12,166325.2600000000
1991-04-15,166568.7900000000
1991-04-16,169723.7100000000
1991-04-17,170157.7400000000
1991-04-18,168798.1800000000
1991-04-19,166317.1500000000
1991-04-22,164674.7100000000
1991-04-23,164533.8200000000
1991-04-24,164165.1500000000
1991-04-25,163558.4500000000
1991-04-26,163677.8000000000
1991-04-29,161634.5600000000
1991-04-30,161633.0000000000
1991-05-01,164122.3800000000
1991-05-02,164834.4600000000
1991-05-03,165080.7300000000
1991-05-06,164556.9800000000
1991-05-07,163759.4800000000
1991-05-08,164064.1800000000
1991-05-09,166288.2800000000
1991-05-10,163941.5200000000
1991-05-13,164483.1300000000
1991-05-14,162497.8100000000
1991-05-15,160382.8900000000
1991-05-16,162309.4600000000
1991-05-17,162166.8800000000
1991-05-20,162509.9300000000
1991-05-21,164186.8300000000
1991-05-22,165182.3500000000
1991-05-23,165145.8500000000
1991-05-24,165901.3200000000
1991-05-28,167652.3300000000
1991-05-29,167489.9100000000
1991-05-30,168256.8500000000
1991-05-31,168373.5000000000
1991-06-03,166441.7900000000
1991-06-04,166600.7000000000
1991-06-05,165774.2300000000
1991-06-06,164828.2200000000
1991-06-07,163111.1300000000
1991-06-10,162775.4200000000
1991-06-11,163609.0000000000
1991-06-12,162090.9900000000
1991-06-13,162375.0400000000
1991-06-14,164569.5300000000
1991-06-17,163741.7100000000
1991-06-18,163094.9700000000
1991-06-19,161611.1800000000
1991-06-20,161753.0100000000
1991-06-21,162632.4400000000
1991-06-24,160238.0700000000
1991-06-25,160274.4300000000
1991-06-26,160455.0000000000
1991-06-27,161137.3500000000
1991-06-28,159632.5500000000
1991-07-01,162712.1800000000
1991-07-02,162861.7800000000
1991-07-03,161365.9100000000
1991-07-05,162111.7500000000
1991-07-08,163760.0300000000
1991-07-09,162905.5800000000
1991-07-10,162658.7200000000
1991-07-11,163016.4900000000
1991-07-12,164794.6100000000
1991-07-15,166139.6700000000
1991-07-16,165514.8000000000
1991-07-17,165021.6200000000
1991-07-18,167015.9400000000
1991-07-19,166783.2900000000
1991-07-22,166226.3000000000
1991-07-23,164594.4800000000
1991-07-24,164763.5100000000
1991-07-25,166057.8500000000
1991-07-26,166260.3100000000
1991-07-29,167647.9900000000
1991-07-30,169619.4600000000
1991-07-31,170373.1800000000
1991-08-01,170152.0300000000
1991-08-02,170355.7300000000
1991-08-05,169873.2500000000
1991-08-06,172565.6600000000
1991-08-07,172542.8800000000
1991-08-08,171835.0400000000
1991-08-09,171338.2900000000
1991-08-12,171526.2100000000
1991-08-13,172515.8800000000
1991-08-14,172766.2200000000
1991-08-15,172832.4900000000
1991-08-16,171263.5900000000
1991-08-19,167233.3200000000
1991-08-20,168504.4100000000
1991-08-21,173376.8600000000
1991-08-22,173844.3600000000
1991-08-23,174697.9100000000
1991-08-26,174733.5000000000
1991-08-27,174652.4500000000
1991-08-28,175978.9100000000
1991-08-29,176338.7700000000
1991-08-30,175843.6500000000
1991-09-03,174824.6100000000
1991-09-04,173788.8600000000
1991-09-05,173363.0800000000
1991-09-06,173932.9800000000
1991-09-09,174223.6800000000
1991-09-10,172696.9600000000
1991-09-11,173012.0500000000
1991-09-12,174489.0900000000
1991-09-13,172688.6200000000
1991-09-16,173548.1100000000
1991-09-17,173712.6800000000
1991-09-18,174310.4600000000
1991-09-19,174507.6900000000
1991-09-20,174773.1100000000
1991-09-23,173504.7900000000
1991-09-24,174665.8100000000
1991-09-25,174376.4700000000
1991-09-26,174115.8500000000
1991-09-27,173728.2900000000
1991-09-30,174889.2800000000
1991-10-01,175477.1900000000
1991-10-02,175270.5600000000
1991-10-03,173564.7100000000
1991-10-04,172081.3500000000
1991-10-07,171294.8200000000
1991-10-08,171419.3400000000
1991-10-09,168926.2200000000
1991-10-10,170559.4600000000
1991-10-11,171240.1600000000
1991-10-14,173245.2900000000
1991-10-15,176087.4500000000
1991-10-16,177852.4500000000
1991-10-17,176724.2200000000
1991-10-18,176924.2500000000
1991-10-21,175041.3300000000
1991-10-22,173720.2000000000
1991-10-23,174673.1000000000
1991-10-24,173511.2900000000
1991-10-25,172477.5200000000
1991-10-28,175192.0400000000
1991-10-29,176838.1200000000
1991-10-30,177603.1800000000
1991-10-31,178020.4700000000
1991-11-01,177176.1600000000
1991-11-04,176891.5900000000
1991-11-05,176820.9600000000
1991-11-06,177790.3200000000
1991-11-07,179581.5700000000
1991-11-08,179154.4200000000
1991-11-11,179051.3200000000
1991-11-12,181234.6400000000
1991-11-13,181983.9100000000
1991-11-14,182154.6800000000
1991-11-15,174773.0500000000
1991-11-18,175682.6200000000
1991-11-19,172355.4000000000
1991-11-20,172840.1600000000
1991-11-21,174042.4800000000
1991-11-22,172409.9300000000
1991-11-25,171382.9000000000
1991-11-26,171914.7200000000
1991-11-27,171798.2700000000
1991-11-29,171479.8300000000
1991-12-02,174978.3100000000
1991-12-03,175944.5300000000
1991-12-04,175698.6600000000
1991-12-05,174734.2500000000
1991-12-06,175194.6400000000
1991-12-09,174960.5700000000
1991-12-10,174450.9000000000
1991-12-11,173872.4300000000
1991-12-12,175489.1400000000
1991-12-13,176721.6100000000
1991-12-16,176903.5300000000
1991-12-17,175292.8500000000
1991-12-18,176096.4000000000
1991-12-19,175241.3700000000
1991-12-20,177502.9000000000
1991-12-23,183034.3400000000
1991-12-24,185475.8500000000
1991-12-26,189005.9900000000
1991-12-27,189798.4500000000
1991-12-30,194505.5300000000
1991-12-31,195337.3500000000
1992-01-02,194702.0200000000
1992-01-03,195975.5000000000
1992-01-06,195092.8200000000
1992-01-07,194360.8100000000
1992-01-08,195123.3300000000
1992-01-09,195364.7300000000
1992-01-10,193729.6800000000
1992-01-13,192634.5700000000
1992-01-14,195511.4500000000
1992-01-15,195841.7800000000
1992-01-16,194288.1800000000
1992-01-17,194674.8300000000
1992-01-20,193056.2600000000
1992-01-21,189991.4700000000
1992-01-22,193289.0700000000
1992-01-23,193222.4900000000
1992-01-24,193432.5100000000
1992-01-27,193406.0500000000
1992-01-28,192876.4700000000
1992-01-29,191064.0300000000
1992-01-30,192402.8200000000
1992-01-31,191067.1400000000
1992-02-03,190960.7900000000
1992-02-04,193643.4600000000
1992-02-05,194549.3900000000
1992-02-06,194547.9600000000
1992-02-07,192951.3200000000
1992-02-10,193790.7000000000
1992-02-11,193759.0800000000
1992-02-12,195247.4600000000
1992-02-13,193894.6400000000
1992-02-14,192731.4600000000
1992-02-18,191005.3200000000
1992-02-19,192441.9200000000
1992-02-20,195788.4100000000
1992-02-21,194561.8200000000
1992-02-24,195120.3400000000
1992-02-25,194824.8700000000
1992-02-26,197646.7400000000
1992-02-27,197395.1300000000
1992-02-28,196497.8500000000
1992-03-02,196737.1000000000
1992-03-03,196808.1600000000
1992-03-04,195374.3200000000
1992-03-05,193861.6100000000
1992-03-06,192629.5600000000
1992-03-09,192846.8200000000
1992-03-10,193869.9800000000
1992-03-11,191936.2300000000
1992-03-12,191205.4200000000
1992-03-13,192264.3700000000
1992-03-16,192681.5100000000
1992-03-17,194890.8100000000
1992-03-18,195490.4600000000
1992-03-19,196518.7100000000
1992-03-20,197030.3900000000
1992-03-23,196366.0300000000
1992-03-24,196825.0800000000
1992-03-25,196903.4500000000
1992-03-26,196573.4400000000
1992-03-27,194119.2000000000
1992-03-30,193951.3900000000
1992-03-31,194251.1700000000
1992-04-01,194771.6700000000
1992-04-02,192358.2000000000
1992-04-03,192900.7700000000
1992-04-06,194358.1500000000
1992-04-07,190326.2000000000
1992-04-08,188709.2300000000
1992-04-09,192888.1300000000
1992-04-10,194943.5900000000
1992-04-13,196135.2700000000
1992-04-14,199364.3400000000
1992-04-15,199878.3400000000
1992-04-16,198313.5600000000
1992-04-20,194253.6600000000
1992-04-21,194155.8600000000
1992-04-22,193609.1900000000
1992-04-23,193891.7800000000
1992-04-24,192253.9100000000
1992-04-27,191568.9400000000
1992-04-28,191411.3900000000
1992-04-29,193892.1300000000
1992-04-30,195522.2100000000
1992-05-01,194720.1800000000
1992-05-04,196845.3100000000
1992-05-05,196770.5600000000
1992-05-06,197177.4800000000
1992-05-07,196559.4300000000
1992-05-08,196332.4500000000
1992-05-11,198003.4000000000
1992-05-12,197478.0100000000
1992-05-13,198062.4600000000
1992-05-14,195741.4300000000
1992-05-15,194607.7500000000
1992-05-18,196007.0600000000
1992-05-19,197780.8700000000
1992-05-20,197548.0200000000
1992-05-21,196440.1000000000
1992-05-22,196919.4400000000
1992-05-26,193686.9300000000
1992-05-27,195101.5100000000
1992-05-28,197895.3000000000
1992-05-29,198098.0100000000
1992-06-01,199329.0000000000
1992-06-02,197560.2000000000
1992-06-03,197608.1000000000
1992-06-04,196491.3300000000
1992-06-05,195793.0900000000
1992-06-08,195100.1500000000
1992-06-09,192699.8300000000
1992-06-10,190110.9300000000
1992-06-11,191259.3600000000
1992-06-12,192555.0300000000
1992-06-15,192216.5900000000
1992-06-16,190392.1600000000
1992-06-17,186811.8300000000
1992-06-18,186032.5300000000
1992-06-19,187615.8400000000
1992-06-22,188667.3300000000
1992-06-23,188860.9900000000
1992-06-24,188232.8400000000
1992-06-25,188222.4200000000
1992-06-26,188981.0700000000
1992-06-29,192129.1300000000
1992-06-30,192196.9900000000
1992-07-01,195578.0200000000
1992-07-02,196324.3500000000
1992-07-06,197916.9000000000
1992-07-07,195316.1400000000
1992-07-08,195892.3500000000
1992-07-09,198465.3400000000
1992-07-10,198913.4000000000
1992-07-13,198561.4100000000
1992-07-14,199031.7200000000
1992-07-15,197975.1700000000
1992-07-16,197519.2300000000
1992-07-17,196941.7900000000
1992-07-20,196160.7700000000
1992-07-21,196098.6900000000
1992-07-22,194784.2800000000
1992-07-23,195114.3400000000
1992-07-24,195026.3800000000
1992-07-27,195122.9200000000
1992-07-28,198346.6800000000
1992-07-29,200806.3700000000
1992-07-30,201210.1300000000
1992-07-31,201543.3800000000
1992-08-03,202677.1800000000
1992-08-04,201976.1000000000
1992-08-05,201241.9200000000
1992-08-06,200934.6800000000
1992-08-07,200581.6800000000
1992-08-10,200816.0300000000
1992-08-11,200364.4900000000
1992-08-12,199758.3000000000
1992-08-13,199619.2200000000
1992-08-14,200848.1600000000
1992-08-17,201168.9500000000
1992-08-18,201703.8000000000
1992-08-19,200178.8000000000
1992-08-20,199968.1600000000
1992-08-21,198259.2600000000
1992-08-24,195782.7600000000
1992-08-25,196084.6100000000
1992-08-26,197845.0000000000
1992-08-27,198541.7600000000
1992-08-28,198607.4700000000
1992-08-31,197276.3600000000
1992-09-01,198944.5300000000
1992-09-02,199896.5500000000
1992-09-03,200849.4800000000
1992-09-04,200537.6600000000
1992-09-08,199154.2800000000
1992-09-09,200030.8700000000
1992-09-10,201654.9300000000
1992-09-11,201890.9900000000
1992-09-14,205231.0100000000
1992-09-15,202303.6700000000
1992-09-16,202437.1400000000
1992-09-17,202839.6300000000
1992-09-18,204174.1200000000
1992-09-21,204003.5000000000
1992-09-22,201321.4700000000
1992-09-23,201754.5000000000
1992-09-24,202472.4700000000
1992-09-25,199800.0400000000
1992-09-28,200705.4000000000
1992-09-29,200970.5300000000
1992-09-30,201610.5500000000
1992-10-01,200864.2600000000
1992-10-02,197821.2000000000
1992-10-05,196578.8300000000
1992-10-06,197054.4600000000
1992-10-07,195615.6200000000
1992-10-08,197218.4600000000
1992-10-09,194342.4900000000
1992-10-12,196450.2900000000
1992-10-13,197418.4100000000
1992-10-14,198014.8900000000
1992-10-15,198068.7900000000
1992-10-16,199144.7900000000
1992-10-19,201797.6900000000
1992-10-20,203158.8600000000
1992-10-21,204194.2000000000
1992-10-22,203295.5200000000
1992-10-23,202214.6400000000
1992-10-26,204619.6900000000
1992-10-27,204556.0600000000
1992-10-28,204741.5400000000
1992-10-29,205963.2600000000
1992-10-30,204186.4300000000
1992-11-02,206329.0900000000
1992-11-03,205272.8200000000
1992-11-04,204468.3200000000
1992-11-05,206351.2800000000
1992-11-06,206393.5500000000
1992-11-09,207542.8900000000
1992-11-10,208577.4900000000
1992-11-11,210025.6000000000
1992-11-12,210376.3700000000
1992-11-13,210282.3800000000
1992-11-16,209844.4700000000
1992-11-17,208931.4300000000
1992-11-18,210672.8200000000
1992-11-19,211233.4000000000
1992-11-20,212715.2400000000
1992-11-23,211781.0400000000
1992-11-24,213522.8900000000
1992-11-25,214341.1800000000
1992-11-27,215446.6600000000
1992-11-30,216056.4200000000
1992-12-01,216527.8200000000
1992-12-02,215684.5100000000
1992-12-03,215378.0300000000
1992-12-04,216748.7900000000
1992-12-07,218375.3300000000
1992-12-08,218951.6000000000
1992-12-09,217918.5400000000
1992-12-10,216528.8800000000
1992-12-11,215244.4500000000
1992-12-14,214648.6800000000
1992-12-15,214085.9400000000
1992-12-16,213636.1800000000
1992-12-17,216056.9800000000
1992-12-18,218883.6000000000
1992-12-21,218348.4100000000
1992-12-22,218048.0900000000
1992-12-23,217235.6500000000
1992-12-24,217904.9600000000
1992-12-28,218933.3100000000
1992-12-29,218686.4600000000
1992-12-30,219122.7200000000
1992-12-31,217308.6500000000
1993-01-04,216655.0000000000
1993-01-05,215539.3700000000
1993-01-06,215706.3000000000
1993-01-07,214455.9500000000
1993-01-08,214494.5900000000
1993-01-11,216051.5400000000
1993-01-12,215697.1300000000
1993-01-13,217054.3800000000
1993-01-14,219536.9400000000
1993-01-15,219870.3300000000
1993-01-18,219453.8800000000
1993-01-19,218312.5400000000
1993-01-20,219272.2300000000
1993-01-21,220411.9900000000
1993-01-22,221274.7600000000
1993-01-25,223142.2700000000
1993-01-26,222731.1200000000
1993-01-27,221252.0100000000
1993-01-28,220779.5600000000
1993-01-29,221073.6100000000
1993-02-01,222942.3400000000
1993-02-02,223377.1700000000
1993-02-03,225266.0700000000
1993-02-04,227186.5800000000
1993-02-05,225288.5800000000
1993-02-08,223321.8500000000
1993-02-09,221928.2900000000
1993-02-10,223106.2100000000
1993-02-11,223721.1900000000
1993-02-12,221762.0800000000
1993-02-16,215096.8900000000
1993-02-17,214488.7200000000
1993-02-18,215059.3100000000
1993-02-19,215524.8800000000
1993-02-22,214315.0000000000
1993-02-23,213948.7500000000
1993-02-24,218067.9000000000
1993-02-25,218135.8900000000
1993-02-26,218602.2500000000
1993-03-01,218109.0500000000
1993-03-02,222409.6200000000
1993-03-03,223132.1300000000
1993-03-04,221106.0600000000
1993-03-05,220615.9700000000
1993-03-08,224795.1900000000
1993-03-09,225268.9100000000
1993-03-10,227102.8800000000
1993-03-11,226976.2800000000
1993-03-12,225969.0500000000
1993-03-15,226522.1900000000
1993-03-16,226196.7900000000
1993-03-17,223847.0500000000
1993-03-18,225726.9700000000
1993-03-19,223899.1500000000
1993-03-22,222315.3800000000
1993-03-23,221677.8800000000
1993-03-24,222331.5200000000
1993-03-25,224331.4500000000
1993-03-26,222984.2200000000
1993-03-29,224548.0900000000
1993-03-30,223512.9600000000
1993-03-31,224299.5000000000
1993-04-01,223088.1400000000
1993-04-02,218265.0900000000
1993-04-05,218031.1900000000
1993-04-06,217121.5400000000
1993-04-07,219174.1100000000
1993-04-08,219735.4900000000
1993-04-12,223800.2100000000
1993-04-13,223651.6800000000
1993-04-14,222454.6300000000
1993-04-15,222641.4000000000
1993-04-16,221610.3800000000
1993-04-19,219371.7800000000
1993-04-20,216566.7900000000
1993-04-21,216084.8900000000
1993-04-22,214019.5900000000
1993-04-23,212274.9700000000
1993-04-26,208756.2500000000
1993-04-27,211018.1700000000
1993-04-28,211183.9400000000
1993-04-29,211438.5400000000
1993-04-30,212090.2800000000
1993-05-03,213305.8200000000
1993-05-04,215606.1700000000
1993-05-05,215695.4200000000
1993-05-06,214942.5400000000
1993-05-07,214177.3500000000
1993-05-10,214443.9800000000
1993-05-11,215234.6700000000
1993-05-12,215389.6600000000
1993-05-13,211797.3400000000
1993-05-14,211629.7900000000
1993-05-17,212100.0600000000
1993-05-18,212915.8000000000
1993-05-19,217722.4000000000
1993-05-20,219639.8100000000
1993-05-21,216387.7600000000
1993-05-24,218099.5300000000
1993-05-25,218987.3700000000
1993-05-26,222117.1500000000
1993-05-27,221423.1800000000
1993-05-28,220167.1900000000
1993-06-01,222587.1400000000
1993-06-02,222706.6800000000
1993-06-03,221896.5400000000
1993-06-04,220766.5600000000
1993-06-07,219141.2600000000
1993-06-08,217389.5900000000
1993-06-09,217934.8000000000
1993-06-10,217519.9800000000
1993-06-11,220295.6800000000
1993-06-14,221242.5100000000
1993-06-15,220948.5900000000
1993-06-16,220062.8600000000
1993-06-17,220717.2500000000
1993-06-18,218516.6000000000
1993-06-21,220082.7600000000
1993-06-22,220559.7800000000
1993-06-23,220196.7800000000
1993-06-24,222614.5800000000
1993-06-25,223569.5300000000
1993-06-28,227042.2400000000
1993-06-29,226150.8200000000
1993-06-30,226131.6600000000
1993-07-01,225785.3100000000
1993-07-02,224498.1700000000
1993-07-06,222733.9600000000
1993-07-07,223296.3300000000
1993-07-08,226667.5800000000
1993-07-09,226554.7000000000
1993-07-12,226974.8300000000
1993-07-13,226242.4700000000
1993-07-14,227094.8200000000
1993-07-15,228059.4900000000
1993-07-16,225799.1000000000
1993-07-19,225866.9600000000
1993-07-20,227287.1200000000
1993-07-21,227029.3500000000
1993-07-22,225397.5100000000
1993-07-23,226715.5000000000
1993-07-26,228037.9800000000
1993-07-27,227311.2700000000
1993-07-28,227301.8700000000
1993-07-29,230090.5300000000
1993-07-30,228845.6100000000
1993-08-02,230265.9600000000
1993-08-03,229772.8900000000
1993-08-04,230212.2600000000
1993-08-05,231516.3800000000
1993-08-06,232025.4200000000
1993-08-09,233624.5600000000
1993-08-10,233307.4900000000
1993-08-11,234488.2200000000
1993-08-12,233589.3000000000
1993-08-13,233848.7800000000
1993-08-16,234209.7800000000
1993-08-17,234073.1000000000
1993-08-18,234377.4400000000
1993-08-19,233976.2400000000
1993-08-20,233824.0200000000
1993-08-23,233764.9400000000
1993-08-24,236298.0300000000
1993-08-25,236389.2800000000
1993-08-26,236918.3300000000
1993-08-27,237782.2100000000
1993-08-30,238613.1500000000
1993-08-31,239476.5100000000
1993-09-01,239669.3400000000
1993-09-02,237804.1700000000
1993-09-03,237615.4200000000
1993-09-07,236764.6600000000
1993-09-08,236398.8000000000
1993-09-09,237899.8200000000
1993-09-10,239965.1100000000
1993-09-13,240331.6800000000
1993-09-14,238524.7000000000
1993-09-15,239714.0800000000
1993-09-16,238231.2200000000
1993-09-17,238694.5700000000
1993-09-20,238226.4900000000
1993-09-21,236342.2000000000
1993-09-22,238637.1800000000
1993-09-23,239137.7800000000
1993-09-24,239488.5000000000
1993-09-27,241757.2300000000
1993-09-28,242478.5200000000
1993-09-29,241495.6000000000
1993-09-30,240360.6000000000
1993-10-01,241675.8100000000
1993-10-04,241392.0600000000
1993-10-05,240539.3300000000
1993-10-06,240201.3500000000
1993-10-07,239253.7100000000
1993-10-08,239741.0100000000
1993-10-11,239714.1700000000
1993-10-12,240465.0100000000
1993-10-13,241928.2800000000
1993-10-14,245493.2200000000
1993-10-15,245856.9600000000
1993-10-18,243787.3400000000
1993-10-19,243180.4800000000
1993-10-20,243738.6600000000
1993-10-21,242470.5100000000
1993-10-22,241488.0200000000
1993-10-25,240946.9300000000
1993-10-26,241233.4800000000
1993-10-27,242186.9900000000
1993-10-28,243846.5500000000
1993-10-29,243808.6300000000
1993-11-01,244626.9600000000
1993-11-02,243658.0900000000
1993-11-03,239969.2400000000
1993-11-04,236014.1300000000
1993-11-05,237221.1900000000
1993-11-08,237734.0600000000
1993-11-09,238328.7600000000
1993-11-10,239250.1300000000
1993-11-11,239215.4500000000
1993-11-12,240114.4900000000
1993-11-15,239304.1500000000
1993-11-16,240679.6800000000
1993-11-17,239854.8000000000
1993-11-18,238541.5700000000
1993-11-19,237889.4400000000
1993-11-22,235452.3400000000
1993-11-23,237078.6700000000
1993-11-24,238156.0800000000
1993-11-26,238603.6500000000
1993-11-29,237732.2900000000
1993-11-30,237060.3500000000
1993-12-01,237801.6300000000
1993-12-02,239061.5700000000
1993-12-03,240009.8800000000
1993-12-06,241341.7700000000
1993-12-07,240876.2300000000
1993-12-08,240650.4100000000
1993-12-09,240434.9600000000
1993-12-10,240852.6500000000
1993-12-13,242039.0200000000
1993-12-14,240587.3300000000
1993-12-15,239552.7700000000
1993-12-16,240039.1300000000
1993-12-17,241811.4200000000
1993-12-20,242152.9000000000
1993-12-21,242218.8200000000
1993-12-22,242347.0200000000
1993-12-23,242574.5400000000
1993-12-27,244367.1200000000
1993-12-28,244236.2800000000
1993-12-29,243914.9600000000
1993-12-30,242542.7100000000
1993-12-31,240979.9400000000
1994-01-03,240105.5400000000
1994-01-04,240555.7600000000
1994-01-05,240643.4200000000
1994-01-06,241372.0300000000
1994-01-07,242989.2900000000
1994-01-10,245542.3200000000
1994-01-11,245883.9900000000
1994-01-12,245986.1500000000
1994-01-13,245882.3900000000
1994-01-14,247951.6400000000
1994-01-17,247340.6500000000
1994-01-18,248180.8100000000
1994-01-19,248478.1400000000
1994-01-20,248742.6700000000
1994-01-21,248623.7700000000
1994-01-24,247050.9500000000
1994-01-25,246402.2500000000
1994-01-26,247503.4900000000
1994-01-27,250259.9200000000
1994-01-28,251144.2400000000
1994-01-31,253273.2400000000
1994-02-01,251976.9700000000
1994-02-02,253512.5300000000
1994-02-03,253426.7000000000
1994-02-04,247512.8600000000
1994-02-07,248461.8300000000
1994-02-08,249174.4900000000
1994-02-09,249544.6900000000
1994-02-10,247387.5800000000
1994-02-11,247231.3500000000
1994-02-14,247588.6400000000
1994-02-15,249144.9000000000
1994-02-16,248798.2100000000
1994-02-17,246991.3000000000
1994-02-18,245430.1800000000
1994-02-22,247124.0900000000
1994-02-23,246224.5800000000
1994-02-24,242767.0800000000
1994-02-25,243184.6100000000
1994-02-28,244794.0500000000
1994-03-01,243097.0200000000
1994-03-02,244460.6500000000
1994-03-03,243942.4900000000
1994-03-04,245629.6200000000
1994-03-07,247249.9600000000
1994-03-08,246435.0600000000
1994-03-09,247024.4600000000
1994-03-10,246034.7000000000
1994-03-11,247413.7100000000
1994-03-14,248508.4700000000
1994-03-15,248922.7900000000
1994-03-16,250268.9800000000
1994-03-17,250816.1900000000
1994-03-18,250598.5400000000
1994-03-21,248474.7400000000
1994-03-22,248710.2500000000
1994-03-23,250174.4500000000
1994-03-24,246406.7000000000
1994-03-25,243300.8400000000
1994-03-28,242491.4100000000
1994-03-29,237992.2400000000
1994-03-30,233880.1400000000
1994-03-31,234585.8900000000
1994-04-04,231777.3200000000
1994-04-05,238645.5400000000
1994-04-06,239754.2500000000
1994-04-07,241130.0500000000
1994-04-08,239001.3600000000
1994-04-11,240359.3800000000
1994-04-12,237852.9600000000
1994-04-13,235656.1700000000
1994-04-14,235585.0600000000
1994-04-15,235826.9500000000
1994-04-18,233120.7000000000
1994-04-19,231128.7100000000
1994-04-20,227789.1700000000
1994-04-21,231532.7900000000
1994-04-22,232269.9000000000
1994-04-25,236020.0300000000
1994-04-26,235945.5200000000
1994-04-28,234670.0000000000
1994-04-29,235432.8400000000
1994-05-02,235824.7500000000
1994-05-03,235939.1100000000
1994-05-04,235523.4900000000
1994-05-05,235301.1500000000
1994-05-06,233925.6600000000
1994-05-09,230615.1200000000
1994-05-10,232364.9000000000
1994-05-11,230484.6100000000
1994-05-12,231522.8800000000
1994-05-13,230787.4800000000
1994-05-16,230599.7700000000
1994-05-17,232840.6900000000
1994-05-18,234737.8800000000
1994-05-19,236877.7800000000
1994-05-20,236810.3000000000
1994-05-23,235528.5700000000
1994-05-24,236070.0300000000
1994-05-25,236459.4100000000
1994-05-26,236274.3400000000
1994-05-27,236455.1200000000
1994-05-31,236838.3600000000
1994-06-01,238010.4200000000
1994-06-02,237216.0700000000
1994-06-03,236827.2000000000
1994-06-06,235132.9200000000
1994-06-07,234079.4500000000
1994-06-08,233319.1700000000
1994-06-09,234056.8200000000
1994-06-10,235623.8000000000
1994-06-13,236503.0200000000
1994-06-14,239369.9500000000
1994-06-15,239701.0000000000
1994-06-16,239583.2700000000
1994-06-17,237889.6300000000
1994-06-20,235065.3200000000
1994-06-21,231938.0700000000
1994-06-22,233076.9100000000
1994-06-23,231279.8400000000
1994-06-24,228228.9300000000
1994-06-27,231394.4800000000
1994-06-28,230267.4100000000
1994-06-29,231056.8000000000
1994-06-30,229666.9800000000
1994-07-01,230514.9500000000
1994-07-05,230652.1600000000
1994-07-06,230593.9300000000
1994-07-07,232022.2500000000
1994-07-08,232783.4400000000
1994-07-11,232865.3700000000
1994-07-12,235298.1400000000
1994-07-13,235716.4200000000
1994-07-14,237460.3500000000
1994-07-15,237665.9600000000
1994-07-18,238329.7600000000
1994-07-19,238068.5400000000
1994-07-20,236797.6600000000
1994-07-21,236037.0500000000
1994-07-22,236998.3600000000
1994-07-25,237308.4200000000
1994-07-26,236585.9900000000
1994-07-27,235847.4100000000
1994-07-28,237105.3700000000
1994-07-29,240079.5200000000
1994-08-01,241058.2300000000
1994-08-02,240756.8800000000
1994-08-03,240821.5100000000
1994-08-04,237772.5600000000
1994-08-05,237190.6900000000
1994-08-08,237661.2900000000
1994-08-09,237386.8600000000
1994-08-10,237757.8200000000
1994-08-11,236922.6300000000
1994-08-12,237952.7900000000
1994-08-15,237772.8200000000
1994-08-16,239390.9400000000
1994-08-17,239480.9200000000
1994-08-18,237675.3700000000
1994-08-19,238166.3800000000
1994-08-22,237354.8200000000
1994-08-23,239161.0800000000
1994-08-24,242636.9200000000
1994-08-25,242688.9500000000
1994-08-26,246488.9300000000
1994-08-29,246731.2600000000
1994-08-30,247568.1500000000
1994-08-31,246291.2200000000
1994-09-01,245831.3400000000
1994-09-02,244802.5000000000
1994-09-06,246414.7800000000
1994-09-07,245621.8200000000
1994-09-08,246144.8200000000
1994-09-09,244027.3500000000
1994-09-12,242977.0400000000
1994-09-13,243583.6500000000
1994-09-14,244974.3400000000
1994-09-15,248337.2100000000
1994-09-16,246694.6700000000
1994-09-19,246949.1200000000
1994-09-20,243052.6200000000
1994-09-21,241219.1300000000
1994-09-22,241029.7000000000
1994-09-23,240545.4000000000
1994-09-26,240437.8600000000
1994-09-27,241267.3900000000
1994-09-28,243079.0700000000
1994-09-29,242312.4200000000
1994-09-30,242644.5300000000
1994-10-03,242426.7000000000
1994-10-04,238335.9400000000
1994-10-05,237757.5300000000
1994-10-06,236859.2100000000
1994-10-07,238576.0600000000
1994-10-10,241272.5800000000
1994-10-11,244956.5400000000
1994-10-12,245478.2800000000
1994-10-13,246393.5800000000
1994-10-14,246896.0400000000
1994-10-17,247353.9600000000
1994-10-18,246993.8800000000
1994-10-19,248659.9500000000
1994-10-20,248375.8100000000
1994-10-21,247375.2200000000
1994-10-24,245546.8200000000
1994-10-25,245808.8900000000
1994-10-26,246351.7000000000
1994-10-27,247805.4700000000
1994-10-28,252343.1900000000
1994-10-31,251592.2900000000
1994-11-01,248339.7800000000
1994-11-02,246929.0100000000
1994-11-03,246370.5000000000
1994-11-04,242815.8600000000
1994-11-07,243216.3700000000
1994-11-08,245307.9200000000
1994-11-09,245445.6600000000
1994-11-10,244486.4700000000
1994-11-11,243089.2600000000
1994-11-14,245046.6000000000
1994-11-15,244264.1300000000
1994-11-16,244547.9400000000
1994-11-17,243371.0000000000
1994-11-18,242475.8300000000
1994-11-21,240232.4300000000
1994-11-22,234350.4700000000
1994-11-23,233484.9400000000
1994-11-25,234875.4300000000
1994-11-28,236718.2800000000
1994-11-29,237919.8800000000
1994-11-30,237968.5200000000
1994-12-01,235249.2500000000
1994-12-02,237874.8700000000
1994-12-05,237764.0500000000
1994-12-06,237939.4700000000
1994-12-07,235937.6800000000
1994-12-08,232092.5800000000
1994-12-09,233092.7200000000
1994-12-12,234131.3100000000
1994-12-13,234134.7700000000
1994-12-14,236874.2200000000
1994-12-15,238303.5500000000
1994-12-16,239796.3000000000
1994-12-19,239134.8600000000
1994-12-20,237911.4800000000
1994-12-21,240686.2700000000
1994-12-22,240188.6700000000
1994-12-23,240872.4400000000
1994-12-27,242376.8200000000
1994-12-28,240918.2900000000
1994-12-29,241940.8800000000
1994-12-30,241525.1800000000
1995-01-03,240103.3600000000
1995-01-04,241493.5300000000
1995-01-05,240878.6600000000
1995-01-06,241864.2400000000
1995-01-09,242573.5500000000
1995-01-10,244246.7500000000
1995-01-11,244088.1800000000
1995-01-12,243648.8600000000
1995-01-13,245706.1100000000
1995-01-16,247580.9300000000
1995-01-17,248398.2800000000
1995-01-18,248246.9500000000
1995-01-19,246476.6100000000
1995-01-20,244290.6500000000
1995-01-23,244139.1700000000
1995-01-24,244238.6000000000
1995-01-25,243627.9500000000
1995-01-26,243022.2400000000
1995-01-27,242328.1400000000
1995-01-30,240291.8700000000
1995-01-31,240946.3500000000
1995-02-01,241787.7300000000
1995-02-02,243188.1300000000
1995-02-03,246149.9200000000
1995-02-06,247569.0300000000
1995-02-07,247692.7200000000
1995-02-08,247963.0700000000
1995-02-09,247805.9400000000
1995-02-10,248873.7200000000
1995-02-13,249113.4400000000
1995-02-14,249194.8200000000
1995-02-15,249805.2100000000
1995-02-16,250165.9600000000
1995-02-17,248319.8000000000
1995-02-21,248657.0100000000
1995-02-22,249838.4200000000
1995-02-23,250693.1500000000
1995-02-24,251198.8900000000
1995-02-27,249414.9800000000
1995-02-28,251121.5000000000
1995-03-01,250677.9600000000
1995-03-02,250197.0300000000
1995-03-03,251198.1100000000
1995-03-06,251213.6400000000
1995-03-07,249857.9400000000
1995-03-08,250569.1600000000
1995-03-09,250932.8600000000
1995-03-10,253706.0600000000
1995-03-13,254529.0700000000
1995-03-14,255366.9400000000
1995-03-15,256090.7400000000
1995-03-16,258364.7000000000
1995-03-17,258696.8600000000
1995-03-20,259702.2000000000
1995-03-21,259478.7200000000
1995-03-22,259484.0000000000
1995-03-23,259419.0800000000
1995-03-24,261176.8200000000
1995-03-27,261878.7700000000
1995-03-28,261848.1100000000
1995-03-29,259590.1600000000
1995-03-30,257249.5300000000
1995-03-31,256391.4000000000
1995-04-03,257279.4900000000
1995-04-04,258722.6700000000
1995-04-05,258654.7700000000
1995-04-06,259025.4800000000
1995-04-07,259201.2100000000
1995-04-10,260581.6600000000
1995-04-11,260122.5200000000
1995-04-12,260880.3200000000
1995-04-13,262696.4400000000
1995-04-17,261582.6100000000
1995-04-18,262396.5800000000
1995-04-19,260455.7100000000
1995-04-20,260762.5300000000
1995-04-21,262800.8500000000
1995-04-24,266078.5000000000
1995-04-25,265423.5400000000
1995-04-26,266376.1500000000
1995-04-27,266650.8100000000
1995-04-28,268143.5500000000
1995-05-01,266985.6600000000
1995-05-02,267452.4100000000
1995-05-03,271504.1900000000
1995-05-04,271748.6000000000
1995-05-05,271140.3600000000
1995-05-08,273293.2700000000
1995-05-09,273093.9500000000
1995-05-10,272830.7800000000
1995-05-11,273315.0100000000
1995-05-12,271212.9000000000
1995-05-15,271287.5200000000
1995-05-16,271991.8600000000
1995-05-17,272587.0300000000
1995-05-18,269181.1400000000
1995-05-19,269668.4900000000
1995-05-22,272367.5800000000
1995-05-23,276137.7400000000
1995-05-24,276170.4700000000
1995-05-25,277210.9400000000
1995-05-26,274161.9200000000
1995-05-30,271728.3900000000
1995-05-31,277367.0500000000
1995-06-01,277627.5400000000
1995-06-02,277165.5800000000
1995-06-05,277753.5000000000
1995-06-06,277654.9900000000
1995-06-07,276979.7200000000
1995-06-08,277286.3500000000
1995-06-09,275651.8400000000
1995-06-12,277042.1900000000
1995-06-13,279489.1100000000
1995-06-14,280498.3500000000
1995-06-15,281115.5000000000
1995-06-16,283631.5200000000
1995-06-19,287081.2100000000
1995-06-20,287886.0800000000
1995-06-21,288596.8500000000
1995-06-22,293543.7200000000
1995-06-23,292433.1000000000
1995-06-26,288804.5100000000
1995-06-27,286244.8500000000
1995-06-28,287629.3200000000
1995-06-29,288186.7400000000
1995-06-30,288760.9700000000
1995-07-03,290445.1300000000
1995-07-05,288940.9900000000
1995-07-06,291873.4700000000
1995-07-07,289878.5500000000
1995-07-10,291120.7900000000
1995-07-11,290384.0000000000
1995-07-12,294698.3800000000
1995-07-13,296089.3300000000
1995-07-14,296661.2600000000
1995-07-17,298956.7000000000
1995-07-18,296600.5800000000
1995-07-19,291056.4200000000
1995-07-20,291506.7300000000
1995-07-21,292303.5600000000
1995-07-24,294594.2500000000
1995-07-25,297797.8900000000
1995-07-26,299261.7000000000
1995-07-27,302441.3000000000
1995-07-28,300746.4200000000
1995-07-31,300465.1000000000
1995-08-01,299766.3300000000
1995-08-02,297541.2400000000
1995-08-03,297879.0100000000
1995-08-04,299158.2600000000
1995-08-07,298810.9800000000
1995-08-08,299133.0300000000
1995-08-09,300814.1700000000
1995-08-10,299772.9700000000
1995-08-11,298975.9000000000
1995-08-14,302763.5700000000
1995-08-15,302094.5800000000
1995-08-16,301968.3200000000
1995-08-17,302152.4400000000
1995-08-18,300795.2600000000
1995-08-21,298810.1400000000
1995-08-22,300367.2700000000
1995-08-23,299735.1100000000
1995-08-24,299790.9300000000
1995-08-25,299555.3300000000
1995-08-28,297361.1400000000
1995-08-29,297894.7500000000
1995-08-30,298906.6400000000
1995-08-31,299926.7900000000
1995-09-01,299204.8600000000
1995-09-05,303234.1800000000
1995-09-06,304489.6600000000
1995-09-07,304734.7900000000
1995-09-08,305658.3400000000
1995-09-11,306955.1800000000
1995-09-12,307731.1600000000
1995-09-13,309669.9200000000
1995-09-14,311232.9100000000
1995-09-15,309082.1800000000
1995-09-18,311180.0300000000
1995-09-19,314505.3000000000
1995-09-20,315286.8700000000
1995-09-21,314415.8300000000
1995-09-22,314140.2500000000
1995-09-25,313991.6800000000
1995-09-26,313719.8700000000
1995-09-27,313345.4300000000
1995-09-28,316472.2200000000
1995-09-29,314353.7300000000
1995-10-02,312072.6400000000
1995-10-03,314372.7800000000
1995-10-04,313346.8500000000
1995-10-05,315239.9800000000
1995-10-06,314626.6100000000
1995-10-09,309935.7300000000
1995-10-10,308979.7100000000
1995-10-11,311979.7100000000
1995-10-12,315399.0400000000
1995-10-13,315676.2300000000
1995-10-16,316384.1900000000
1995-10-17,320401.0800000000
1995-10-18,322952.9300000000
1995-10-19,325783.7500000000
1995-10-20,321959.0200000000
1995-10-23,323007.4300000000
1995-10-24,324178.9800000000
1995-10-25,321646.6500000000
1995-10-26,319667.3200000000
1995-10-27,321534.7800000000
1995-10-30,324822.7600000000
1995-10-31,322812.4200000000
1995-11-01,323887.4600000000
1995-11-02,326472.0000000000
1995-11-03,327511.9600000000
1995-11-06,324680.1500000000
1995-11-07,321745.5800000000
1995-11-08,324763.1600000000
1995-11-09,328689.8200000000
1995-11-10,328768.1900000000
1995-11-13,327408.9000000000
1995-11-14,323425.3500000000
1995-11-15,326573.1000000000
1995-11-16,326619.7700000000
1995-11-17,325982.8600000000
1995-11-20,322288.9800000000
1995-11-21,323991.0100000000
1995-11-22,321358.7700000000
1995-11-24,323148.6600000000
1995-11-27,322109.1900000000
1995-11-28,328189.2300000000
1995-11-29,329117.2100000000
1995-11-30,328608.6400000000
1995-12-01,326710.1300000000
1995-12-04,330803.6500000000
1995-12-05,333933.1600000000
1995-12-06,335517.2100000000
1995-12-07,333839.7200000000
1995-12-08,336863.6800000000
1995-12-11,336401.9300000000
1995-12-12,334588.1600000000
1995-12-13,335836.7500000000
1995-12-14,331879.9900000000
1995-12-15,329448.4200000000
1995-12-18,323681.4500000000
1995-12-19,328211.4900000000
1995-12-20,322987.6500000000
1995-12-21,326677.0300000000
1995-12-22,327857.8300000000
1995-12-26,330500.0000000000
1995-12-27,328723.0400000000
1995-12-28,327688.5400000000
1995-12-29,328392.5400000000
1996-01-02,328745.5000000000
1996-01-03,325873.8000000000
1996-01-04,323557.6200000000
1996-01-05,322506.3900000000
1996-01-08,324700.2100000000
1996-01-09,317724.8600000000
1996-01-10,312572.4800000000
1996-01-11,316387.0500000000
1996-01-12,315625.4300000000
1996-01-15,312349.2500000000
1996-01-16,319318.6600000000
1996-01-17,317565.5000000000
1996-01-18,321746.8900000000
1996-01-19,325937.6700000000
1996-01-22,327404.9700000000
1996-01-23,327912.1000000000
1996-01-24,335057.9300000000
1996-01-25,331572.2900000000
1996-01-26,335343.8600000000
1996-01-29,336926.1300000000
1996-01-30,342060.3200000000
1996-01-31,344935.0200000000
1996-02-01,346659.8900000000
1996-02-02,345791.4900000000
1996-02-05,351229.9500000000
1996-02-06,352846.3100000000
1996-02-07,355142.2800000000
1996-02-08,358913.5600000000
1996-02-09,358858.3800000000
1996-02-12,360884.1000000000
1996-02-13,359503.9700000000
1996-02-14,358067.3400000000
1996-02-15,356523.3100000000
1996-02-16,355792.8600000000
1996-02-20,352686.0600000000
1996-02-21,358253.6700000000
1996-02-22,366406.4100000000
1996-02-23,367049.6300000000
1996-02-26,361198.6300000000
1996-02-27,359967.5500000000
1996-02-28,359663.2000000000
1996-02-29,355899.8600000000
1996-03-01,354598.2400000000
1996-03-04,357780.3900000000
1996-03-05,361553.5300000000
1996-03-06,356264.2300000000
1996-03-07,358641.3900000000
1996-03-08,348053.6500000000
1996-03-11,352976.3100000000
1996-03-12,350206.2800000000
1996-03-13,350860.7600000000
1996-03-14,351584.5000000000
1996-03-15,355283.0000000000
1996-03-18,360109.7500000000
1996-03-19,358431.5400000000
1996-03-20,360717.1800000000
1996-03-21,361445.9600000000
1996-03-22,362436.9500000000
1996-03-25,361367.5400000000
1996-03-26,363078.3500000000
1996-03-27,360250.3600000000
1996-03-28,360259.2600000000
1996-03-29,358972.7900000000
1996-04-01,364885.0600000000
1996-04-02,366138.6900000000
1996-04-03,366689.3300000000
1996-04-04,366410.5200000000
1996-04-08,358333.4400000000
1996-04-09,355233.3900000000
1996-04-10,346108.5900000000
1996-04-11,345001.3400000000
1996-04-12,350300.1600000000
1996-04-15,352404.4100000000
1996-04-16,353052.2800000000
1996-04-17,351309.6500000000
1996-04-18,353610.3400000000
1996-04-19,353854.4700000000
1996-04-22,354801.5400000000
1996-04-23,355923.3300000000
1996-04-24,353767.6200000000
1996-04-25,354409.5200000000
1996-04-26,355638.4200000000
1996-04-29,356545.5300000000
1996-04-30,357663.5000000000
1996-05-01,358571.0900000000
1996-05-02,350711.5000000000
1996-05-03,348764.7900000000
1996-05-06,347270.0900000000
1996-05-07,347025.2400000000
1996-05-08,352037.3300000000
1996-05-09,351583.9400000000
1996-05-10,357045.8500000000
1996-05-13,361945.7900000000
1996-05-14,364469.4800000000
1996-05-15,364865.7100000000
1996-05-16,366788.3100000000
1996-05-17,370709.3800000000
1996-05-20,373695.5000000000
1996-05-21,372948.8000000000
1996-05-22,376577.0800000000
1996-05-23,377275.6900000000
1996-05-24,379319.5100000000
1996-05-28,373689.2300000000
1996-05-29,371972.6600000000
1996-05-30,375147.3700000000
1996-05-31,373825.9700000000
1996-06-03,374299.6800000000
1996-06-04,378183.1300000000
1996-06-05,382874.9600000000
1996-06-06,381051.0900000000
1996-06-07,380509.8200000000
1996-06-10,380180.9700000000
1996-06-11,378332.9600000000
1996-06-12,377345.9600000000
1996-06-13,378092.8100000000
1996-06-14,377648.3100000000
1996-06-17,376559.6300000000
1996-06-18,374331.7700000000
1996-06-19,374462.2000000000
1996-06-20,373870.1300000000
1996-06-21,377648.5600000000
1996-06-24,379025.2100000000
1996-06-25,380995.3500000000
1996-06-26,379347.4800000000
1996-06-27,382152.6200000000
1996-06-28,382625.9300000000
1996-07-01,386699.3100000000
1996-07-02,385698.5500000000
1996-07-03,384687.5200000000
1996-07-05,375096.8000000000
1996-07-08,371475.5200000000
1996-07-09,372817.4300000000
1996-07-10,374462.3200000000
1996-07-11,368461.8400000000
1996-07-12,368730.3600000000
1996-07-15,358909.7800000000
1996-07-16,358059.7500000000
1996-07-17,361834.1700000000
1996-07-18,370775.8100000000
1996-07-19,367005.9400000000
1996-07-22,365211.7600000000
1996-07-23,360750.4300000000
1996-07-24,360912.8800000000
1996-07-25,362962.3000000000
1996-07-26,366144.7100000000
1996-07-29,362622.9000000000
1996-07-30,366002.6700000000
1996-07-31,368673.6700000000
1996-08-01,376124.9300000000
1996-08-02,384653.9100000000
1996-08-05,382108.9400000000
1996-08-06,384235.1600000000
1996-08-07,385056.2700000000
1996-08-08,384034.5400000000
1996-08-09,382902.7100000000
1996-08-12,385047.6000000000
1996-08-13,382768.3000000000
1996-08-14,383452.5400000000
1996-08-15,384137.8500000000
1996-08-16,384903.0800000000
1996-08-19,385571.7600000000
1996-08-20,384370.8200000000
1996-08-21,384010.3200000000
1996-08-22,386984.2400000000
1996-08-23,384996.9300000000
1996-08-26,383266.1800000000
1996-08-27,385124.0300000000
1996-08-28,383666.1400000000
1996-08-29,378794.6000000000
1996-08-30,374104.2200000000
1996-09-03,375394.3700000000
1996-09-04,376587.7100000000
1996-09-05,373370.1700000000
1996-09-06,377997.8200000000
1996-09-09,383669.8100000000
1996-09-10,384798.8800000000
1996-09-11,386739.0500000000
1996-09-12,389435.8400000000
1996-09-13,395024.1600000000
1996-09-16,396767.4700000000
1996-09-17,395296.0600000000
1996-09-18,394203.6700000000
1996-09-19,395415.1100000000
1996-09-20,397703.8600000000
1996-09-23,398195.7300000000
1996-09-24,398900.6300000000
1996-09-25,400326.1200000000
1996-09-26,402247.6700000000
1996-09-27,401811.8700000000
1996-09-30,402015.0600000000
1996-10-01,403438.5100000000
1996-10-02,405841.9700000000
1996-10-03,405986.4700000000
1996-10-04,412549.1800000000
1996-10-07,413017.9900000000
1996-10-08,411398.9600000000
1996-10-09,409088.7500000000
1996-10-10,407141.8600000000
1996-10-11,411396.2000000000
1996-10-14,413681.5400000000
1996-10-15,413134.8000000000
1996-10-16,411983.2500000000
1996-10-17,415761.6400000000
1996-10-18,418025.1800000000
1996-10-21,417786.1300000000
1996-10-22,416798.8300000000
1996-10-23,417905.0200000000
1996-10-24,415812.9700000000
1996-10-25,413951.8700000000
1996-10-28,411401.9000000000
1996-10-29,415899.9300000000
1996-10-30,416084.0700000000
1996-10-31,418842.9400000000
1996-11-01,416955.7900000000
1996-11-04,419070.0200000000
1996-11-05,423793.4300000000
1996-11-06,431506.2200000000
1996-11-07,433347.3800000000
1996-11-08,435121.7600000000
1996-11-11,434675.4100000000
1996-11-12,431839.2200000000
1996-11-13,434401.6900000000
1996-11-14,437300.7600000000
1996-11-15,437878.9300000000
1996-11-18,436698.1400000000
1996-11-19,437949.0200000000
1996-11-20,439181.7900000000
1996-11-21,437488.8000000000
1996-11-22,439534.5500000000
1996-11-25,446387.7300000000
1996-11-26,444442.3500000000
1996-11-27,444002.8500000000
1996-11-29,444919.6900000000
1996-12-02,442611.8200000000
1996-12-03,434705.2300000000
1996-12-04,432510.5500000000
1996-12-05,430598.1600000000
1996-12-06,429967.4400000000
1996-12-09,436739.2700000000
1996-12-10,435979.9600000000
1996-12-11,432295.0400000000
1996-12-12,424634.9900000000
1996-12-13,424256.5100000000
1996-12-16,420370.2100000000
1996-12-17,423767.5400000000
1996-12-18,426342.9000000000
1996-12-19,438796.0100000000
1996-12-20,441156.4700000000
1996-12-23,439912.4400000000
1996-12-24,442150.0900000000
1996-12-26,443973.1500000000
1996-12-27,444166.3300000000
1996-12-30,442885.3000000000
1996-12-31,434220.6100000000
1997-01-02,430928.0100000000
1997-01-03,438153.5100000000
1997-01-06,438101.2600000000
1997-01-07,441687.6400000000
1997-01-08,438875.7100000000
1997-01-09,442967.7100000000
1997-01-10,444185.3300000000
1997-01-13,444856.6100000000
1997-01-14,452128.9700000000
1997-01-15,451323.3200000000
1997-01-16,453424.1100000000
1997-01-17,459458.2200000000
1997-01-20,461209.2300000000
1997-01-21,465020.7500000000
1997-01-22,469436.1300000000
1997-01-23,462993.1400000000
1997-01-24,457326.5000000000
1997-01-27,453302.7200000000
1997-01-28,454010.9800000000
1997-01-29,459366.3700000000
1997-01-30,467775.1700000000
1997-01-31,469191.5700000000
1997-02-03,472130.0700000000
1997-02-04,472722.6800000000
1997-02-05,466479.7700000000
1997-02-06,469421.0200000000
1997-02-07,475560.1400000000
1997-02-10,473001.9400000000
1997-02-11,475727.2800000000
1997-02-12,484423.1800000000
1997-02-13,492148.3900000000
1997-02-14,489726.7200000000
1997-02-18,497105.3800000000
1997-02-19,495220.6800000000
1997-02-20,487577.0100000000
1997-02-21,486646.2700000000
1997-02-24,492770.4600000000
1997-02-25,492020.9800000000
1997-02-26,487160.4200000000
1997-02-27,482037.7500000000
1997-02-28,477061.6000000000
1997-03-03,479954.5800000000
1997-03-04,475477.3000000000
1997-03-05,484049.3400000000
1997-03-06,482276.7100000000
1997-03-07,487626.2200000000
1997-03-10,494007.7300000000
1997-03-11,492322.7400000000
1997-03-12,486246.8900000000
1997-03-13,473835.4200000000
1997-03-14,474242.1000000000
1997-03-17,477743.2600000000
1997-03-18,473653.9400000000
1997-03-19,473552.1700000000
1997-03-20,469860.5800000000
1997-03-21,470729.0200000000
1997-03-24,473890.7500000000
1997-03-25,473582.8500000000
1997-03-26,475478.4600000000
1997-03-27,464809.6300000000
1997-03-31,452441.4000000000
1997-04-01,457510.7400000000
1997-04-02,450551.1900000000
1997-04-03,454163.7800000000
1997-04-04,461134.4900000000
1997-04-07,463088.0700000000
1997-04-08,468975.5300000000
1997-04-09,465880.8600000000
1997-04-10,460722.6800000000
1997-04-11,445086.0300000000
1997-04-14,451694.3500000000
1997-04-15,458129.9400000000
1997-04-16,462395.9000000000
1997-04-17,462200.4800000000
1997-04-18,466217.5700000000
1997-04-21,463696.0600000000
1997-04-22,476379.0900000000
1997-04-23,477643.9100000000
1997-04-24,475310.8600000000
1997-04-25,472000.3000000000
1997-04-28,478331.7900000000
1997-04-29,493967.0400000000
1997-04-30,499727.7900000000
1997-05-01,497527.3200000000
1997-05-02,508215.3600000000
1997-05-05,517209.6000000000
1997-05-06,515185.0400000000
1997-05-07,506087.1400000000
1997-05-08,509165.0200000000
1997-05-09,513564.0600000000
1997-05-12,521230.7600000000
1997-05-13,516429.5500000000
1997-05-14,518823.9000000000
1997-05-15,524171.7200000000
1997-05-16,514474.2000000000
1997-05-19,515977.0500000000
1997-05-20,526100.1400000000
1997-05-21,524359.5600000001
1997-05-22,522022.2800000000
1997-05-23,529240.3000000000
1997-05-27,532238.6200000000
1997-05-28,529833.5699999999
1997-05-29,526078.0100000000
1997-05-30,526833.8500000000
1997-06-02,524113.2300000000
1997-06-03,522446.7500000000
1997-06-04,518388.4500000000
1997-06-05,521229.1200000000
1997-06-06,533082.9000000000
1997-06-09,536882.3900000000
1997-06-10,537706.0300000000
1997-06-11,540811.3199999999
1997-06-12,547972.2300000000
1997-06-13,555471.8900000000
1997-06-16,558079.6300000000
1997-06-17,560439.0900000000
1997-06-18,555715.9600000000
1997-06-19,560943.7300000000
1997-06-20,561807.6899999999
1997-06-23,549068.5200000000
1997-06-24,561842.3700000000
1997-06-25,555944.6500000000
1997-06-26,551044.8400000000
1997-06-27,552715.1000000000
1997-06-30,548624.0900000000
1997-07-01,552795.6500000000
1997-07-02,565210.2800000000
1997-07-03,573425.8800000000
1997-07-07,572203.9900000000
1997-07-08,577752.7400000000
1997-07-09,572663.2200000000
1997-07-10,576056.9900000000
1997-07-11,579768.6000000000
1997-07-14,585104.4200000000
1997-07-15,591008.0400000000
1997-07-16,606802.7900000000
1997-07-17,603595.4500000000
1997-07-18,589156.4300000001
1997-07-21,586229.8900000000
1997-07-22,602021.7800000000
1997-07-23,603801.7000000000
1997-07-24,605430.9500000000
1997-07-25,603031.2000000000
1997-07-28,598182.5200000000
1997-07-29,603469.3600000000
1997-07-30,609699.8700000000
1997-07-31,613164.2100000000
1997-08-01,609010.0200000000
1997-08-04,610788.4200000000
1997-08-05,612536.1899999999
1997-08-06,616979.0000000000
1997-08-07,610419.3000000000
1997-08-08,595774.5000000000
1997-08-11,593714.9500000000
1997-08-12,585056.7100000000
1997-08-13,585120.8700000000
1997-08-14,587506.5100000000
1997-08-15,569253.1200000000
1997-08-18,578573.9100000000
1997-08-19,590459.8900000000
1997-08-20,601929.5900000000
1997-08-21,590742.4200000000
1997-08-22,587724.9100000000
1997-08-25,582985.9600000000
1997-08-26,576840.7100000000
1997-08-27,576723.6800000001
1997-08-28,570231.3300000000
1997-08-29,568601.7800000000
1997-09-02,589013.7300000000
1997-09-03,587131.1899999999
1997-09-04,590470.1000000000
1997-09-05,589013.8199999999
1997-09-08,591589.7700000000
1997-09-09,593433.9900000000
1997-09-10,581773.7600000000
1997-09-11,578256.9500000000
1997-09-12,585456.0400000000
1997-09-15,579545.1700000000
1997-09-16,599102.9800000000
1997-09-17,600436.8600000000
1997-09-18,600349.6600000000
1997-09-19,604061.4100000000
1997-09-22,608654.2600000000
1997-09-23,606963.9700000000
1997-09-24,598819.5600000001
1997-09-25,591936.7600000000
1997-09-26,598661.6700000000
1997-09-29,605202.3700000000
1997-09-30,598400.8300000000
1997-10-01,603196.0900000000
1997-10-02,607117.8199999999
1997-10-03,612200.0500000000
1997-10-06,616952.7200000000
1997-10-07,627086.5400000000
1997-10-08,621646.2400000000
1997-10-09,620407.5300000000
1997-10-10,616327.9399999999
1997-10-13,616531.4399999999
1997-10-14,615803.0100000000
1997-10-15,609471.7400000000
1997-10-16,603749.4900000000
1997-10-17,593237.9200000000
1997-10-20,601272.9399999999
1997-10-21,614324.6500000000
1997-10-22,611860.4100000000
1997-10-23,600312.8100000001
1997-10-24,592824.2600000000
1997-10-27,548507.6500000000
1997-10-28,584310.0300000000
1997-10-29,577512.3300000000
1997-10-30,563342.5100000000
1997-10-31,570350.6500000000
1997-11-03,586727.1000000000
1997-11-04,589547.4200000000
1997-11-05,592168.1899999999
1997-11-06,587652.1300000000
1997-11-07,581216.2900000000
1997-11-10,573819.7000000000
1997-11-11,574608.1400000000
1997-11-12,560660.2400000000
1997-11-13,571490.9100000000
1997-11-14,579752.1300000000
1997-11-17,592389.6899999999
1997-11-18,584698.0500000000
1997-11-19,589351.5600000001
1997-11-20,600846.8300000000
1997-11-21,601910.0500000000
1997-11-24,589146.8300000000
1997-11-25,593488.3400000000
1997-11-26,595388.8000000000
1997-11-28,598091.3199999999
1997-12-01,611879.0300000000
1997-12-02,609641.5500000000
1997-12-03,611901.4200000000
1997-12-04,609410.8800000000
1997-12-05,616152.4300000001
1997-12-08,619074.4000000000
1997-12-09,612910.9100000000
1997-12-10,604553.2600000000
1997-12-11,592492.4100000000
1997-12-12,588681.1800000001
1997-12-15,593650.7700000000
1997-12-16,599042.6899999999
1997-12-17,595446.5300000000
1997-12-18,586473.3000000000
1997-12-19,580498.1000000000
1997-12-22,584669.0100000000
1997-12-23,574412.3000000000
1997-12-24,568783.9800000000
1997-12-26,572634.9300000001
1997-12-29,585836.2600000000
1997-12-30,598499.5000000000
1997-12-31,597997.6400000000
1998-01-02,603067.1700000000
1998-01-05,609509.5500000000
1998-01-06,603037.3400000000
1998-01-07,596557.2200000000
1998-01-08,591860.9200000000
1998-01-09,571842.0800000000
1998-01-12,580352.9600000000
1998-01-13,589105.4300000001
1998-01-14,591436.6899999999
1998-01-15,587829.5200000000
1998-01-16,593835.7100000000
1998-01-20,607181.9600000000
1998-01-21,602965.3199999999
1998-01-22,596630.9700000000
1998-01-23,594526.6700000000
1998-01-26,595042.1600000000
1998-01-27,605927.3199999999
1998-01-28,613514.9200000000
1998-01-29,618401.2100000000
1998-01-30,615733.0600000001
1998-02-02,632056.1300000000
1998-02-03,637445.3100000001
1998-02-04,640239.0600000001
1998-02-05,637055.0500000000
1998-02-06,643243.2900000000
1998-02-09,641018.9100000000
1998-02-10,647221.8000000000
1998-02-11,649673.5400000000
1998-02-12,650925.2200000000
1998-02-13,647308.9300000001
1998-02-17,645487.5000000000
1998-02-18,652360.0600000001
1998-02-19,653816.6700000000
1998-02-20,657847.0400000000
1998-02-23,666688.6100000000
1998-02-24,662151.7700000000
1998-02-25,672476.4800000000
1998-02-26,674502.3900000000
1998-02-27,673177.7300000000
1998-03-02,667027.1700000000
1998-03-03,667487.9399999999
1998-03-04,664276.5699999999
1998-03-05,650205.5600000001
1998-03-06,665824.4100000000
1998-03-09,659196.8100000001
1998-03-10,668026.3900000000
1998-03-11,670494.0699999999
1998-03-12,672993.0800000000
1998-03-13,671923.1300000000
1998-03-16,679832.5400000000
1998-03-17,681144.0699999999
1998-03-18,685263.5600000001
1998-03-19,687918.0800000000
1998-03-20,689334.8700000000
1998-03-23,686283.5400000000
1998-03-24,694943.6200000000
1998-03-25,691187.1700000000
1998-03-26,691368.2200000000
1998-03-27,689442.0900000000
1998-03-30,689387.4500000000
1998-03-31,697567.1700000000
1998-04-01,700386.1100000000
1998-04-02,707917.0800000000
1998-04-03,713215.9500000000
1998-04-06,707712.2900000000
1998-04-07,703012.0800000000
1998-04-08,699481.9700000000
1998-04-09,706964.5300000000
1998-04-13,706706.8400000000
1998-04-14,711436.2900000000
1998-04-15,713443.1600000000
1998-04-16,707798.9900000000
1998-04-17,717577.1000000000
1998-04-20,722264.5200000000
1998-04-21,725648.2700000000
1998-04-22,727320.9500000000
1998-04-23,719030.7800000000
1998-04-24,712363.7800000000
1998-04-27,696191.1100000000
1998-04-28,697239.2200000000
1998-04-29,704197.4200000000
1998-04-30,719570.9200000000
1998-05-01,722846.4900000000
1998-05-04,724748.5500000000
1998-05-05,720148.1700000000
1998-05-06,712437.7400000000
1998-05-07,706044.4700000000
1998-05-08,716354.5100000000
1998-05-11,715929.6700000000
1998-05-12,721790.5900000000
1998-05-13,727351.1300000000
1998-05-14,725264.9800000000
1998-05-15,717071.2900000000
1998-05-18,720110.8300000000
1998-05-19,725571.5500000000
1998-05-20,733490.8600000000
1998-05-21,731830.0300000000
1998-05-22,726441.8600000000
1998-05-26,715207.4300000001
1998-05-27,718717.3500000000
1998-05-28,721161.2300000000
1998-05-29,717118.6899999999
1998-06-01,716487.5200000000
1998-06-02,720745.9399999999
1998-06-03,713883.0400000000
1998-06-04,724455.1500000000
1998-06-05,736253.4399999999
1998-06-08,738929.2900000000
1998-06-09,743076.3400000000
1998-06-10,743815.4100000000
1998-06-11,732036.3800000000
1998-06-12,735549.9000000000
1998-06-15,719610.4500000000
1998-06-16,730094.8300000000
1998-06-17,745510.7000000000
1998-06-18,747469.4600000000
1998-06-19,742645.0300000000
1998-06-22,745892.8700000000
1998-06-23,760190.1800000001
1998-06-24,766975.7800000000
1998-06-25,764888.8000000000
1998-06-26,766967.1100000000
1998-06-29,773698.2100000000
1998-06-30,767003.0000000000
1998-07-01,775684.7500000000
1998-07-02,774521.3700000000
1998-07-06,787915.7000000000
1998-07-07,787333.9500000000
1998-07-08,799125.1400000000
1998-07-09,798251.4399999999
1998-07-10,804690.4700000000
1998-07-13,810299.2900000000
1998-07-14,822649.5500000000
1998-07-15,819149.6200000000
1998-07-16,829249.0699999999
1998-07-17,831019.2600000000
1998-07-20,831270.0800000000
1998-07-21,816700.8800000000
1998-07-22,814969.5699999999
1998-07-23,793162.6899999999
1998-07-24,796394.3600000000
1998-07-27,800456.3199999999
1998-07-28,787916.3600000000
1998-07-29,778257.6800000001
1998-07-30,797640.4800000000
1998-07-31,780494.9399999999
1998-08-03,775693.2700000000
1998-08-04,742858.7600000000
1998-08-05,753430.4300000001
1998-08-06,763829.3800000000
1998-08-07,763093.2500000000
1998-08-10,761659.0900000000
1998-08-11,751699.9900000000
1998-08-12,764292.0900000000
1998-08-13,757915.3700000000
1998-08-14,745604.3700000000
1998-08-17,759630.4100000000
1998-08-18,773327.7900000000
1998-08-19,775034.7100000000
1998-08-20,771710.0699999999
1998-08-21,764273.2600000000
1998-08-24,773002.3500000000
1998-08-25,780095.0100000000
1998-08-26,780880.7900000000
1998-08-27,752830.3300000000
1998-08-28,741185.4399999999
1998-08-31,677302.0000000000
1998-09-01,710101.6200000000
1998-09-02,706306.2200000000
1998-09-03,700329.0000000000
1998-09-04,689995.5800000000
1998-09-08,734440.8300000000
1998-09-09,720473.8199999999
1998-09-10,696394.1400000000
1998-09-11,717292.8700000000
1998-09-14,730469.4000000000
1998-09-15,736269.5600000001
1998-09-16,741945.7600000000
1998-09-17,724467.5300000000
1998-09-18,724151.8500000000
1998-09-21,728953.7200000000
1998-09-22,737440.2600000000
1998-09-23,764890.6300000000
1998-09-24,747590.6000000000
1998-09-25,750693.2200000000
1998-09-28,752059.4300000001
1998-09-29,748641.8800000000
1998-09-30,725285.8600000000
1998-10-01,694576.4600000000
1998-10-02,698546.3199999999
1998-10-05,679967.7000000000
1998-10-06,674611.3400000000
1998-10-07,661577.4500000000
1998-10-08,649859.6400000000
1998-10-09,673148.9200000000
1998-10-12,686483.6899999999
1998-10-13,683652.1100000000
1998-10-14,699292.3100000001
1998-10-15,735075.5500000000
1998-10-16,736895.5000000000
1998-10-19,742904.8700000000
1998-10-20,736495.3000000000
1998-10-21,749639.7700000000
1998-10-22,761170.9800000000
1998-10-23,753950.6700000000
1998-10-26,755559.0900000000
1998-10-27,750126.9500000000
1998-10-28,756397.3700000000
1998-10-29,767999.7500000000
1998-10-30,776278.1500000000
1998-11-02,782273.5200000000
1998-11-03,777327.9200000000
1998-11-04,781925.4900000000
1998-11-05,793432.5200000000
1998-11-06,801205.5000000000
1998-11-09,797188.5200000000
1998-11-10,798656.8199999999
1998-11-11,791052.8100000001
1998-11-12,780455.1400000000
1998-11-13,784144.7800000000
1998-11-16,792872.4900000000
1998-11-17,800585.6300000000
1998-11-18,809277.7300000000
1998-11-19,816945.2700000000
1998-11-20,822622.5400000000
1998-11-23,840918.7700000000
1998-11-24,838681.5500000000
1998-11-25,844773.8000000000
1998-11-27,851139.0500000000
1998-11-30,826764.5300000000
1998-12-01,843665.5900000000
1998-12-02,842293.7500000000
1998-12-03,827043.5600000001
1998-12-04,850872.5500000000
1998-12-07,865614.7900000000
1998-12-08,863562.9100000000
1998-12-09,869383.3199999999
1998-12-10,859642.7800000000
1998-12-11,864278.2100000000
1998-12-14,837077.3300000000
1998-12-15,859377.1000000000
1998-12-16,859206.8100000001
1998-12-17,873619.7900000000
1998-12-18,886821.9000000000
1998-12-21,905963.1700000000
1998-12-22,905035.8400000000
1998-12-23,931087.5000000000
1998-12-24,926936.3400000000
1998-12-28,929164.9700000000
1998-12-29,945130.5300000000
1998-12-30,934672.2400000000
1998-12-31,938173.2500000000
1999-01-04,936184.6899999999
1999-01-05,951005.2300000000
1999-01-06,974812.4900000000
1999-01-07,974253.7300000000
1999-01-08,977362.0500000000
1999-01-11,962783.6800000001
1999-01-12,939217.1200000000
1999-01-13,937580.8700000000
1999-01-14,926987.9900000000
1999-01-15,955641.7900000000
1999-01-19,976050.6400000000
1999-01-20,987173.7000000000
1999-01-21,962897.2200000000
1999-01-22,959664.0699999999
1999-01-25,966800.1200000000
1999-01-26,989087.5200000000
1999-01-27,985187.9300000001
1999-01-28,1010006.7600000000
1999-01-29,1021247.6500000000
1999-02-01,1021741.2200000000
1999-02-02,1009005.3700000000
1999-02-03,1016787.4900000000
1999-02-04,989270.2300000000
1999-02-05,977379.9600000000
1999-02-08,986034.7800000000
1999-02-09,956648.6400000000
1999-02-10,961244.2900000000
1999-02-11,995168.9500000000
1999-02-12,967783.7300000000
1999-02-16,981667.5000000000
1999-02-17,964423.3100000001
1999-02-18,974331.3800000000
1999-02-19,973224.1300000000
1999-02-22,1002232.8500000000
1999-02-23,1003739.9200000000
1999-02-24,988462.1400000000
1999-02-25,979381.1300000000
1999-02-26,977193.3100000001
1999-03-01,976737.0300000000
1999-03-02,966581.6899999999
1999-03-03,969818.9500000000
1999-03-04,985196.6200000000
1999-03-05,1010118.0699999999
1999-03-08,1022866.0200000000
1999-03-09,1025867.8400000000
1999-03-10,1023344.7400000000
1999-03-11,1030115.9700000000
1999-03-12,1025727.1200000000
1999-03-15,1039039.5500000000
1999-03-16,1039530.5500000000
1999-03-17,1030848.8300000000
1999-03-18,1044754.2400000000
1999-03-19,1028565.2100000000
1999-03-22,1025750.1700000000
1999-03-23,994971.4100000000
1999-03-24,1003031.0200000000
1999-03-25,1028733.1100000000
1999-03-26,1022536.0300000000
1999-03-29,1052488.6299999999
1999-03-30,1054456.6200000001
1999-03-31,1043380.3000000000
1999-04-01,1054850.2400000000
1999-04-05,1089971.3400000001
1999-04-06,1097729.4199999999
1999-04-07,1100254.8799999999
1999-04-08,1111230.2800000000
1999-04-09,1115264.0000000000
1999-04-12,1116813.6599999999
1999-04-13,1103535.7800000000
1999-04-14,1070957.1000000001
1999-04-15,1053446.1200000001
1999-04-16,1032883.4300000001
1999-04-19,979628.9500000000
1999-04-20,1007171.2200000000
1999-04-21,1043154.9300000001
1999-04-22,1078754.7900000000
1999-04-23,1082279.6499999999
1999-04-26,1097535.4900000000
1999-04-27,1084048.1899999999
1999-04-28,1061459.5300000000
1999-04-29,1040303.1200000000
1999-04-30,1041028.9200000000
1999-05-03,1045146.0000000000
1999-05-04,1019181.7300000000
1999-05-05,1038450.5400000000
1999-05-06,1016576.3000000000
1999-05-07,1029453.1400000000
1999-05-10,1033881.6899999999
1999-05-11,1054107.6200000001
1999-05-12,1067574.3300000001
1999-05-13,1065585.0100000000
1999-05-14,1038121.1899999999
1999-05-17,1046943.6700000000
1999-05-18,1045622.8700000000
1999-05-19,1047948.2100000000
1999-05-20,1036777.5699999999
1999-05-21,1023434.3100000001
1999-05-24,1002350.7200000000
1999-05-25,980828.2500000000
1999-05-26,1001563.0400000000
1999-05-27,985923.0100000000
1999-05-28,1003597.9100000000
1999-06-01,990910.6600000000
1999-06-02,996724.8400000000
1999-06-03,997584.4800000000
1999-06-04,1029060.6700000000
1999-06-07,1034540.7700000000
1999-06-08,1014313.7700000000
1999-06-09,1021544.4200000000
1999-06-10,1004194.5100000000
1999-06-11,992475.9100000000
1999-06-14,984462.5800000000
1999-06-15,991650.2600000000
1999-06-16,1032362.3700000000
1999-06-17,1040067.9900000000
1999-06-18,1046102.9000000000
1999-06-21,1065581.0500000000
1999-06-22,1047851.9800000000
1999-06-23,1052309.3500000001
1999-06-24,1036597.8400000000
1999-06-25,1035045.0100000000
1999-06-28,1053734.4500000000
1999-06-29,1070990.2400000000
1999-06-30,1091221.8300000001
1999-07-01,1098173.4399999999
1999-07-02,1111979.6000000001
1999-07-06,1108636.4800000000
1999-07-07,1120859.3799999999
1999-07-08,1127379.3899999999
1999-07-09,1138007.5000000000
1999-07-12,1132904.6100000001
1999-07-13,1130533.9099999999
1999-07-14,1139532.8500000001
1999-07-15,1146535.2700000000
1999-07-16,1156560.3200000001
1999-07-19,1145992.9700000000
1999-07-20,1107710.9099999999
1999-07-21,1114256.8899999999
1999-07-22,1086316.2300000000
1999-07-23,1087189.3899999999
1999-07-26,1072554.0400000000
1999-07-27,1090770.8899999999
1999-07-28,1098292.4199999999
1999-07-29,1073465.2500000000
1999-07-30,1061767.8200000001
1999-08-02,1059735.4700000000
1999-08-03,1050239.2200000000
1999-08-04,1034071.4100000000
1999-08-05,1040101.5500000000
1999-08-06,1034729.2300000000
1999-08-09,1024962.4900000000
1999-08-10,1010723.4700000000
1999-08-11,1037705.4800000000
1999-08-12,1031666.5699999999
1999-08-13,1062819.8000000000
1999-08-16,1066633.6399999999
1999-08-17,1075388.4399999999
1999-08-18,1067110.9900000000
1999-08-19,1054929.7000000000
1999-08-20,1062486.7300000000
1999-08-23,1087175.9700000000
1999-08-24,1092686.8300000001
1999-08-25,1117684.3500000001
1999-08-26,1102552.7100000000
1999-08-27,1092633.8899999999
1999-08-30,1072886.5900000001
1999-08-31,1072357.6299999999
1999-09-01,1082588.9700000000
1999-09-02,1076744.6399999999
1999-09-03,1114849.8999999999
1999-09-07,1111782.9099999999
1999-09-08,1102103.8899999999
1999-09-09,1108571.4800000000
1999-09-10,1115910.9900000000
1999-09-13,1106535.6799999999
1999-09-14,1106081.1699999999
1999-09-15,1084128.6899999999
1999-09-16,1088911.5300000000
1999-09-17,1110010.3899999999
1999-09-20,1117862.6599999999
1999-09-21,1093396.1499999999
1999-09-22,1102166.4299999999
1999-09-23,1064335.5500000000
1999-09-24,1067196.0500000000
1999-09-27,1077662.0100000000
1999-09-28,1084858.4800000000
1999-09-29,1068292.5600000001
1999-09-30,1077953.1699999999
1999-10-01,1077360.5400000000
1999-10-04,1099210.5000000000
1999-10-05,1101509.9600000000
1999-10-06,1116919.5000000000
1999-10-07,1107620.7500000000
1999-10-08,1118267.8100000001
1999-10-11,1123844.8300000001
1999-10-12,1100157.0800000001
1999-10-13,1072155.6299999999
1999-10-14,1070394.1899999999
1999-10-15,1046652.3700000000
1999-10-18,1040169.3600000000
1999-10-19,1032995.9700000000
1999-10-20,1068212.3799999999
1999-10-21,1046442.0800000000
1999-10-22,1055133.9299999999
1999-10-25,1050022.8899999999
1999-10-26,1045913.4800000000
1999-10-27,1045803.8000000000
1999-10-28,1082531.3999999999
1999-10-29,1117183.5800000001
1999-11-01,1112815.7700000000
1999-11-02,1112499.5900000001
1999-11-03,1121937.7500000000
1999-11-04,1129409.3600000001
1999-11-05,1141586.1100000001
1999-11-08,1152042.2100000000
1999-11-09,1144404.6399999999
1999-11-10,1159492.2100000000
1999-11-11,1176021.8300000001
1999-11-12,1188453.5100000000
1999-11-15,1178389.2100000000
1999-11-16,1203291.2900000000
1999-11-17,1193129.4199999999
1999-11-18,1225616.0800000001
1999-11-19,1231316.0700000001
1999-11-22,1229417.2600000000
1999-11-23,1218226.8799999999
1999-11-24,1239604.5800000001
1999-11-26,1243257.3799999999
1999-11-29,1233475.7900000000
1999-11-30,1202176.8400000001
1999-12-01,1218656.0000000000
1999-12-02,1244756.2500000000
1999-12-03,1271172.5800000001
1999-12-06,1277864.4299999999
1999-12-07,1273387.0700000001
1999-12-08,1275130.9399999999
1999-12-09,1279113.7600000000
1999-12-10,1286611.3300000001
1999-12-13,1299241.7900000000
1999-12-14,1269792.2600000000
1999-12-15,1285474.1399999999
1999-12-16,1307013.6000000001
1999-12-17,1315125.2500000000
1999-12-20,1318164.1399999999
1999-12-21,1338391.7200000000
1999-12-22,1334985.1000000001
1999-12-23,1354003.5800000001
1999-12-27,1356912.2600000000
1999-12-28,1360003.5500000000
1999-12-29,1382058.1599999999
1999-12-30,1381417.1499999999
1999-12-31,1385144.5000000000
2000-01-03,1399758.8999999999
2000-01-04,1329173.3100000001
2000-01-05,1327730.5200000000
2000-01-06,1298037.2800000000
2000-01-07,1325299.9900000000
2000-01-10,1373742.5800000001
2000-01-11,1336780.0100000000
2000-01-12,1318708.3000000000
2000-01-13,1340069.8799999999
2000-01-14,1365304.1799999999
2000-01-18,1367257.2600000000
2000-01-19,1371431.6699999999
2000-01-20,1384540.3999999999
2000-01-21,1386614.5100000000
2000-01-24,1337285.6799999999
2000-01-25,1354307.4700000000
2000-01-26,1320132.1799999999
2000-01-27,1308571.4099999999
2000-01-28,1264973.7700000000
2000-01-31,1304151.7700000000
2000-02-01,1330047.5700000001
2000-02-02,1340005.9700000000
2000-02-03,1368718.0700000001
2000-02-04,1376884.6799999999
2000-02-07,1395128.8799999999
2000-02-08,1420196.5400000000
2000-02-09,1396362.2000000000
2000-02-10,1425415.0900000001
2000-02-11,1385850.1299999999
2000-02-14,1388287.7800000000
2000-02-15,1386872.6699999999
2000-02-16,1374356.7300000000
2000-02-17,1395034.4500000000
2000-02-18,1351173.4199999999
2000-02-22,1350608.0700000001
2000-02-23,1388769.6000000001
2000-02-24,1400126.6399999999
2000-02-25,1382063.2600000000
2000-02-28,1386874.2400000000
2000-02-29,1410824.0200000000
2000-03-01,1422464.8100000001
2000-03-02,1426087.4099999999
2000-03-03,1469604.8500000001
2000-03-06,1455215.2100000000
2000-03-07,1424884.0300000000
2000-03-08,1438011.5100000000
2000-03-09,1485263.3600000001
2000-03-10,1480438.8400000001
2000-03-13,1463158.5500000000
2000-03-14,1422832.1899999999
2000-03-15,1422662.9099999999
2000-03-16,1475416.6200000001
2000-03-17,1509006.3999999999
2000-03-20,1497154.2300000000
2000-03-21,1546365.8000000000
2000-03-22,1575603.4700000000
2000-03-23,1609852.3899999999
2000-03-24,1614808.0000000000
2000-03-27,1627666.9099999999
2000-03-28,1597955.2300000000
2000-03-29,1576343.1200000001
2000-03-30,1524078.0400000000
2000-03-31,1539380.8500000001
2000-04-03,1515950.0500000000
2000-04-04,1490766.9900000000
2000-04-05,1492908.2900000000
2000-04-06,1528126.9399999999
2000-04-07,1578926.4399999999
2000-04-10,1533910.4500000000
2000-04-11,1502101.2400000000
2000-04-12,1423838.5800000001
2000-04-13,1387914.9299999999
2000-04-14,1289953.6499999999
2000-04-17,1383326.3100000001
2000-04-18,1439731.8400000001
2000-04-19,1407472.9299999999
2000-04-20,1402782.7900000000
2000-04-24,1384259.8600000001
2000-04-25,1456428.5800000001
2000-04-26,1442375.9399999999
2000-04-27,1468028.5700000001
2000-04-28,1468082.3100000001
2000-05-01,1488387.9500000000
2000-05-02,1456329.4900000000
2000-05-03,1411842.8500000001
2000-05-04,1404638.3500000001
2000-05-05,1443685.7000000000
2000-05-08,1402812.4099999999
2000-05-09,1379319.7000000000
2000-05-10,1318839.2600000000
2000-05-11,1352774.3899999999
2000-05-12,1373003.4800000000
2000-05-15,1403266.5100000000
2000-05-16,1435503.8700000001
2000-05-17,1414425.0900000001
2000-05-18,1390716.1799999999
2000-05-19,1337912.1399999999
2000-05-22,1324691.3000000000
2000-05-23,1270775.3200000001
2000-05-24,1304886.5800000001
2000-05-25,1294976.8899999999
2000-05-26,1286023.0000000000
2000-05-30,1363299.4099999999
2000-05-31,1357933.7100000000
2000-06-01,1408349.5500000000
2000-06-02,1469879.9199999999
2000-06-05,1464478.3000000000
2000-06-06,1437092.2900000000
2000-06-07,1460614.2100000000
2000-06-08,1457361.5300000000
2000-06-09,1455023.8600000001
2000-06-12,1441236.5600000001
2000-06-13,1478376.1899999999
2000-06-14,1463298.9600000000
2000-06-15,1483466.6100000001
2000-06-16,1484681.6499999999
2000-06-19,1520829.8799999999
2000-06-20,1513830.9199999999
2000-06-21,1508702.1200000001
2000-06-22,1462431.6699999999
2000-06-23,1441479.4299999999
2000-06-26,1462763.2200000000
2000-06-27,1450598.0000000000
2000-06-28,1463317.4299999999
2000-06-29,1434633.1000000001
2000-06-30,1463010.2000000000
2000-07-03,1477532.2200000000
2000-07-05,1429389.9700000000
2000-07-06,1452158.2000000000
2000-07-07,1482652.8400000001
2000-07-10,1473301.4900000000
2000-07-11,1477132.2300000000
2000-07-12,1508876.5400000000
2000-07-13,1526112.9199999999
2000-07-14,1550791.1799999999
2000-07-17,1565498.6200000001
2000-07-18,1533617.2700000000
2000-07-19,1520094.7300000000
2000-07-20,1553504.0500000000
2000-07-21,1542363.7300000000
2000-07-24,1509104.6399999999
2000-07-25,1538846.4399999999
2000-07-26,1517672.7400000000
2000-07-27,1488451.6100000001
2000-07-28,1432197.7300000000
2000-07-31,1458943.1799999999
2000-08-01,1446503.8999999999
2000-08-02,1437385.1899999999
2000-08-03,1462191.2300000000
2000-08-04,1477871.9399999999
2000-08-07,1509800.1000000001
2000-08-08,1512272.1399999999
2000-08-09,1518035.5000000000
2000-08-10,1491403.3700000001
2000-08-11,1502181.6000000001
2000-08-14,1535323.8000000000
2000-08-15,1530179.8400000001
2000-08-16,1525750.6599999999
2000-08-17,1557505.2800000000
2000-08-18,1560420.5800000001
2000-08-21,1564334.8600000001
2000-08-22,1562600.3500000001
2000-08-23,1582494.1200000001
2000-08-24,1587835.0700000001
2000-08-25,1579458.7800000000
2000-08-28,1595007.4500000000
2000-08-29,1591359.3400000001
2000-08-30,1586078.5900000001
2000-08-31,1612984.8500000001
2000-09-01,1619106.4600000000
2000-09-05,1591813.5400000000
2000-09-06,1553773.8400000001
2000-09-07,1575074.0600000001
2000-09-08,1545122.4399999999
2000-09-11,1520498.5400000000
2000-09-12,1499800.2800000000
2000-09-13,1509081.6000000001
2000-09-14,1518883.2700000000
2000-09-15,1497725.0200000000
2000-09-18,1471605.3899999999
2000-09-19,1511724.0800000001
2000-09-20,1517053.4900000000
2000-09-21,1498718.7400000000
2000-09-22,1485478.0100000000
2000-09-25,1470307.4600000000
2000-09-26,1447996.9199999999
2000-09-27,1445467.0700000001
2000-09-28,1483665.3000000000
2000-09-29,1437608.2900000000
2000-10-02,1428718.8100000001
2000-10-03,1407030.2100000000
2000-10-04,1423688.8899999999
2000-10-05,1420166.7700000000
2000-10-06,1379347.6000000001
2000-10-09,1372082.8799999999
2000-10-10,1336195.0300000000
2000-10-11,1314563.6000000001
2000-10-12,1275392.5900000001
2000-10-13,1365434.8200000001
2000-10-16,1368511.9099999999
2000-10-17,1339511.9700000000
2000-10-18,1319265.6499999999
2000-10-19,1395728.7700000000
2000-10-20,1409783.3000000000
2000-10-23,1397019.3700000001
2000-10-24,1383889.0600000001
2000-10-25,1302609.5700000001
2000-10-26,1296193.9099999999
2000-10-27,1304388.2900000000
2000-10-30,1286659.1200000001
2000-10-31,1344370.2300000000
2000-11-01,1326925.1599999999
2000-11-02,1344139.6799999999
2000-11-03,1353911.5500000000
2000-11-06,1345324.7200000000
2000-11-07,1342790.3100000001
2000-11-08,1280545.1799999999
2000-11-09,1270681.5800000001
2000-11-10,1217516.2300000000
2000-11-13,1193504.8000000000
2000-11-14,1253926.8500000001
2000-11-15,1266892.6000000001
2000-11-16,1229255.2900000000
2000-11-17,1228441.3000000000
2000-11-20,1186087.2700000000
2000-11-21,1196772.2900000000
2000-11-22,1151068.4600000000
2000-11-24,1190623.0900000001
2000-11-27,1190885.7000000000
2000-11-28,1162167.0400000000
2000-11-29,1158639.9500000000
2000-11-30,1135602.1100000001
2000-12-01,1144083.4700000000
2000-12-04,1146845.5200000000
2000-12-05,1244827.7000000000
2000-12-06,1220720.9199999999
2000-12-07,1202084.5500000000
2000-12-08,1249687.1699999999
2000-12-11,1270119.8300000001
2000-12-12,1232298.4500000000
2000-12-13,1196561.6599999999
2000-12-14,1170678.9500000000
2000-12-15,1138189.9199999999
2000-12-18,1137736.3100000001
2000-12-19,1107863.4600000000
2000-12-20,1049033.7700000000
2000-12-21,1063729.6799999999
2000-12-22,1117525.8999999999
2000-12-26,1111023.6200000001
2000-12-27,1121824.6399999999
2000-12-28,1123291.4600000000
2000-12-29,1098034.1699999999
2001-01-02,1029181.0900000000
2001-01-03,1154205.2700000000
2001-01-04,1144003.7100000000
2001-01-05,1079305.5900000001
2001-01-08,1071791.5200000000
2001-01-09,1075587.6799999999
2001-01-10,1096931.8300000001
2001-01-11,1131450.2400000000
2001-01-12,1114642.2800000000
2001-01-16,1117598.6000000001
2001-01-17,1133230.8400000001
2001-01-18,1168149.6100000001
2001-01-19,1162208.7200000000
2001-01-22,1152485.7300000000
2001-01-23,1181120.1299999999
2001-01-24,1180445.4299999999
2001-01-25,1145708.2400000000
2001-01-26,1145955.0500000000
2001-01-29,1160420.2800000000
2001-01-30,1165776.7700000000
2001-01-31,1147955.4700000000
2001-02-01,1156301.8200000001
2001-02-02,1115416.0100000000
2001-02-05,1110229.0000000000
2001-02-06,1107748.2100000000
2001-02-07,1075716.8400000001
2001-02-08,1057107.6399999999
2001-02-09,1027859.0300000000
2001-02-12,1043690.1300000000
2001-02-13,1026048.5000000000
2001-02-14,1042544.9000000000
2001-02-15,1063353.3899999999
2001-02-16,1007713.6500000000
2001-02-20,968139.2000000000
2001-02-21,941981.5000000000
2001-02-22,940720.2200000000
2001-02-23,937166.5500000000
2001-02-26,951004.0600000001
2001-02-27,926765.4000000000
2001-02-28,902388.1000000000
2001-03-01,913963.3600000000
2001-03-02,884426.2700000000
2001-03-05,895908.7300000000
2001-03-06,915882.6500000000
2001-03-07,920943.6000000000
2001-03-08,907315.9100000000
2001-03-09,864838.6700000000
2001-03-12,810164.6899999999
2001-03-13,847947.3000000000
2001-03-14,823244.3800000000
2001-03-15,823683.1600000000
2001-03-16,804447.9399999999
2001-03-19,812875.9100000000
2001-03-20,802854.7800000000
2001-03-21,785764.5000000000
2001-03-22,762112.5000000000
2001-03-23,783187.0200000000
2001-03-26,803256.7800000000
2001-03-27,813222.4300000001
2001-03-28,807668.4700000000
2001-03-29,812377.5300000000
2001-03-30,824912.2100000000
2001-04-02,819138.7000000000
2001-04-03,798317.1500000000
2001-04-04,800800.5100000000
2001-04-05,819469.7800000000
2001-04-06,808395.4700000000
2001-04-09,816854.8199999999
2001-04-10,828644.6600000000
2001-04-11,818208.0000000000
2001-04-12,825452.0600000001
2001-04-16,827960.2500000000
2001-04-17,838463.2400000000
2001-04-18,849753.6200000000
2001-04-19,841599.4000000000
2001-04-20,833210.3100000001
2001-04-23,836220.6700000000
2001-04-24,831978.0200000000
2001-04-25,847606.5200000000
2001-04-26,854323.4600000000
2001-04-27,861370.5100000000
2001-04-30,859923.8199999999
2001-05-01,868017.6200000000
2001-05-02,856018.3300000000
2001-05-03,848596.0100000000
2001-05-04,858334.0000000000
2001-05-07,852692.6700000000
2001-05-08,848942.1500000000
2001-05-09,853768.7600000000
2001-05-10,856091.5600000001
2001-05-11,853087.2700000000
2001-05-14,856243.1000000000
2001-05-15,857234.4100000000
2001-05-16,876517.0900000000
2001-05-17,879394.2600000000
2001-05-18,883083.2000000000
2001-05-21,887016.1800000001
2001-05-22,885019.5000000000
2001-05-23,875798.9399999999
2001-05-24,877828.9100000000
2001-05-25,870929.6899999999
2001-05-29,867963.8700000000
2001-05-30,865567.3300000000
2001-05-31,870609.1899999999
2001-06-01,867696.4000000000
2001-06-04,869515.6800000001
2001-06-05,870601.6200000000
2001-06-06,864706.3500000000
2001-06-07,861138.5900000000
2001-06-08,858737.4600000000
2001-06-11,853977.7000000000
2001-06-12,856783.6200000000
2001-06-13,849028.3199999999
2001-06-14,838438.8600000000
2001-06-15,838548.2200000000
2001-06-18,839700.7700000000
2001-06-19,843232.1899999999
2001-06-20,848350.0900000000
2001-06-21,852787.1899999999
2001-06-22,845758.4000000000
2001-06-25,838231.2400000000
2001-06-26,832131.2400000000
2001-06-27,826148.9600000000
2001-06-28,830538.4399999999
2001-06-29,834489.9500000000
2001-07-02,831470.3700000000
2001-07-03,830290.0600000001
2001-07-05,828958.1600000000
2001-07-06,820377.6300000000
2001-07-09,819948.5200000000
2001-07-10,818776.3800000000
2001-07-11,814843.7300000000
2001-07-12,823309.6300000000
2001-07-13,825368.2700000000
2001-07-16,817112.3500000000
2001-07-17,819814.6100000000
2001-07-18,823271.8800000000
2001-07-19,821178.7200000000
2001-07-20,816068.2500000000
2001-07-23,808445.0300000000
2001-07-24,793835.7100000000
2001-07-25,804101.7000000000
2001-07-26,810562.3600000000
2001-07-27,810434.6100000000
2001-07-30,812491.8100000001
2001-07-31,820045.2700000000
2001-08-01,821000.4399999999
2001-08-02,822195.2500000000
2001-08-03,816465.3300000000
2001-08-06,808983.1100000000
2001-08-07,812635.7000000000
2001-08-08,799778.3800000000
2001-08-09,801746.2400000000
2001-08-10,808132.7000000000
2001-08-13,810189.1100000000
2001-08-14,811167.5900000000
2001-08-15,808770.3500000000
2001-08-16,809964.0500000000
2001-08-17,804915.8000000000
2001-08-20,811678.0699999999
2001-08-21,807952.3000000000
2001-08-22,809961.1300000000
2001-08-23,811461.9100000000
2001-08-24,815194.5900000000
2001-08-27,812718.7300000000
2001-08-28,807369.3300000000
2001-08-29,802065.6700000000
2001-08-30,796921.1200000000
2001-08-31,795333.5100000000
2001-09-04,798655.8900000000
2001-09-05,797086.1600000000
2001-09-06,787577.5800000000
2001-09-07,772228.8300000000
2001-09-10,774248.8600000000
2001-09-17,749889.2000000000
2001-09-18,741600.5100000000
2001-09-19,729536.1600000000
2001-09-20,712437.1000000000
2001-09-21,702894.6000000000
2001-09-24,719980.1600000000
2001-09-25,726631.2300000000
2001-09-26,729428.5200000000
2001-09-27,743054.2900000000
2001-09-28,754800.4500000000
2001-10-01,754473.7600000000
2001-10-02,766391.7600000000
2001-10-03,775575.1800000001
2001-10-04,771049.2800000000
2001-10-05,770807.0800000000
2001-10-08,760137.1300000000
2001-10-09,759961.7800000000
2001-10-10,764703.9900000000
2001-10-11,762819.5000000000
2001-10-12,756632.5100000000
2001-10-15,763853.4900000000
2001-10-16,770134.9500000000
2001-10-17,755305.7500000000
2001-10-18,751618.8199999999
2001-10-19,755953.2700000000
2001-10-22,761999.2100000000
2001-10-23,755572.0600000001
2001-10-24,752122.4100000000
2001-10-25,758024.4700000000
2001-10-26,761789.7900000000
2001-10-29,750852.4200000000
2001-10-30,740249.8400000000
2001-10-31,741043.0400000000
2001-11-01,750884.5200000000
2001-11-02,755540.6000000000
2001-11-05,769708.8800000000
2001-11-06,774203.8400000000
2001-11-07,773814.1400000000
2001-11-08,766929.5800000000
2001-11-09,766672.6000000000
2001-11-12,767634.1200000000
2001-11-13,777317.1100000000
2001-11-14,778306.0800000000
2001-11-15,777698.1700000000
2001-11-16,775516.8100000001
2001-11-19,781458.2600000000
2001-11-20,781557.8400000000
2001-11-21,777000.8100000001
2001-11-23,783218.9700000000
2001-11-26,786124.4100000000
2001-11-27,780148.8700000000
2001-11-28,773237.8900000000
2001-11-29,780252.7500000000
2001-11-30,781132.4300000001
2001-12-03,777697.4200000000
2001-12-04,782224.6200000000
2001-12-05,789954.8199999999
2001-12-06,784252.2900000000
2001-12-07,784771.1200000000
2001-12-10,778381.4800000000
2001-12-11,777979.4100000000
2001-12-12,778699.9800000000
2001-12-13,775005.2400000000
2001-12-14,776835.7600000000
2001-12-17,783007.9000000000
2001-12-18,787881.6200000000
2001-12-19,793553.1400000000
2001-12-20,794333.9700000000
2001-12-21,796891.6400000000
2001-12-24,798840.3900000000
2001-12-26,801115.3400000000
2001-12-27,805578.1100000000
2001-12-28,807110.7500000000
2001-12-31,803593.4600000000
2002-01-02,800905.6600000000
2002-01-03,797856.0800000000
2002-01-04,800818.7900000000
2002-01-07,796565.4700000000
2002-01-08,794776.4399999999
2002-01-09,792729.6000000000
2002-01-10,796164.9600000000
2002-01-11,793061.7200000000
2002-01-14,794267.0800000000
2002-01-15,804831.0200000000
2002-01-16,799663.2900000000
2002-01-17,803294.8900000000
2002-01-18,804722.5500000000
2002-01-22,807962.9200000000
2002-01-23,812913.4100000000
2002-01-24,812308.4700000000
2002-01-25,813956.3500000000
2002-01-28,815190.3800000000
2002-01-29,800355.3000000000
2002-01-30,808969.9300000001
2002-01-31,818490.7700000000
2002-02-01,813896.4800000000
2002-02-04,802894.4800000000
2002-02-05,803240.5400000000
2002-02-06,795295.3900000000
2002-02-07,791682.5500000000
2002-02-08,802147.0400000000
2002-02-11,808574.3500000000
2002-02-12,807233.9399999999
2002-02-13,815588.2600000000
2002-02-14,814579.1899999999
2002-02-15,812617.4800000000
2002-02-19,803577.5699999999
2002-02-20,810303.6200000000
2002-02-21,804364.0200000000
2002-02-22,809180.9300000001
2002-02-25,820864.1800000001
2002-02-26,822217.9100000000
2002-02-27,823918.8600000000
2002-02-28,823512.4700000000
2002-03-01,832463.8400000000
2002-03-04,839338.5300000000
2002-03-05,833535.1500000000
2002-03-06,844833.7200000000
2002-03-07,842977.7000000000
2002-03-08,840853.3100000001
2002-03-11,843525.9000000000
2002-03-12,844941.6500000000
2002-03-13,843908.6600000000
2002-03-14,845692.9500000000
2002-03-15,856821.3300000000
2002-03-18,856972.1200000000
2002-03-19,859081.6800000001
2002-03-20,850920.3300000000
2002-03-21,857234.7700000000
2002-03-22,854354.3300000000
2002-03-25,843181.7700000000
2002-03-26,848706.6000000000
2002-03-27,859034.1899999999
2002-03-28,858794.4000000000
2002-04-01,858781.7600000000
2002-04-02,857583.6100000000
2002-04-03,850195.3700000000
2002-04-04,853181.1800000001
2002-04-05,853807.8600000000
2002-04-08,859648.9500000000
2002-04-09,861388.2400000000
2002-04-10,872483.7000000000
2002-04-11,860372.5600000001
2002-04-12,860784.2800000000
2002-04-15,855292.9900000000
2002-04-16,865434.5500000000
2002-04-17,865841.8500000000
2002-04-18,871420.8400000000
2002-04-19,876396.2500000000
2002-04-22,871900.8000000000
2002-04-23,872043.2800000000
2002-04-24,867713.9300000001
2002-04-25,862964.7000000000
2002-04-26,855947.9500000000
2002-04-29,849570.7300000000
2002-04-30,860004.5400000000
2002-05-01,864154.2300000000
2002-05-02,864825.4900000000
2002-05-03,861464.7700000000
2002-05-06,851376.2200000000
2002-05-07,841978.0800000000
2002-05-08,854572.5100000000
2002-05-09,847728.5600000001
2002-05-10,837514.4399999999
2002-05-13,844064.5600000001
2002-05-14,850346.0699999999
2002-05-15,843989.6500000000
2002-05-16,844998.9700000000
2002-05-17,848382.3400000000
2002-05-20,840827.2800000000
2002-05-21,838154.6300000000
2002-05-22,840832.0100000000
2002-05-23,848865.9399999999
2002-05-24,844739.9600000000
2002-05-28,840947.0400000000
2002-05-29,838198.3800000000
2002-05-30,837341.2700000000
2002-05-31,841314.0400000000
2002-06-03,823908.8800000000
2002-06-04,820208.5000000000
2002-06-05,826138.0300000000
2002-06-06,816183.3300000000
2002-06-07,819395.3400000000
2002-06-10,823612.7400000000
2002-06-11,816179.9500000000
2002-06-12,815322.3600000000
2002-06-13,808715.9100000000
2002-06-14,803767.1200000000
2002-06-17,822491.0400000000
2002-06-18,825730.6000000000
2002-06-19,820892.5699999999
2002-06-20,814209.8100000001
2002-06-21,805558.8800000000
2002-06-24,792331.4200000000
2002-06-25,780913.0000000000
2002-06-26,778238.5300000000
2002-06-27,784597.2500000000
2002-06-28,785722.1300000000
2002-07-01,774445.0400000000
2002-07-02,758629.3199999999
2002-07-03,760736.5200000000
2002-07-05,780063.9300000001
2002-07-08,776461.0600000001
2002-07-09,756978.1899999999
2002-07-10,731626.0100000000
2002-07-11,731111.4000000000
2002-07-12,724781.7700000000
2002-07-15,725773.4800000000
2002-07-16,717330.4500000000
2002-07-17,719587.9000000000
2002-07-18,697282.2200000000
2002-07-19,676550.0000000000
2002-07-22,657711.9200000000
2002-07-23,645852.5699999999
2002-07-24,677501.0200000000
2002-07-25,681845.4100000000
2002-07-26,691258.7400000000
2002-07-29,724804.4200000000
2002-07-30,726489.7400000000
2002-07-31,732005.2600000000
2002-08-01,719674.5500000000
2002-08-02,704865.2200000000
2002-08-05,687426.6500000000
2002-08-06,705584.1200000000
2002-08-07,714902.4000000000
2002-08-08,738688.2700000000
2002-08-09,741808.9399999999
2002-08-12,740022.6100000000
2002-08-13,726968.7200000000
2002-08-14,748016.0000000000
2002-08-15,755806.6400000000
2002-08-16,753612.0300000000
2002-08-19,766101.9900000000
2002-08-20,759439.1800000001
2002-08-21,764771.3500000000
2002-08-22,774392.9000000000
2002-08-23,756704.8500000000
2002-08-26,763888.9600000000
2002-08-27,753542.2400000000
2002-08-28,745378.1600000000
2002-08-29,745627.8600000000
2002-08-30,747260.9300000001
2002-09-03,723440.2800000000
2002-09-04,730186.0900000000
2002-09-05,726289.5000000000
2002-09-06,726874.7600000000
2002-09-09,737874.4100000000
2002-09-10,738142.9900000000
2002-09-11,738913.7800000000
2002-09-12,727157.4000000000
2002-09-13,732003.4300000001
2002-09-16,731691.4200000000
2002-09-17,712691.2400000000
2002-09-18,713452.6700000000
2002-09-19,696226.0500000000
2002-09-20,692842.2000000000
2002-09-23,689867.9500000000
2002-09-24,678255.4900000000
2002-09-25,688790.1500000000
2002-09-26,700057.0200000000
2002-09-27,690182.9399999999
2002-09-30,684063.1600000000
2002-10-01,702185.2300000000
2002-10-02,693269.2200000000
2002-10-03,689965.3700000000
2002-10-04,680161.0400000000
2002-10-07,672210.0000000000
2002-10-08,682445.1500000000
2002-10-09,668291.7200000000
2002-10-10,679246.2700000000
2002-10-11,693309.3400000000
2002-10-14,697083.0400000000
2002-10-15,709563.2700000000
2002-10-16,698437.7500000000
2002-10-17,700741.2100000000
2002-10-18,706455.6100000000
2002-10-21,718484.2500000000
2002-10-22,708781.4399999999
2002-10-23,712415.6400000000
2002-10-24,701899.0300000000
2002-10-25,707068.1700000000
2002-10-28,692557.5400000000
2002-10-29,693937.4200000000
2002-10-30,698308.1700000000
2002-10-31,690368.1500000000
2002-11-01,694907.7200000000
2002-11-04,684955.4500000000
2002-11-05,689330.9500000000
2002-11-06,692501.5200000000
2002-11-07,683989.0100000000
2002-11-08,671570.5300000000
2002-11-11,665968.9100000000
2002-11-12,664044.6899999999
2002-11-13,666542.7900000000
2002-11-14,673170.6100000000
2002-11-15,680521.0200000000
2002-11-18,673351.3199999999
2002-11-19,673786.0600000001
2002-11-20,679295.2700000000
2002-11-21,678411.0300000000
2002-11-22,676986.5900000000
2002-11-25,669453.1400000000
2002-11-26,661666.3400000000
2002-11-27,675789.3300000000
2002-11-29,672319.1200000000
2002-12-02,668149.1000000000
2002-12-03,667898.4900000000
2002-12-04,673886.7800000000
2002-12-05,667844.8900000000
2002-12-06,673269.7400000000
2002-12-09,667598.6600000000
2002-12-10,675256.8199999999
2002-12-11,676052.4100000000
2002-12-12,673051.0200000000
2002-12-13,667695.3000000000
2002-12-16,675830.4100000000
2002-12-17,670862.5800000000
2002-12-18,670194.8199999999
2002-12-19,667492.6000000000
2002-12-20,675288.4600000000
2002-12-23,677416.2400000000
2002-12-24,675605.8900000000
2002-12-26,675678.7500000000
2002-12-27,668299.6600000000
2002-12-30,672199.4200000000
2002-12-31,672790.2600000000
2003-01-02,688860.0200000000
2003-01-03,686490.7100000000
2003-01-06,694100.5500000000
2003-01-07,684952.3600000000
2003-01-08,679509.1400000000
2003-01-09,686504.1500000000
2003-01-10,687170.4800000000
2003-01-13,685334.1000000000
2003-01-14,685701.3800000000
2003-01-15,679421.3199999999
2003-01-16,682417.2200000000
2003-01-17,681732.8900000000
2003-01-21,672865.6200000000
2003-01-22,669638.8900000000
2003-01-23,673467.0900000000
2003-01-24,660525.7100000000
2003-01-27,650498.6000000000
2003-01-28,655544.9399999999
2003-01-29,656759.3100000001
2003-01-30,647343.6700000000
2003-01-31,657964.9000000000
2003-02-03,657885.0000000000
2003-02-04,653621.3199999999
2003-02-05,649793.5500000000
2003-02-06,646510.0200000000
2003-02-07,642291.2800000000
2003-02-10,646456.0100000000
2003-02-11,639468.5500000000
2003-02-12,634780.5300000000
2003-02-13,634563.7000000000
2003-02-14,644754.6300000000
2003-02-18,651323.0500000000
2003-02-19,647463.7400000000
2003-02-20,642739.7100000000
2003-02-21,649669.8500000000
2003-02-24,637997.0000000000
2003-02-25,643311.8300000000
2003-02-26,639107.7300000000
2003-02-27,643453.9600000000
2003-02-28,644060.6500000000
2003-03-03,640096.1200000000
2003-03-04,631749.0400000000
2003-03-05,634034.2700000000
2003-03-06,629986.3199999999
2003-03-07,633788.0200000000
2003-03-10,620868.4600000000
2003-03-11,619415.4399999999
2003-03-12,622287.4600000000
2003-03-13,639959.9300000001
2003-03-14,642651.1100000000
2003-03-17,662098.7200000000
2003-03-18,663721.4500000000
2003-03-19,670058.6500000000
2003-03-20,669520.2200000000
2003-03-21,678759.4900000000
2003-03-24,661524.4700000000
2003-03-25,669175.7800000000
2003-03-26,665306.1700000000
2003-03-27,666154.7800000000
2003-03-28,666133.0000000000
2003-03-31,659070.2800000000
2003-04-01,666974.2400000000
2003-04-02,676085.5699999999
2003-04-03,671202.1600000000
2003-04-04,673260.9900000000
2003-04-07,670958.2100000000
2003-04-08,674023.2000000000
2003-04-09,666453.4800000000
2003-04-10,671839.2400000000
2003-04-11,671397.0000000000
2003-04-14,679885.3300000000
2003-04-15,683422.2200000000
2003-04-16,673333.5600000001
2003-04-17,681481.3100000001
2003-04-21,679576.9800000000
2003-04-22,689179.6000000000
2003-04-23,692171.6800000001
2003-04-24,686510.1500000000
2003-04-25,680191.0100000000
2003-04-28,689365.0200000000
2003-04-29,690871.7600000000
2003-04-30,690745.1800000001
2003-05-01,690026.0300000000
2003-05-02,698189.9900000000
2003-05-05,696469.0300000000
2003-05-06,698478.6000000000
2003-05-07,695843.2500000000
2003-05-08,691206.5600000001
2003-05-09,696614.3000000000
2003-05-12,702274.1500000000
2003-05-13,701323.9000000000
2003-05-14,700727.1800000001
2003-05-15,706843.9800000000
2003-05-16,708564.2800000000
2003-05-19,697695.4100000000
2003-05-20,698202.1500000000
2003-05-21,702531.6600000000
2003-05-22,707067.1300000000
2003-05-23,710109.5100000000
2003-05-27,720116.7400000000
2003-05-28,717561.6800000001
2003-05-29,714040.8100000001
2003-05-30,725095.6700000000
2003-06-02,723394.0600000001
2003-06-03,727801.8500000000
2003-06-04,737230.9900000000
2003-06-05,737931.8199999999
2003-06-06,733993.6600000000
2003-06-09,728303.7500000000
2003-06-10,732647.2800000000
2003-06-11,744912.4000000000
2003-06-12,746585.3700000000
2003-06-13,744238.9100000000
2003-06-16,757432.5500000000
2003-06-17,756597.7100000000
2003-06-18,754980.6800000001
2003-06-19,742850.8900000000
2003-06-20,742981.4100000000
2003-06-23,736704.0600000001
2003-06-24,737779.5600000001
2003-06-25,735188.4100000000
2003-06-26,741745.3700000000
2003-06-27,737118.9000000000
2003-06-30,735236.5100000000
2003-07-01,740534.8600000000
2003-07-02,746609.2500000000
2003-07-03,743092.3900000000
2003-07-07,750323.6600000000
2003-07-08,751090.7300000000
2003-07-09,747931.8500000000
2003-07-10,741323.4100000000
2003-07-11,745292.8300000000
2003-07-14,746362.8900000000
2003-07-15,740797.9300000001
2003-07-16,734999.7800000000
2003-07-17,731584.1700000000
2003-07-18,742808.4600000000
2003-07-21,739713.0100000000
2003-07-22,744879.1500000000
2003-07-23,747294.4000000000
2003-07-24,743665.8600000000
2003-07-25,752792.4700000000
2003-07-28,749586.8700000000
2003-07-29,747346.9800000000
2003-07-30,744258.4300000001
2003-07-31,741432.1500000000
2003-08-01,735107.3900000000
2003-08-04,735907.0200000000
2003-08-05,726655.0699999999
2003-08-06,729444.2100000000
2003-08-07,733743.0699999999
2003-08-08,737557.8500000000
2003-08-11,737949.2300000000
2003-08-12,742546.9500000000
2003-08-13,738271.1400000000
2003-08-14,742006.2900000000
2003-08-15,742670.7200000000
2003-08-18,746261.4500000000
2003-08-19,747052.9500000000
2003-08-20,746666.6800000001
2003-08-21,747640.9500000000
2003-08-22,737771.7800000000
2003-08-25,736837.0300000000
2003-08-26,738576.7200000000
2003-08-27,736535.5500000000
2003-08-28,740296.9100000000
2003-08-29,744220.0900000000
2003-09-02,750426.5900000000
2003-09-03,749914.3199999999
2003-09-04,749437.6800000001
2003-09-05,745855.7200000000
2003-09-08,750679.7800000000
2003-09-09,745230.8100000001
2003-09-10,738350.4300000001
2003-09-11,741113.9300000001
2003-09-12,744226.2100000000
2003-09-15,746463.2500000000
2003-09-16,754963.3199999999
2003-09-17,754388.5900000000
2003-09-18,764112.3000000000
2003-09-19,762945.0900000000
2003-09-22,753477.3800000000
2003-09-23,760869.3300000000
2003-09-24,744204.7700000000
2003-09-25,737673.8100000001
2003-09-26,731747.5300000000
2003-09-29,740278.6400000000
2003-09-30,730756.8800000000
2003-10-01,747090.3600000000
2003-10-02,750650.9700000000
2003-10-03,759163.0900000000
2003-10-06,763481.1400000000
2003-10-07,767774.1300000000
2003-10-08,763353.5800000000
2003-10-09,770794.1700000000
2003-10-10,770809.4000000000
2003-10-13,778705.8400000000
2003-10-14,781277.5500000000
2003-10-15,779610.6700000000
2003-10-16,781301.0000000000
2003-10-17,770284.2900000000
2003-10-20,773669.3900000000
2003-10-21,776375.3000000000
2003-10-22,764388.0600000001
2003-10-23,761699.9700000000
2003-10-24,759507.7300000000
2003-10-27,757638.0300000000
2003-10-28,770389.4700000000
2003-10-29,774529.4100000000
2003-10-30,774568.1700000000
2003-10-31,775907.7500000000
2003-11-03,784182.6400000000
2003-11-04,782144.8500000000
2003-11-05,784296.7800000000
2003-11-06,790979.3100000001
2003-11-07,782715.4200000000
2003-11-10,773325.6800000001
2003-11-11,770858.9100000000
2003-11-12,783211.2900000000
2003-11-13,784633.5800000000
2003-11-14,773396.1899999999
2003-11-17,767206.4700000000
2003-11-18,754905.0800000000
2003-11-19,763446.1500000000
2003-11-20,758912.9300000001
2003-11-21,762267.1800000001
2003-11-24,779163.2300000000
2003-11-25,778715.8300000000
2003-11-26,784003.0000000000
2003-11-28,785001.8300000000
2003-12-01,797343.5800000000
2003-12-02,794337.6500000000
2003-12-03,790788.2100000000
2003-12-04,792649.2900000000
2003-12-05,785129.0800000000
2003-12-08,791027.2900000000
2003-12-09,777509.8700000000
2003-12-10,776426.4399999999
2003-12-11,788532.0000000000
2003-12-12,791294.0500000000
2003-12-15,786721.6600000000
2003-12-16,789536.3800000000
2003-12-17,792797.9300000001
2003-12-18,804457.0800000000
2003-12-19,804456.6500000000
2003-12-22,806150.4200000000
2003-12-23,810956.0100000000
2003-12-24,810213.7400000000
2003-12-26,810518.8500000000
2003-12-29,823172.9900000000
2003-12-30,823912.5600000001
2003-12-31,823373.4100000000
2004-01-02,820490.3199999999
2004-01-05,832601.8199999999
2004-01-06,837113.9000000000
2004-01-07,839019.4000000000
2004-01-08,845980.7800000000
2004-01-09,840772.3300000000
2004-01-12,846163.7100000000
2004-01-13,843799.8400000000
2004-01-14,853735.6300000000
2004-01-15,849350.5699999999
2004-01-16,860734.7200000000
2004-01-20,858992.9100000000
2004-01-21,864692.5600000001
2004-01-22,862698.4500000000
2004-01-23,860958.3000000000
2004-01-26,872049.2900000000
2004-01-27,861025.1000000000
2004-01-28,845932.2400000000
2004-01-29,846385.5000000000
2004-01-30,846628.1400000000
2004-02-02,850505.9600000000
2004-02-03,851855.5600000001
2004-02-04,836831.5300000000
2004-02-05,834267.1100000000
2004-02-06,850752.6400000000
2004-02-09,848817.4800000000
2004-02-10,851252.5100000000
2004-02-11,862002.1700000000
2004-02-12,858063.3500000000
2004-02-13,854588.3800000000
2004-02-17,866555.0100000000
2004-02-18,862047.9800000000
2004-02-19,856151.0900000000
2004-02-20,852303.1100000000
2004-02-23,846003.7100000000
2004-02-24,843404.2000000000
2004-02-25,849367.3400000000
2004-02-26,851758.9399999999
2004-02-27,851890.6400000000
2004-03-01,863650.3100000001
2004-03-02,856992.3400000000
2004-03-03,858137.2400000000
2004-03-04,862771.3199999999
2004-03-05,864968.6600000000
2004-03-08,859434.9399999999
2004-03-09,853874.2200000000
2004-03-10,842280.0500000000
2004-03-11,831946.7800000000
2004-03-12,846776.2700000000
2004-03-15,834042.3800000000
2004-03-16,837173.8000000000
2004-03-17,852741.1500000000
2004-03-18,850378.2100000000
2004-03-19,840617.2700000000
2004-03-22,828000.8800000000
2004-03-23,827932.4000000000
2004-03-24,829955.9800000000
2004-03-25,851587.7900000000
2004-03-26,849567.5500000000
2004-03-29,862026.3700000000
2004-03-30,866643.0400000000
2004-03-31,865278.9600000000
2004-04-01,872315.3500000000
2004-04-02,885412.9100000000
2004-04-05,893291.2900000000
2004-04-06,887011.3900000000
2004-04-07,878534.2500000000
2004-04-08,880082.8199999999
2004-04-12,883644.6100000000
2004-04-13,867480.0200000000
2004-04-14,860508.2600000000
2004-04-15,852668.6899999999
2004-04-16,855760.4600000000
2004-04-19,859807.3199999999
2004-04-20,839626.4800000000
2004-04-21,848384.5400000000
2004-04-22,868854.5000000000
2004-04-23,870644.6300000000
2004-04-26,864479.2400000000
2004-04-27,861524.4100000000
2004-04-28,846138.7800000000
2004-04-29,832661.2000000000
2004-04-30,820283.9300000001
2004-05-03,826984.4399999999
2004-05-04,832319.7700000000
2004-05-05,834556.2800000000
2004-05-06,826118.7500000000
2004-05-07,815649.6700000000
2004-05-10,805422.6400000000
2004-05-11,820330.9700000000
2004-05-12,820137.7000000000
2004-05-13,821169.1500000000
2004-05-14,816366.1600000000
2004-05-17,805295.2600000000
2004-05-18,814177.8500000000
2004-05-19,815620.2700000000
2004-05-20,815357.7800000000
2004-05-21,821353.0500000000
2004-05-24,826378.5600000001
2004-05-25,845332.0900000000
2004-05-26,849044.7700000000
2004-05-27,854482.9000000000
2004-05-28,855221.1700000000
2004-06-01,857299.8300000000
2004-06-02,854658.8500000000
2004-06-03,843488.6700000000
2004-06-04,853235.5000000000
2004-06-07,875155.2500000000
2004-06-08,876611.1400000000
2004-06-09,862785.9200000000
2004-06-10,867438.5600000001
2004-06-14,853770.8700000000
2004-06-15,861438.6100000000
2004-06-16,862476.0300000000
2004-06-17,856967.4200000000
2004-06-18,857068.8800000000
2004-06-21,851395.6300000000
2004-06-22,859648.3000000000
2004-06-23,874833.3500000000
2004-06-24,870692.1700000000
2004-06-25,870159.1100000000
2004-06-28,868907.4100000000
2004-06-29,871873.8100000001
2004-06-30,878445.6300000000
2004-07-01,864131.1000000000
2004-07-02,857508.5000000000
2004-07-06,845503.7700000000
2004-07-07,848038.1899999999
2004-07-08,835980.2600000000
2004-07-09,839807.9700000000
2004-07-12,836493.8300000000
2004-07-13,835501.8300000000
2004-07-14,825236.4200000000
2004-07-15,823816.4000000000
2004-07-16,809934.0300000000
2004-07-19,804188.9700000000
2004-07-20,817014.7700000000
2004-07-21,798106.9100000000
2004-07-22,803260.3800000000
2004-07-23,789704.0500000000
2004-07-26,785171.1899999999
2004-07-27,798120.4800000000
2004-07-28,798453.3400000000
2004-07-29,808896.2900000000
2004-07-30,812032.6100000000
2004-08-02,815733.1300000000
2004-08-03,800854.4000000000
2004-08-04,798130.2800000000
2004-08-05,781224.7000000000
2004-08-06,763990.2300000000
2004-08-09,763145.7200000000
2004-08-10,777535.4800000000
2004-08-11,761186.4100000000
2004-08-12,748768.2400000000
2004-08-13,750356.8100000001
2004-08-16,763262.5000000000
2004-08-17,770722.7500000000
2004-08-18,783693.8300000000
2004-08-19,781216.7400000000
2004-08-20,785189.0000000000
2004-08-23,786063.2100000000
2004-08-24,783676.5300000000
2004-08-25,793163.4300000001
2004-08-26,792267.4800000000
2004-08-27,796460.8400000000
2004-08-30,785040.1100000000
2004-08-31,786075.3500000000
2004-09-01,792991.1800000001
2004-09-02,804935.1300000000
2004-09-03,793881.8300000000
2004-09-07,797643.9100000000
2004-09-08,795579.3500000000
2004-09-09,804987.1300000000
2004-09-10,814383.2800000000
2004-09-13,818747.0400000000
2004-09-14,823827.2100000000
2004-09-15,813714.0699999999
2004-09-16,816634.9800000000
2004-09-17,820746.0800000000
2004-09-20,818946.3900000000
2004-09-21,830089.5400000000
2004-09-22,819489.3400000000
2004-09-23,815070.3100000001
2004-09-24,818553.7800000000
2004-09-27,814927.5699999999
2004-09-28,823554.7500000000
2004-09-29,824248.2400000000
2004-09-30,828777.4500000000
2004-10-01,841566.8600000000
2004-10-04,843558.2700000000
2004-10-05,844910.5600000001
2004-10-06,854930.5200000000
2004-10-07,847122.8000000000
2004-10-08,841728.5300000000
2004-10-11,841170.9100000000
2004-10-12,837880.7600000000
2004-10-13,827908.7600000000
2004-10-14,828571.7400000000
2004-10-15,831417.9200000000
2004-10-18,831526.5300000000
2004-10-19,824575.4900000000
2004-10-20,827251.3199999999
2004-10-21,835188.7700000000
2004-10-22,828501.7400000000
2004-10-25,830310.8800000000
2004-10-26,839544.9500000000
2004-10-27,843575.0800000000
2004-10-28,838807.8300000000
2004-10-29,843069.0600000001
2004-11-01,842071.6899999999
2004-11-02,841731.0500000000
2004-11-03,850946.1400000000
2004-11-04,862836.8400000000
2004-11-05,864756.4399999999
2004-11-08,862023.0699999999
2004-11-09,861024.5500000000
2004-11-10,864037.5200000000
2004-11-11,873297.3500000000
2004-11-12,883235.7600000000
2004-11-15,876591.3000000000
2004-11-16,871516.5000000000
2004-11-17,880976.8600000000
2004-11-18,883239.6100000000
2004-11-19,877429.5000000000
2004-11-22,889062.0000000000
2004-11-23,891094.5699999999
2004-11-24,897956.0100000000
2004-11-26,900621.5300000000
2004-11-29,898849.7100000000
2004-11-30,898134.2000000000
2004-12-01,902360.8400000000
2004-12-02,896634.6000000000
2004-12-03,900749.0000000000
2004-12-06,899599.6400000000
2004-12-07,885391.6500000000
2004-12-08,889957.6100000000
2004-12-09,895868.1400000000
2004-12-10,892012.2800000000
2004-12-13,903826.4300000001
2004-12-14,903510.9900000000
2004-12-15,906274.7000000000
2004-12-16,899895.9200000000
2004-12-17,899262.8800000000
2004-12-20,903663.3500000000
2004-12-21,912578.2300000000
2004-12-22,913370.5900000000
2004-12-23,914325.1300000000
2004-12-27,906669.3800000000
2004-12-28,915049.9399999999
2004-12-29,916102.3100000001
2004-12-30,914157.8400000000
2004-12-31,913201.2400000000
2005-01-03,897579.1600000000
2005-01-04,887292.9800000000
2005-01-05,883334.9700000000
2005-01-06,888447.1600000000
2005-01-07,886587.0900000000
2005-01-10,890921.6700000000
2005-01-11,886214.5300000000
2005-01-12,894172.7300000000
2005-01-13,890719.9399999999
2005-01-14,899978.7700000000
2005-01-18,910607.1400000000
2005-01-19,903059.0500000000
2005-01-20,886549.6500000000
2005-01-21,882468.6200000000
2005-01-24,876232.4000000000
2005-01-25,878273.4100000000
2005-01-26,886745.7800000000
2005-01-27,890048.9000000000
2005-01-28,886222.5200000000
2005-01-31,897024.5300000000
2005-02-01,905156.4600000000
2005-02-02,911516.1700000000
2005-02-03,911620.9700000000
2005-02-04,920936.4500000000
2005-02-07,916923.9000000000
2005-02-08,921010.7300000000
2005-02-09,912618.7700000000
2005-02-10,920012.3300000000
2005-02-11,928038.0500000000
2005-02-14,933345.9500000000
2005-02-15,933218.1100000000
2005-02-16,942760.4300000001
2005-02-17,933256.4100000000
2005-02-18,938146.1899999999
2005-02-22,925113.2200000000
2005-02-23,932671.1300000000
2005-02-24,947475.8900000000
2005-02-25,963789.4500000000
2005-02-28,954930.9700000000
2005-03-01,951316.0200000000
2005-03-02,956211.4200000000
2005-03-03,961214.6100000000
2005-03-04,972904.9200000000
2005-03-07,973570.5699999999
2005-03-08,968715.4100000000
2005-03-09,953343.3500000000
2005-03-10,947490.9500000000
2005-03-11,946703.7200000000
2005-03-14,951800.4200000000
2005-03-15,946341.1200000000
2005-03-16,941002.3600000000
2005-03-17,947969.3300000000
2005-03-18,950803.5300000000
2005-03-21,945835.0699999999
2005-03-22,938312.2200000000
2005-03-23,934055.0800000000
2005-03-24,934863.4600000000
2005-03-28,936265.2800000000
2005-03-29,925734.4100000000
2005-03-30,939831.4300000001
2005-03-31,942798.1899999999
2005-04-01,946444.5400000000
2005-04-04,947663.1899999999
2005-04-05,948685.3000000000
2005-04-06,954057.0600000001
2005-04-07,958915.0500000000
2005-04-08,947523.3400000000
2005-04-11,948421.1800000001
2005-04-12,949603.7300000000
2005-04-13,933103.7900000000
2005-04-14,919787.1800000001
2005-04-15,896731.5000000000
2005-04-18,901875.0100000000
2005-04-19,913387.4300000001
2005-04-20,898674.3400000000
2005-04-21,917543.6899999999
2005-04-22,914629.4100000000
2005-04-25,924618.3000000000
2005-04-26,913384.9399999999
2005-04-27,909527.8500000000
2005-04-28,897189.4100000000
2005-04-29,906089.3600000000
2005-05-02,913723.8000000000
2005-05-03,905051.7900000000
2005-05-04,914314.0300000000
2005-05-05,916201.2800000000
2005-05-06,916003.1100000000
2005-05-09,923935.5200000000
2005-05-10,913913.6500000000
2005-05-11,918265.6400000000
2005-05-12,899866.6800000001
2005-05-13,889906.0300000000
2005-05-16,895228.0300000000
2005-05-17,904536.2100000000
2005-05-18,911310.7600000000
2005-05-19,919700.2200000000
2005-05-20,916054.4800000000
2005-05-23,924062.7700000000
2005-05-24,926115.9600000000
2005-05-25,925972.9700000000
2005-05-26,933687.5200000000
2005-05-27,938917.4600000000
2005-05-31,933939.5699999999
2005-06-01,944791.6800000001
2005-06-02,947065.4000000000
2005-06-03,943193.5000000000
2005-06-06,946068.5000000000
2005-06-07,945058.5600000001
2005-06-08,941017.9000000000
2005-06-09,952340.7700000000
2005-06-10,949215.4000000000
2005-06-13,951967.0699999999
2005-06-14,955894.0600000001
2005-06-15,961368.8400000000
2005-06-16,967839.9300000001
2005-06-17,977591.6700000000
2005-06-20,976956.8900000000
2005-06-21,970175.8600000000
2005-06-22,972021.1500000000
2005-06-23,962577.6600000000
2005-06-24,954892.4900000000
2005-06-27,958323.4200000000
2005-06-28,963099.4200000000
2005-06-29,958696.0500000000
2005-06-30,953200.0900000000
2005-07-01,960678.3800000000
2005-07-05,974305.9600000000
2005-07-06,962958.6000000000
2005-07-07,968526.8300000000
2005-07-08,973836.2700000000
2005-07-11,979877.6500000000
2005-07-12,982204.2300000000
2005-07-13,980878.2900000000
2005-07-14,974099.9300000001
2005-07-15,976235.4600000000
2005-07-18,973270.3400000000
2005-07-19,983557.0699999999
2005-07-20,986032.2000000000
2005-07-21,975334.9600000000
2005-07-22,990082.4399999999
2005-07-25,987161.4700000000
2005-07-26,988464.7300000000
2005-07-27,993659.8400000000
2005-07-28,1004449.4100000000
2005-07-29,995529.9000000000
2005-08-01,997317.7300000000
2005-08-02,1003977.0900000000
2005-08-03,1003657.6100000000
2005-08-04,997982.3800000000
2005-08-05,988380.8300000000
2005-08-08,989478.5300000000
2005-08-09,995170.7100000000
2005-08-10,1001254.5100000000
2005-08-11,1010858.5800000000
2005-08-12,1008246.6100000000
2005-08-15,1007975.9200000000
2005-08-16,991533.3900000000
2005-08-17,987344.8400000000
2005-08-18,987416.4500000000
2005-08-19,992730.5400000000
2005-08-22,994324.9700000000
2005-08-23,991013.9000000000
2005-08-24,989213.4900000000
2005-08-25,992798.8400000000
2005-08-26,984875.2400000000
2005-08-29,990847.7600000000
2005-08-30,991899.3900000000
2005-08-31,1007835.1200000000
2005-09-01,1016578.0600000001
2005-09-02,1009577.4100000000
2005-09-06,1022521.1300000000
2005-09-07,1028181.5300000000
2005-09-08,1025401.6800000001
2005-09-09,1041253.9600000000
2005-09-12,1035538.2100000000
2005-09-13,1024261.3000000000
2005-09-14,1023969.8100000001
2005-09-15,1026821.4900000000
2005-09-16,1036197.1600000000
2005-09-19,1037084.1700000000
2005-09-20,1025597.4000000000
2005-09-21,1020432.4399999999
2005-09-22,1024878.4399999999
2005-09-23,1025748.3100000001
2005-09-26,1032007.9900000000
2005-09-27,1035325.9600000000
2005-09-28,1036335.6000000000
2005-09-29,1045852.3199999999
2005-09-30,1048463.7800000000
2005-10-03,1052679.0200000000
2005-10-04,1035331.0200000000
2005-10-05,1010051.4800000000
2005-10-06,996580.4100000000
2005-10-07,1005475.7100000000
2005-10-10,992122.0900000000
2005-10-11,996122.8199999999
2005-10-12,979368.0200000000
2005-10-13,968475.3400000000
2005-10-14,984152.8300000000
2005-10-17,996268.1300000000
2005-10-18,974464.5100000000
2005-10-19,996316.0200000000
2005-10-20,973606.0800000000
2005-10-21,980415.4200000000
2005-10-24,1002349.5699999999
2005-10-25,1001596.7000000000
2005-10-26,991599.3100000001
2005-10-27,975816.9800000000
2005-10-28,999269.3199999999
2005-10-31,1015253.0100000000
2005-11-01,1011504.6800000001
2005-11-02,1025342.7600000000
2005-11-03,1032968.9000000000
2005-11-04,1024875.8199999999
2005-11-07,1023320.8600000000
2005-11-08,1019359.5699999999
2005-11-09,1016375.5600000001
2005-11-10,1019038.4500000000
2005-11-11,1021011.3400000000
2005-11-14,1023795.3500000000
2005-11-15,1021357.3900000000
2005-11-16,1031306.1000000000
2005-11-17,1038537.4100000000
2005-11-18,1037260.1200000000
2005-11-21,1047850.4600000000
2005-11-22,1060375.6599999999
2005-11-23,1061048.3400000001
2005-11-25,1065766.3400000001
2005-11-28,1048479.8500000000
2005-11-29,1052397.7400000000
2005-11-30,1047130.3000000000
2005-12-01,1067550.6699999999
2005-12-02,1069518.8799999999
2005-12-05,1068351.4800000000
2005-12-06,1073781.4800000000
2005-12-07,1067908.8200000001
2005-12-08,1076116.7200000000
2005-12-09,1078810.7000000000
2005-12-12,1080259.1200000001
2005-12-13,1083253.9700000000
2005-12-14,1086440.1200000001
2005-12-15,1086821.6100000001
2005-12-16,1078886.5400000000
2005-12-19,1067755.2000000000
2005-12-20,1074110.8100000001
2005-12-21,1077136.9700000000
2005-12-22,1081642.9800000000
2005-12-23,1080122.2100000000
2005-12-27,1067864.0400000000
2005-12-28,1071557.0900000001
2005-12-29,1067579.3400000001
2005-12-30,1064186.3899999999
2006-01-03,1086056.8200000001
2006-01-04,1088425.1200000001
2006-01-05,1084028.2300000000
2006-01-06,1097748.3600000001
2006-01-09,1100095.6499999999
2006-01-10,1107123.9299999999
2006-01-11,1109584.9700000000
2006-01-12,1106481.6200000001
2006-01-13,1109425.8700000001
2006-01-17,1115205.5000000000
2006-01-18,1111140.8200000001
2006-01-19,1117907.8799999999
2006-01-20,1104224.7800000000
2006-01-23,1105823.7900000000
2006-01-24,1108573.9900000000
2006-01-25,1098311.2900000000
2006-01-26,1102602.1399999999
2006-01-27,1114038.3300000001
2006-01-30,1118377.7400000000
2006-01-31,1118711.5100000000
2006-02-01,1116486.4199999999
2006-02-02,1104085.5200000000
2006-02-03,1099285.1200000001
2006-02-06,1098204.4600000000
2006-02-07,1079244.0000000000
2006-02-08,1082527.5900000001
2006-02-09,1076915.2100000000
2006-02-10,1078878.6200000001
2006-02-13,1073012.8100000001
2006-02-14,1084850.1899999999
2006-02-15,1090773.8400000001
2006-02-16,1102317.2300000000
2006-02-17,1103303.6000000001
2006-02-21,1104567.2300000000
2006-02-22,1110886.8300000001
2006-02-23,1109125.1100000001
2006-02-24,1111046.1499999999
2006-02-27,1112672.8999999999
2006-02-28,1098855.0200000000
2006-03-01,1107901.3400000001
2006-03-02,1109997.0900000001
2006-03-03,1107119.7600000000
2006-03-06,1090779.7300000000
2006-03-07,1084372.2400000000
2006-03-08,1088012.7800000000
2006-03-09,1081221.3200000001
2006-03-10,1088067.2000000000
2006-03-13,1095504.1499999999
2006-03-14,1110973.2900000000
2006-03-15,1116369.8000000000
2006-03-16,1121908.5200000000
2006-03-17,1121754.8799999999
2006-03-20,1112289.8799999999
2006-03-21,1100881.0100000000
2006-03-22,1107184.6000000001
2006-03-23,1111021.3100000001
2006-03-24,1115191.1100000001
2006-03-27,1116958.9600000000
2006-03-28,1113703.0400000000
2006-03-29,1130931.9299999999
2006-03-30,1129035.6200000001
2006-03-31,1121486.0900000001
2006-04-03,1128307.9399999999
2006-04-04,1137479.2600000000
2006-04-05,1151852.8200000001
2006-04-06,1152398.1899999999
2006-04-07,1133675.1399999999
2006-04-10,1137118.7900000000
2006-04-11,1125129.5200000000
2006-04-12,1130423.1799999999
2006-04-13,1132259.5100000000
2006-04-17,1134583.4199999999
2006-04-18,1160214.8799999999
2006-04-19,1169016.3799999999
2006-04-20,1168932.8899999999
2006-04-21,1175771.8200000001
2006-04-24,1167588.3100000001
2006-04-25,1153028.4299999999
2006-04-26,1146433.3700000001
2006-04-27,1135785.7900000000
2006-04-28,1139168.4500000000
2006-05-01,1142895.3000000000
2006-05-02,1157821.4800000000
2006-05-03,1150601.1200000001
2006-05-04,1152910.4700000000
2006-05-05,1167112.9299999999
2006-05-08,1162094.6899999999
2006-05-09,1165657.9399999999
2006-05-10,1169716.1299999999
2006-05-11,1147656.3999999999
2006-05-12,1123002.9399999999
2006-05-15,1111632.4600000000
2006-05-16,1109369.8200000001
2006-05-17,1089758.8500000001
2006-05-18,1074005.6000000001
2006-05-19,1081120.7300000000
2006-05-22,1069974.2800000000
2006-05-23,1068287.5400000000
2006-05-24,1061315.8600000001
2006-05-25,1083944.7100000000
2006-05-26,1093725.4099999999
2006-05-30,1073236.7100000000
2006-05-31,1091499.5800000001
2006-06-01,1104926.0700000001
2006-06-02,1113154.9199999999
2006-06-05,1083064.1699999999
2006-06-06,1078830.2600000000
2006-06-07,1055933.9700000000
2006-06-08,1056746.5000000000
2006-06-09,1051683.0400000000
2006-06-12,1024442.5800000000
2006-06-13,1005894.8400000000
2006-06-14,1021356.9000000000
2006-06-15,1060070.4600000000
2006-06-16,1055565.3100000001
2006-06-19,1033903.9600000000
2006-06-20,1029111.6400000000
2006-06-21,1049319.9399999999
2006-06-22,1046878.8600000000
2006-06-23,1055797.9900000000
2006-06-26,1061588.6499999999
2006-06-27,1050247.2900000000
2006-06-28,1057757.7700000000
2006-06-29,1090812.6799999999
2006-06-30,1094076.8200000001
2006-07-03,1105768.9600000000
2006-07-05,1096685.0800000001
2006-07-06,1093158.6599999999
2006-07-07,1079743.5200000000
2006-07-10,1078852.5700000001
2006-07-11,1093166.1799999999
2006-07-12,1081906.0700000001
2006-07-13,1066683.8100000001
2006-07-14,1065292.9399999999
2006-07-17,1051734.3300000001
2006-07-18,1052447.2900000000
2006-07-19,1077194.2000000000
2006-07-20,1061014.7900000000
2006-07-21,1041076.4200000000
2006-07-24,1067176.0600000001
2006-07-25,1081302.6000000001
2006-07-26,1081141.3100000001
2006-07-27,1074328.3700000001
2006-07-28,1084064.7200000000
2006-07-31,1092002.7300000000
2006-08-01,1086214.2700000000
2006-08-02,1096693.9700000000
2006-08-03,1099335.0000000000
2006-08-04,1092747.1599999999
2006-08-07,1093980.5600000001
2006-08-08,1086477.9199999999
2006-08-09,1083676.3500000001
2006-08-10,1083657.6100000001
2006-08-11,1077076.3600000001
2006-08-14,1070419.2500000000
2006-08-15,1089601.1899999999
2006-08-16,1102255.8799999999
2006-08-17,1099244.9600000000
2006-08-18,1107197.3500000001
2006-08-21,1104439.2900000000
2006-08-22,1108723.8000000000
2006-08-23,1098416.2800000000
2006-08-24,1100630.2500000000
2006-08-25,1104315.2600000000
2006-08-28,1098809.0300000000
2006-08-29,1098897.4700000000
2006-08-30,1096108.1000000001
2006-08-31,1096789.8999999999
2006-09-01,1102460.5000000000
2006-09-05,1111117.7100000000
2006-09-06,1086172.4199999999
2006-09-07,1080976.6699999999
2006-09-08,1079061.3899999999
2006-09-11,1069146.6499999999
2006-09-12,1078218.5800000001
2006-09-13,1090658.1799999999
2006-09-14,1081376.6899999999
2006-09-15,1083231.7900000000
2006-09-18,1086528.8600000001
2006-09-19,1084357.1499999999
2006-09-20,1088477.2100000000
2006-09-21,1083797.3100000001
2006-09-22,1082749.0400000000
2006-09-25,1088324.3999999999
2006-09-26,1096204.6699999999
2006-09-27,1098196.9500000000
2006-09-28,1099066.1000000001
2006-09-29,1099565.4800000000
2006-10-02,1095210.6699999999
2006-10-03,1095445.3899999999
2006-10-04,1107247.0300000000
2006-10-05,1111848.4700000000
2006-10-06,1107502.2000000000
2006-10-09,1110895.1000000001
2006-10-10,1114527.4600000000
2006-10-11,1110887.8999999999
2006-10-12,1122729.5400000000
2006-10-13,1128614.8899999999
2006-10-16,1131539.8100000001
2006-10-17,1127775.4900000000
2006-10-18,1126891.1699999999
2006-10-19,1133173.6499999999
2006-10-20,1131188.9399999999
2006-10-23,1138168.2700000000
2006-10-24,1142057.9700000000
2006-10-25,1146111.2700000000
2006-10-26,1150354.8400000001
2006-10-27,1139627.0400000000
2006-10-30,1138827.9500000000
2006-10-31,1140512.4099999999
2006-11-01,1127682.0000000000
2006-11-02,1127843.8000000000
2006-11-03,1126112.8300000001
2006-11-06,1140331.6799999999
2006-11-07,1139040.5300000000
2006-11-08,1142979.8400000001
2006-11-09,1134775.0400000000
2006-11-10,1135913.2300000000
2006-11-13,1137466.1499999999
2006-11-14,1143796.7800000000
2006-11-15,1144782.8799999999
2006-11-16,1147462.2600000000
2006-11-17,1149230.3400000001
2006-11-20,1151795.7400000000
2006-11-21,1154532.6699999999
2006-11-22,1155979.3000000000
2006-11-24,1154289.6299999999
2006-11-27,1136460.5400000000
2006-11-28,1141307.9099999999
2006-11-29,1155619.5700000001
2006-11-30,1155120.8999999999
2006-12-01,1151618.1100000001
2006-12-04,1163690.4199999999
2006-12-05,1168934.0800000001
2006-12-06,1168588.0300000000
2006-12-07,1163604.5300000000
2006-12-08,1165098.7100000000
2006-12-11,1167620.6200000001
2006-12-12,1163972.9399999999
2006-12-13,1164270.3300000001
2006-12-14,1170310.3600000001
2006-12-15,1171702.1000000001
2006-12-18,1165732.0000000000
2006-12-19,1168656.6899999999
2006-12-20,1166937.7900000000
2006-12-21,1162991.3899999999
2006-12-22,1155796.4900000000
2006-12-26,1159952.8100000001
2006-12-27,1170531.8100000001
2006-12-28,1169195.3899999999
2006-12-29,1164961.6100000001
2007-01-03,1159839.1899999999
2007-01-04,1157632.3300000001
2007-01-05,1151052.8500000001
2007-01-08,1156466.7200000000
2007-01-09,1158255.5800000001
2007-01-10,1164365.8200000001
2007-01-11,1171772.0500000000
2007-01-12,1177838.4600000000
2007-01-16,1182367.2900000000
2007-01-17,1181374.6299999999
2007-01-18,1175242.3400000001
2007-01-19,1181622.0100000000
2007-01-22,1180007.6799999999
2007-01-23,1189238.9800000000
2007-01-24,1201958.6200000001
2007-01-25,1187771.9900000000
2007-01-26,1184839.1699999999
2007-01-29,1180481.3400000001
2007-01-30,1189424.0400000000
2007-01-31,1199514.5300000000
2007-02-01,1208162.4299999999
2007-02-02,1208127.8700000001
2007-02-05,1205203.5300000000
2007-02-06,1205474.3999999999
2007-02-07,1208520.6100000001
2007-02-08,1206489.5700000001
2007-02-09,1196888.5400000000
2007-02-12,1193383.9600000000
2007-02-13,1204988.1399999999
2007-02-14,1214850.1200000001
2007-02-15,1214844.3400000001
2007-02-16,1214890.7600000000
2007-02-20,1218361.2200000000
2007-02-21,1219086.1000000001
2007-02-22,1217062.0300000000
2007-02-23,1209371.2600000000
2007-02-26,1206846.9900000000
2007-02-27,1161400.5000000000
2007-02-28,1172215.2100000000
2007-03-01,1169088.8000000000
2007-03-02,1153787.2000000000
2007-03-05,1140080.9199999999
2007-03-06,1161695.3799999999
2007-03-07,1161666.6399999999
2007-03-08,1174810.2500000000
2007-03-09,1177222.4299999999
2007-03-12,1180813.7200000000
2007-03-13,1152350.3100000001
2007-03-14,1160146.8100000001
2007-03-15,1164635.6100000001
2007-03-16,1160012.0700000001
2007-03-19,1173974.1599999999
2007-03-20,1182504.3999999999
2007-03-21,1204204.1299999999
2007-03-22,1201495.4299999999
2007-03-23,1200031.3000000000
2007-03-26,1201605.8999999999
2007-03-27,1194773.7800000000
2007-03-28,1183439.0000000000
2007-03-29,1188792.5100000000
2007-03-30,1190952.2600000000
2007-04-02,1192729.8799999999
2007-04-03,1205731.3799999999
2007-04-04,1205058.4700000000
2007-04-05,1210558.1000000001
2007-04-09,1212669.8999999999
2007-04-10,1213914.9900000000
2007-04-11,1205928.5200000000
2007-04-12,1209002.3300000001
2007-04-13,1215983.3700000001
2007-04-16,1226758.9500000000
2007-04-17,1231722.5200000000
2007-04-18,1230800.7100000000
2007-04-19,1230195.2700000000
2007-04-20,1240268.2700000000
2007-04-23,1239570.7300000000
2007-04-24,1237152.0300000000
2007-04-25,1246788.9399999999
2007-04-26,1241029.9199999999
2007-04-27,1239448.3400000001
2007-04-30,1231352.4800000000
2007-05-01,1232682.7400000000
2007-05-02,1240592.3300000001
2007-05-03,1245457.0300000000
2007-05-04,1250990.0900000001
2007-05-07,1254063.9600000000
2007-05-08,1251163.4299999999
2007-05-09,1250887.0800000001
2007-05-10,1234359.7200000000
2007-05-11,1247136.9600000000
2007-05-14,1246963.8200000001
2007-05-15,1246546.2000000000
2007-05-16,1257729.1599999999
2007-05-17,1253801.5200000000
2007-05-18,1260108.7500000000
2007-05-21,1259821.7800000000
2007-05-22,1258317.7700000000
2007-05-23,1253998.2100000000
2007-05-24,1241846.3999999999
2007-05-25,1248259.2500000000
2007-05-29,1252850.7900000000
2007-05-30,1263043.7300000000
2007-05-31,1264004.3600000001
2007-06-01,1264252.6799999999
2007-06-04,1263964.3700000001
2007-06-05,1256703.4299999999
2007-06-06,1245343.1799999999
2007-06-07,1222844.9700000000
2007-06-08,1236563.2200000000
2007-06-11,1237940.3500000001
2007-06-12,1221533.7900000000
2007-06-13,1240878.7200000000
2007-06-14,1245494.4900000000
2007-06-15,1250856.9399999999
2007-06-18,1246137.6799999999
2007-06-19,1252257.0900000001
2007-06-20,1236876.8799999999
2007-06-21,1240056.6699999999
2007-06-22,1220143.5200000000
2007-06-25,1219169.7200000000
2007-06-26,1216647.7200000000
2007-06-27,1229073.8600000001
2007-06-28,1231337.7800000000
2007-06-29,1229996.0000000000
2007-07-02,1242720.6699999999
2007-07-03,1247161.5300000000
2007-07-05,1248430.2000000000
2007-07-06,1249578.2200000000
2007-07-09,1247436.8899999999
2007-07-10,1225617.0300000000
2007-07-11,1234669.9500000000
2007-07-12,1256413.1399999999
2007-07-13,1259497.5600000001
2007-07-16,1258940.1200000001
2007-07-17,1257766.9700000000
2007-07-18,1253202.8700000001
2007-07-19,1258604.6399999999
2007-07-20,1241658.7900000000
2007-07-23,1252035.8600000001
2007-07-24,1230942.5300000000
2007-07-25,1237068.2300000000
2007-07-26,1210589.1100000001
2007-07-27,1192473.2100000000
2007-07-30,1202895.0400000000
2007-07-31,1188576.7300000000
2007-08-01,1203444.4700000000
2007-08-02,1211813.7200000000
2007-08-03,1184271.9099999999
2007-08-06,1212365.8500000001
2007-08-07,1214760.1000000001
2007-08-08,1228068.2300000000
2007-08-09,1194002.3400000001
2007-08-10,1192700.7900000000
2007-08-13,1195362.0600000001
2007-08-14,1172103.0600000001
2007-08-15,1161561.8500000001
2007-08-16,1168570.6499999999
2007-08-17,1194086.6000000001
2007-08-20,1188925.1000000001
2007-08-21,1191415.4900000000
2007-08-22,1205948.5900000001
2007-08-23,1208064.8400000001
2007-08-24,1219295.4900000000
2007-08-27,1211042.2500000000
2007-08-28,1179838.6799999999
2007-08-29,1205920.3600000001
2007-08-30,1200728.7600000000
2007-08-31,1214868.6799999999
2007-09-04,1226555.8200000001
2007-09-05,1212185.5900000001
2007-09-06,1217002.5700000001
2007-09-07,1197041.6699999999
2007-09-10,1198211.4800000000
2007-09-11,1214000.4600000000
2007-09-12,1212908.4700000000
2007-09-13,1225715.5100000000
2007-09-14,1224447.3899999999
2007-09-17,1216637.1299999999
2007-09-18,1251677.9299999999
2007-09-19,1259235.7200000000
2007-09-20,1253149.6200000001
2007-09-21,1262446.4600000000
2007-09-24,1261972.6599999999
2007-09-25,1270134.2000000000
2007-09-26,1277527.2800000000
2007-09-27,1282466.8700000001
2007-09-28,1277704.3700000001
2007-10-01,1295025.9399999999
2007-10-02,1293683.4099999999
2007-10-03,1281036.2200000000
2007-10-04,1280965.9800000000
2007-10-05,1297640.8500000001
2007-10-08,1302829.8899999999
2007-10-09,1313945.1599999999
2007-10-10,1311126.2600000000
2007-10-11,1298422.8100000001
2007-10-12,1310391.3700000001
2007-10-15,1301949.0900000001
2007-10-16,1300066.0900000001
2007-10-17,1306114.9800000000
2007-10-18,1311237.3799999999
2007-10-19,1277686.2900000000
2007-10-22,1280041.6000000001
2007-10-23,1305154.9500000000
2007-10-24,1296792.5000000000
2007-10-25,1296614.0800000001
2007-10-26,1309859.8400000001
2007-10-29,1318535.8400000001
2007-10-30,1312308.5700000001
2007-10-31,1328509.0300000000
2007-11-01,1298260.7800000000
2007-11-02,1305394.3000000000
2007-11-05,1300423.1699999999
2007-11-06,1318183.7700000000
2007-11-07,1282260.7000000000
2007-11-08,1263428.7400000000
2007-11-09,1231713.4399999999
2007-11-12,1206749.4700000000
2007-11-13,1246317.4199999999
2007-11-14,1238145.5800000001
2007-11-15,1226759.8700000001
2007-11-16,1238373.0200000000
2007-11-19,1213153.2800000000
2007-11-20,1221402.3200000001
2007-11-21,1203690.3799999999
2007-11-23,1221442.7000000000
2007-11-26,1198522.1499999999
2007-11-27,1216730.5100000000
2007-11-28,1253653.3600000001
2007-11-29,1258121.8200000001
2007-11-30,1260667.6399999999
2007-12-03,1256299.2900000000
2007-12-04,1255334.8300000001
2007-12-05,1276010.7700000000
2007-12-06,1292239.7000000000
2007-12-07,1293556.1899999999
2007-12-10,1298747.1100000001
2007-12-11,1276002.1699999999
2007-12-12,1292781.7600000000
2007-12-13,1296711.0500000000
2007-12-14,1280489.5400000000
2007-12-17,1252353.0400000000
2007-12-18,1259112.8500000001
2007-12-19,1258452.9600000000
2007-12-20,1269953.0200000000
2007-12-21,1294807.3700000001
2007-12-24,1305052.4600000000
2007-12-26,1308345.0500000000
2007-12-27,1290101.1000000001
2007-12-28,1292878.9399999999
2007-12-31,1278563.1000000001
2008-01-02,1258042.8100000001
2008-01-03,1264289.6899999999
2008-01-04,1224747.0900000001
2008-01-07,1220639.5100000000
2008-01-08,1192729.9099999999
2008-01-09,1210305.7000000000
2008-01-10,1220926.8999999999
2008-01-11,1192087.6899999999
2008-01-14,1217216.6399999999
2008-01-15,1184655.2000000000
2008-01-16,1167692.6299999999
2008-01-17,1135291.2800000000
2008-01-18,1133951.8200000001
2008-01-22,1112442.0900000001
2008-01-23,1117755.5800000001
2008-01-24,1131655.5900000001
2008-01-25,1116678.5100000000
2008-01-28,1126861.2300000000
2008-01-29,1132851.4099999999
2008-01-30,1130648.4800000000
2008-01-31,1149665.3799999999
2008-02-01,1163447.4099999999
2008-02-04,1152799.0400000000
2008-02-05,1118139.4199999999
2008-02-06,1106665.4099999999
2008-02-07,1108977.8600000001
2008-02-08,1115016.4700000000
2008-02-11,1129792.9500000000
2008-02-12,1136791.6599999999
2008-02-13,1159308.1399999999
2008-02-14,1140846.2300000000
2008-02-15,1137194.1000000001
2008-02-19,1125438.8799999999
2008-02-20,1135826.7400000000
2008-02-21,1123487.1499999999
2008-02-22,1133447.2800000000
2008-02-25,1151000.0800000001
2008-02-26,1162484.6000000001
2008-02-27,1164808.3300000001
2008-02-28,1162586.8400000001
2008-02-29,1132335.9900000000
2008-03-03,1133464.7900000000
2008-03-04,1132787.3000000000
2008-03-05,1142016.1399999999
2008-03-06,1120292.4299999999
2008-03-07,1108915.5600000001
2008-03-10,1092493.1200000001
2008-03-11,1129731.9500000000
2008-03-12,1123684.2000000000
2008-03-13,1131019.6100000001
2008-03-14,1113730.4099999999
2008-03-17,1109112.1000000001
2008-03-18,1149661.7000000000
2008-03-19,1115700.8799999999
2008-03-20,1131907.3700000001
2008-03-24,1152805.4700000000
2008-03-25,1167917.2200000000
2008-03-26,1174224.3899999999
2008-03-27,1161919.0000000000
2008-03-28,1158803.7300000000
2008-03-31,1162328.8700000001
2008-04-01,1190713.1399999999
2008-04-02,1191350.0800000001
2008-04-03,1196623.9299999999
2008-04-04,1206231.4299999999
2008-04-07,1209093.7200000000
2008-04-08,1212017.0100000000
2008-04-09,1210409.9099999999
2008-04-10,1216839.7100000000
2008-04-11,1196739.6799999999
2008-04-14,1206718.3000000000
2008-04-15,1213841.2600000000
2008-04-16,1246292.5600000001
2008-04-17,1243513.9199999999
2008-04-18,1266019.5200000000
2008-04-21,1273052.3700000001
2008-04-22,1266145.0000000000
2008-04-23,1264772.6699999999
2008-04-24,1254703.8500000001
2008-04-25,1266391.5800000001
2008-04-28,1263180.7800000000
2008-04-29,1245614.8100000001
2008-04-30,1245974.3999999999
2008-05-01,1245097.8000000000
2008-05-02,1253508.0300000000
2008-05-05,1260621.0600000001
2008-05-06,1277395.4900000000
2008-05-07,1256248.8200000001
2008-05-08,1272385.8600000001
2008-05-09,1263754.0700000001
2008-05-12,1274258.5200000000
2008-05-13,1283609.4199999999
2008-05-14,1278467.6000000001
2008-05-15,1296406.4199999999
2008-05-16,1311078.8400000001
2008-05-19,1315858.0000000000
2008-05-20,1320602.3899999999
2008-05-21,1301335.6000000001
2008-05-22,1300230.4600000000
2008-05-23,1284957.2500000000
2008-05-27,1287441.6000000001
2008-05-28,1299370.2000000000
2008-05-29,1291533.4399999999
2008-05-30,1298521.1399999999
2008-06-02,1291356.0200000000
2008-06-03,1280778.1000000001
2008-06-04,1275840.1599999999
2008-06-05,1311185.9199999999
2008-06-06,1283139.0500000000
2008-06-09,1296855.0900000001
2008-06-10,1285266.4600000000
2008-06-11,1275867.8999999999
2008-06-12,1265454.5500000000
2008-06-13,1280625.3100000001
2008-06-16,1282516.7400000000
2008-06-17,1288858.5200000000
2008-06-18,1283197.3000000000
2008-06-19,1277469.9199999999
2008-06-20,1262820.0900000001
2008-06-23,1281119.5700000001
2008-06-24,1267296.9099999999
2008-06-25,1268077.5300000000
2008-06-26,1238914.6299999999
2008-06-27,1242609.5300000000
2008-06-30,1251151.4299999999
2008-07-01,1256524.7400000000
2008-07-02,1223968.6799999999
2008-07-03,1222580.3200000001
2008-07-07,1212717.8400000001
2008-07-08,1215809.9600000000
2008-07-09,1195228.0000000000
2008-07-10,1214331.6599999999
2008-07-11,1204654.2400000000
2008-07-14,1206243.5300000000
2008-07-15,1179943.7000000000
2008-07-16,1176391.8899999999
2008-07-17,1166080.8999999999
2008-07-18,1163945.1100000001
2008-07-21,1179794.8700000001
2008-07-22,1174947.8899999999
2008-07-23,1160152.9399999999
2008-07-24,1144579.8100000001
2008-07-25,1156360.7800000000
2008-07-28,1141804.0900000001
2008-07-29,1153055.3600000001
2008-07-30,1189581.4800000000
2008-07-31,1160970.8200000001
2008-08-01,1150761.7600000000
2008-08-04,1121194.7000000000
2008-08-05,1140505.6799999999
2008-08-06,1154348.3500000001
2008-08-07,1139301.9399999999
2008-08-08,1154261.7400000000
2008-08-11,1154873.4600000000
2008-08-12,1151063.2000000000
2008-08-13,1168584.3200000001
2008-08-14,1162979.8899999999
2008-08-15,1154765.1899999999
2008-08-18,1144696.4800000000
2008-08-19,1149917.8999999999
2008-08-20,1167394.1499999999
2008-08-21,1179770.6599999999
2008-08-22,1178109.0300000000
2008-08-25,1157211.8600000001
2008-08-26,1167452.6100000001
2008-08-27,1177418.7500000000
2008-08-28,1181123.8400000001
2008-08-29,1164523.1100000001
2008-09-02,1137280.7300000000
2008-09-03,1128670.0400000000
2008-09-04,1098295.7200000000
2008-09-05,1097845.3600000001
2008-09-08,1100358.5800000001
2008-09-09,1054421.9099999999
2008-09-10,1072623.6000000001
2008-09-11,1092722.2300000000
2008-09-12,1108950.8400000001
2008-09-15,1059375.9399999999
2008-09-16,1077137.4299999999
2008-09-17,1034805.2600000000
2008-09-18,1066015.6000000001
2008-09-19,1110830.2600000000
2008-09-22,1083236.8400000001
2008-09-23,1066738.5000000000
2008-09-24,1068858.3899999999
2008-09-25,1081757.8100000001
2008-09-26,1073722.5100000000
2008-09-29,988809.8199999999
2008-09-30,1031418.4700000000
2008-10-01,1012109.4100000000
2008-10-02,962121.2400000000
2008-10-03,957838.6500000000
2008-10-06,919215.7000000000
2008-10-07,874567.2100000000
2008-10-08,875575.6100000000
2008-10-09,821685.8600000000
2008-10-10,802467.6400000000
2008-10-13,899959.3800000000
2008-10-14,889078.9700000000
2008-10-15,806656.9700000000
2008-10-16,847492.5000000000
2008-10-17,848844.8000000000
2008-10-20,893357.4500000000
2008-10-21,865004.8600000000
2008-10-22,817601.1700000000
2008-10-23,826557.5699999999
2008-10-24,802179.6500000000
2008-10-27,772638.4200000000
2008-10-28,847121.8199999999
2008-10-29,853415.6200000000
2008-10-30,878121.8300000000
2008-10-31,886872.9500000000
2008-11-03,879342.6400000000
2008-11-04,910419.9000000000
2008-11-05,872512.8500000000
2008-11-06,836128.5400000000
2008-11-07,861272.0100000000
2008-11-10,860848.4800000000
2008-11-11,843609.4600000000
2008-11-12,805196.0300000000
2008-11-13,859989.0600000001
2008-11-14,823708.9700000000
2008-11-17,807556.7100000000
2008-11-18,816631.0900000000
2008-11-19,774345.4100000000
2008-11-20,723491.7800000000
2008-11-21,766881.2200000000
2008-11-24,800781.4600000000
2008-11-25,807853.2100000000
2008-11-26,832006.8199999999
2008-11-28,830021.2800000000
2008-12-01,766727.2400000000
2008-12-02,787341.9700000000
2008-12-03,801454.8800000000
2008-12-04,774240.3900000000
2008-12-05,799831.2700000000
2008-12-08,825109.7700000000
2008-12-09,812531.2200000000
2008-12-10,829746.1800000001
2008-12-11,811775.6100000000
2008-12-12,807686.4000000000
2008-12-15,804531.6100000000
2008-12-16,840697.2300000000
2008-12-17,834727.0600000001
2008-12-18,819003.6400000000
2008-12-19,823842.5900000000
2008-12-22,811790.8500000000
2008-12-23,805649.0800000000
2008-12-24,806894.8800000000
2008-12-26,811748.4300000001
2008-12-29,810709.1100000000
2008-12-30,826237.0900000000
2008-12-31,835657.1800000001
2009-01-02,862649.8100000001
2009-01-05,863363.7000000000
2009-01-06,865765.6400000000
2009-01-07,847729.4200000000
2009-01-08,844457.9200000000
2009-01-09,829107.5800000000
2009-01-12,812886.3500000000
2009-01-13,817069.5500000000
2009-01-14,794066.3300000000
2009-01-15,798920.3900000000
2009-01-16,806798.2200000000
2009-01-20,775232.9800000000
2009-01-21,806456.0400000000
2009-01-22,800040.0100000000
2009-01-23,801155.6800000001
2009-01-26,810007.0000000000
2009-01-27,815657.4300000001
2009-01-28,837015.0699999999
2009-01-29,821075.3199999999
2009-01-30,807942.5699999999
2009-02-02,806328.2400000000
2009-02-03,822769.8100000001
2009-02-04,820642.9200000000
2009-02-05,836138.7000000000
2009-02-06,851937.1000000000
2009-02-09,853834.2800000000
2009-02-10,821530.1500000000
2009-02-11,824333.9700000000
2009-02-12,827214.5900000000
2009-02-13,820831.3400000000
2009-02-17,791162.2500000000
2009-02-18,793656.3600000000
2009-02-19,788084.6500000000
2009-02-20,782527.5699999999
2009-02-23,755572.2500000000
2009-02-24,779245.7400000000
2009-02-25,769484.8300000000
2009-02-26,754676.4100000000
2009-02-27,742997.2700000000
2009-03-02,712428.5800000000
2009-03-03,712305.4700000000
2009-03-04,732753.5400000000
2009-03-05,711417.7800000000
2009-03-06,710010.1000000000
2009-03-09,699040.2500000000
2009-03-10,728496.7600000000
2009-03-11,726502.6100000000
2009-03-12,750730.1800000001
2009-03-13,754406.0400000000
2009-03-16,755162.3800000000
2009-03-17,774857.2900000000
2009-03-18,778476.5200000000
2009-03-19,777963.9200000000
2009-03-20,769535.4399999999
2009-03-23,807530.1899999999
2009-03-24,791535.5500000000
2009-03-25,797692.4500000000
2009-03-26,808482.9100000000
2009-03-27,797007.3100000001
2009-03-30,786374.6700000000
2009-03-31,791739.8700000000
2009-04-01,796874.8700000000
2009-04-02,807154.1400000000
2009-04-03,808133.4000000000
2009-04-06,803705.1200000000
2009-04-07,788636.0699999999
2009-04-08,796039.8000000000
2009-04-09,803278.7300000000
2009-04-13,799327.0900000000
2009-04-14,790966.5300000000
2009-04-15,792491.7100000000
2009-04-16,797816.5699999999
2009-04-17,799894.7100000000
2009-04-20,782878.5500000000
2009-04-21,790645.6899999999
2009-04-22,780674.3700000000
2009-04-23,786820.6600000000
2009-04-24,790629.6000000000
2009-04-27,791504.2300000000
2009-04-28,793965.4200000000
2009-04-29,804361.9600000000
2009-04-30,796953.9100000000
2009-05-01,800105.6000000000
2009-05-04,813269.5400000000
2009-05-05,810631.7400000000
2009-05-06,814300.0600000001
2009-05-07,811525.1600000000
2009-05-08,820478.7800000000
2009-05-11,814504.6600000000
2009-05-12,820417.8100000001
2009-05-13,809274.1300000000
2009-05-14,810010.3900000000
2009-05-15,801032.1500000000
2009-05-18,815951.6800000001
2009-05-19,814774.2000000000
2009-05-20,812881.7800000000
2009-05-21,803928.2600000000
2009-05-22,805737.1200000000
2009-05-26,822212.6100000000
2009-05-27,808995.1000000000
2009-05-28,818751.9200000000
2009-05-29,828151.9600000000
2009-06-01,843796.9100000000
2009-06-02,848391.8900000000
2009-06-03,844403.5900000000
2009-06-04,847258.6000000000
2009-06-05,845411.9900000000
2009-06-08,844172.9800000000
2009-06-09,845996.2100000000
2009-06-10,843294.4399999999
2009-06-11,848452.2900000000
2009-06-12,850155.3000000000
2009-06-15,832404.2200000000
2009-06-16,825270.5500000000
2009-06-17,832392.9600000000
2009-06-18,839515.2700000000
2009-06-19,838673.9600000000
2009-06-22,821549.5400000000
2009-06-23,821552.3300000000
2009-06-24,825867.4700000000
2009-06-25,842084.0699999999
2009-06-26,838041.2300000000
2009-06-29,844072.8400000000
2009-06-30,838910.6200000000
2009-07-01,843027.7500000000
2009-07-02,823793.0500000000
2009-07-06,826403.2000000000
2009-07-07,813570.5300000000
2009-07-08,821339.1300000000
2009-07-09,819751.0300000000
2009-07-10,815347.6100000000
2009-07-13,828273.0699999999
2009-07-14,832691.8700000000
2009-07-15,846567.8800000000
2009-07-16,852713.9700000000
2009-07-17,854012.9800000000
2009-07-20,858825.6600000000
2009-07-21,866090.6100000000
2009-07-22,863208.7800000000
2009-07-23,876253.5500000000
2009-07-24,882346.9800000000
2009-07-27,883191.4800000000
2009-07-28,882039.0900000000
2009-07-29,880958.7300000000
2009-07-30,883281.3500000000
2009-07-31,881449.4600000000
2009-08-03,889097.9700000000
2009-08-04,888804.7300000000
2009-08-05,880553.3199999999
2009-08-06,873657.1600000000
2009-08-07,878446.5800000000
2009-08-10,879633.0200000000
2009-08-11,875041.4000000000
2009-08-12,881868.2800000000
2009-08-13,882950.8000000000
2009-08-14,878129.4600000000
2009-08-17,866197.3800000000
2009-08-18,868755.4600000000
2009-08-19,879667.0900000000
2009-08-20,885136.3100000001
2009-08-21,895712.4200000000
2009-08-24,897200.5200000000
2009-08-25,896271.0600000001
2009-08-26,898251.5900000000
2009-08-27,896976.6200000000
2009-08-28,892392.2700000000
2009-08-31,886307.9800000000
2009-09-01,876169.2500000000
2009-09-02,874407.0800000000
2009-09-03,877170.5600000001
2009-09-04,886839.1200000000
2009-09-08,892043.0900000000
2009-09-09,894983.7400000000
2009-09-10,899624.7200000000
2009-09-11,898311.9399999999
2009-09-14,901483.0000000000
2009-09-15,900607.3100000001
2009-09-16,909835.3100000001
2009-09-17,906904.7100000000
2009-09-18,908098.2700000000
2009-09-21,908108.8100000001
2009-09-22,909840.3100000001
2009-09-23,901196.7100000000
2009-09-24,894571.4399999999
2009-09-25,888712.4399999999
2009-09-28,906003.5100000000
2009-09-29,903746.8400000000
2009-09-30,901590.1500000000
2009-10-01,880001.9000000000
2009-10-02,878072.0699999999
2009-10-05,889192.5699999999
2009-10-06,902520.7400000000
2009-10-07,904548.1400000000
2009-10-08,908375.3500000000
2009-10-09,915744.4000000000
2009-10-12,919004.6100000000
2009-10-13,917148.2100000000
2009-10-14,931348.2700000000
2009-10-15,933270.9000000000
2009-10-16,924869.0500000000
2009-10-19,933764.9900000000
2009-10-20,931966.4300000001
2009-10-21,925542.1700000000
2009-10-22,935374.3600000000
2009-10-23,929043.0900000000
2009-10-26,919155.3300000000
2009-10-27,913454.7600000000
2009-10-28,892860.2000000000
2009-10-29,911438.6300000000
2009-10-30,887009.3900000000
2009-11-02,894797.9300000001
2009-11-03,895855.7500000000
2009-11-04,897789.1100000000
2009-11-05,915805.0800000000
2009-11-06,921255.1100000000
2009-11-09,939689.6600000000
2009-11-10,940524.3300000000
2009-11-11,943922.6800000001
2009-11-12,934363.0699999999
2009-11-13,941418.5500000000
2009-11-16,952344.5100000000
2009-11-17,952095.8100000001
2009-11-18,950792.2000000000
2009-11-19,936463.0200000000
2009-11-20,933911.2800000000
2009-11-23,949286.1000000000
2009-11-24,946874.2100000000
2009-11-25,951750.1500000000
2009-11-27,936564.8700000000
2009-11-30,939211.2700000000
2009-12-01,948550.6500000000
2009-12-02,950952.9399999999
2009-12-03,943828.7700000000
2009-12-04,947254.0300000000
2009-12-07,943045.7200000000
2009-12-08,935804.0600000001
2009-12-09,940767.8600000000
2009-12-10,949550.6300000000
2009-12-11,949862.3199999999
2009-12-14,960826.3500000000
2009-12-15,956425.5900000000
2009-12-16,957194.0100000000
2009-12-17,946482.1000000000
2009-12-18,957382.7200000000
2009-12-21,970064.7200000000
2009-12-22,975750.2300000000
2009-12-23,979749.3700000000
2009-12-24,986997.9600000000
2009-12-28,988788.3400000000
2009-12-29,986006.9800000000
2009-12-30,987525.5699999999
2009-12-31,978473.0600000001
2010-01-04,992182.2200000000
2010-01-05,994680.9700000000
2010-01-06,993644.4900000000
2010-01-07,996512.7500000000
2010-01-08,998985.9800000000
2010-01-11,997122.2600000000
2010-01-12,984742.1899999999
2010-01-13,994162.1899999999
2010-01-14,997404.8400000000
2010-01-15,987239.2700000000
2010-01-19,1000661.6500000000
2010-01-20,988755.4700000000
2010-01-21,971376.7700000000
2010-01-22,945790.4300000001
2010-01-25,951279.5900000000
2010-01-26,950977.6700000000
2010-01-27,958986.3000000000
2010-01-28,947220.4600000000
2010-01-29,937077.7600000000
2010-02-01,947364.4700000000
2010-02-02,960725.9200000000
2010-02-03,957793.0600000001
2010-02-04,931455.5300000000
2010-02-05,936346.9399999999
2010-02-08,931808.2500000000
2010-02-09,943523.6000000000
2010-02-10,939367.0200000000
2010-02-11,950062.3700000000
2010-02-12,948532.2800000000
2010-02-16,962440.2500000000
2010-02-17,968418.5900000000
2010-02-18,974668.5000000000
2010-02-19,974402.7700000000
2010-02-22,974033.6000000000
2010-02-23,964467.0300000000
2010-02-24,977074.3900000000
2010-02-25,980434.8600000000
2010-02-26,984239.6899999999
2010-03-01,997213.2900000000
2010-03-02,996391.4300000001
2010-03-03,996655.6200000000
2010-03-04,1000576.8700000000
2010-03-05,1016646.7900000000
2010-03-08,1018113.6600000000
2010-03-09,1020733.5400000000
2010-03-10,1025348.2300000000
2010-03-11,1030622.0800000000
2010-03-12,1031639.4000000000
2010-03-15,1031117.1800000001
2010-03-16,1037045.1300000000
2010-03-17,1042987.6000000000
2010-03-18,1042963.2800000000
2010-03-19,1038185.1300000000
2010-03-22,1049157.3500000001
2010-03-23,1054366.1599999999
2010-03-24,1051034.8799999999
2010-03-25,1051324.5100000000
2010-03-26,1053166.4299999999
2010-03-29,1056838.5800000001
2010-03-30,1060495.8300000001
2010-03-31,1052252.6799999999
2010-04-01,1057311.5700000001
2010-04-05,1069505.2400000000
2010-04-06,1070947.1100000001
2010-04-07,1065409.9700000000
2010-04-08,1072025.9399999999
2010-04-09,1079842.0200000000
2010-04-12,1081726.9600000000
2010-04-13,1086412.4500000000
2010-04-14,1104587.5900000001
2010-04-15,1109947.1899999999
2010-04-16,1083408.5400000000
2010-04-19,1084276.8500000001
2010-04-20,1094143.7200000000
2010-04-21,1102280.7300000000
2010-04-22,1112908.7200000000
2010-04-23,1117837.0100000000
2010-04-26,1115490.6599999999
2010-04-27,1085796.6599999999
2010-04-28,1087575.6100000001
2010-04-29,1104890.3000000000
2010-04-30,1075429.2000000000
2010-05-03,1093133.7600000000
2010-05-04,1059746.2600000000
2010-05-05,1048254.8600000000
2010-05-06,1012128.3199999999
2010-05-07,987123.0500000000
2010-05-10,1043585.7200000000
2010-05-11,1037707.8199999999
2010-05-12,1060085.1000000001
2010-05-13,1045033.9300000001
2010-05-14,1020060.1400000000
2010-05-17,1019338.4900000000
2010-05-18,1000241.2200000000
2010-05-19,992474.7200000000
2010-05-20,953198.6700000000
2010-05-21,971732.4399999999
2010-05-24,964531.1400000000
2010-05-25,967202.3300000000
2010-05-26,960522.4600000000
2010-05-27,1000488.5300000000
2010-05-28,988827.3000000000
2010-06-01,973533.8500000000
2010-06-02,997389.6800000001
2010-06-03,1003779.9500000000
2010-06-04,967963.7400000000
2010-06-07,948557.8000000000
2010-06-08,952825.2500000000
2010-06-09,947712.3400000000
2010-06-10,975706.0000000000
2010-06-11,985010.7100000000
2010-06-14,982904.9100000000
2010-06-15,1011030.6100000000
2010-06-16,1012750.8500000000
2010-06-17,1013017.8700000000
2010-06-18,1014626.4000000000
2010-06-21,1007891.2600000000
2010-06-22,993247.6600000000
2010-06-23,989589.6100000000
2010-06-24,969801.3600000000
2010-06-25,971614.5699999999
2010-06-28,967382.8400000000
2010-06-29,927316.3600000000
2010-06-30,916348.3199999999
2010-07-01,917439.9000000000
2010-07-02,911471.0400000000
2010-07-06,915980.1300000000
2010-07-07,949443.1899999999
2010-07-08,955516.8900000000
2010-07-09,965602.0800000000
2010-07-12,966881.0699999999
2010-07-13,983508.5200000000
2010-07-14,986897.8000000000
2010-07-15,988418.6700000000
2010-07-16,954690.4900000000
2010-07-19,959136.6200000000
2010-07-20,975130.9000000000
2010-07-21,961475.8100000001
2010-07-22,986906.3300000000
2010-07-23,998289.5100000000
2010-07-26,1007350.8800000000
2010-07-27,1003077.6000000000
2010-07-28,994306.4900000000
2010-07-29,992749.2500000000
2010-07-30,991270.6800000001
2010-08-02,1012913.2600000000
2010-08-03,1006646.5600000001
2010-08-04,1018431.5100000000
2010-08-05,1015908.8500000000
2010-08-06,1013104.7100000000
2010-08-09,1021948.8100000001
2010-08-10,1011874.6600000000
2010-08-11,981965.0600000001
2010-08-12,972357.5100000000
2010-08-13,965265.1500000000
2010-08-16,965979.3900000000
2010-08-17,980290.7900000000
2010-08-18,984061.1400000000
2010-08-19,967212.8500000000
2010-08-20,965332.9800000000
2010-08-23,957567.9900000000
2010-08-24,937942.8900000000
2010-08-25,943942.6100000000
2010-08-26,934575.3600000000
2010-08-27,949492.2300000000
2010-08-30,934982.9200000000
2010-08-31,932826.0600000001
2010-09-01,962717.5500000000
2010-09-02,974576.3700000000
2010-09-03,993965.9300000001
2010-09-07,979094.4300000001
2010-09-08,988182.0400000000
2010-09-09,989625.2100000000
2010-09-10,993525.3900000000
2010-09-13,1013235.4800000000
2010-09-14,1015816.6700000000
2010-09-15,1019413.4300000001
2010-09-16,1025267.4300000001
2010-09-17,1027950.2900000000
2010-09-20,1046725.1300000000
2010-09-21,1042482.6100000000
2010-09-22,1035785.3300000000
2010-09-23,1027666.7800000000
2010-09-24,1051358.0500000000
2010-09-27,1045000.0100000000
2010-09-28,1049146.7000000000
2010-09-29,1046790.0699999999
2010-09-30,1040014.3700000000
2010-10-01,1042428.4300000001
2010-10-04,1035316.9100000000
2010-10-05,1058567.8600000001
2010-10-06,1050452.6499999999
2010-10-07,1049433.9099999999
2010-10-08,1059178.4600000000
2010-10-11,1058167.1799999999
2010-10-12,1064860.9399999999
2010-10-13,1072805.8500000001
2010-10-14,1075171.0000000000
2010-10-15,1080585.9399999999
2010-10-18,1082918.2100000000
2010-10-19,1066016.9500000000
2010-10-20,1078587.9900000000
2010-10-21,1082998.6200000001
2010-10-22,1086381.1200000001
2010-10-25,1091240.8600000001
2010-10-26,1089587.7100000000
2010-10-27,1087933.2400000000
2010-10-28,1089616.7500000000
2010-10-29,1089085.8899999999
2010-11-01,1091490.7600000000
2010-11-02,1101657.6899999999
2010-11-03,1105549.9900000000
2010-11-04,1127312.4500000000
2010-11-05,1131380.9299999999
2010-11-08,1129251.3899999999
2010-11-09,1118136.5200000000
2010-11-10,1123690.5300000000
2010-11-11,1118320.6599999999
2010-11-12,1105070.5400000000
2010-11-15,1104828.8500000001
2010-11-16,1084566.9199999999
2010-11-17,1086662.5000000000
2010-11-18,1106152.7100000000
2010-11-19,1111262.3000000000
2010-11-22,1115772.1599999999
2010-11-23,1101725.9299999999
2010-11-24,1122334.2100000000
2010-11-26,1117365.8400000001
2010-11-29,1113847.9299999999
2010-11-30,1108728.9299999999
2010-12-01,1133339.3200000001
2010-12-02,1145689.9099999999
2010-12-03,1149020.5700000001
2010-12-06,1149460.8500000001
2010-12-07,1149206.7600000000
2010-12-08,1149667.2200000000
2010-12-09,1149730.8700000001
2010-12-10,1154247.9299999999
2010-12-13,1152009.1399999999
2010-12-14,1150736.6699999999
2010-12-15,1144379.6299999999
2010-12-16,1150922.7500000000
2010-12-17,1154014.7400000000
2010-12-20,1156794.6100000001
2010-12-21,1166746.8700000001
2010-12-22,1167898.1499999999
2010-12-23,1163890.1599999999
2010-12-27,1163769.3200000001
2010-12-28,1162308.8200000001
2010-12-29,1164317.5100000000
2010-12-30,1161879.6699999999
2010-12-31,1160123.0700000001
2011-01-03,1175461.7100000000
2011-01-04,1170975.9099999999
2011-01-05,1182332.7800000000
2011-01-06,1180121.8500000001
2011-01-07,1180227.2200000000
2011-01-10,1182034.7900000000
2011-01-11,1183425.9600000000
2011-01-12,1188724.2700000000
2011-01-13,1191184.7300000000
2011-01-14,1200380.2900000000
2011-01-18,1204063.8400000001
2011-01-19,1190458.1399999999
2011-01-20,1181276.4299999999
2011-01-21,1180972.7800000000
2011-01-24,1190094.7000000000
2011-01-25,1188334.1399999999
2011-01-26,1194311.5100000000
2011-01-27,1198771.4099999999
2011-01-28,1171978.8400000001
2011-01-31,1179259.2300000000
2011-02-01,1195913.2300000000
2011-02-02,1196564.7900000000
2011-02-03,1200865.0800000001
2011-02-04,1207090.7600000000
2011-02-07,1214738.6399999999
2011-02-08,1224331.3799999999
2011-02-09,1228904.5400000000
2011-02-10,1231881.6699999999
2011-02-11,1242317.6799999999
2011-02-14,1244030.9299999999
2011-02-15,1240478.5900000001
2011-02-16,1247655.8300000001
2011-02-17,1245489.0700000001
2011-02-18,1244637.4600000000
2011-02-22,1213598.2100000000
2011-02-23,1201153.4099999999
2011-02-24,1205899.8300000001
2011-02-25,1223057.0100000000
2011-02-28,1229044.2600000000
2011-03-01,1206558.9700000000
2011-03-02,1209168.1899999999
2011-03-03,1235393.7500000000
2011-03-04,1228282.3400000001
2011-03-07,1215449.4600000000
2011-03-08,1228304.7900000000
2011-03-09,1224365.9700000000
2011-03-10,1204873.4700000000
2011-03-11,1212891.0500000000
2011-03-14,1204741.4600000000
2011-03-15,1192951.9900000000
2011-03-16,1169081.0100000000
2011-03-17,1181852.7500000000
2011-03-18,1187428.7900000000
2011-03-21,1211057.8400000001
2011-03-22,1206313.0800000001
2011-03-23,1211582.1699999999
2011-03-24,1228095.2800000000
2011-03-25,1237848.2600000000
2011-03-28,1232529.1899999999
2011-03-29,1243208.1100000001
2011-03-30,1249737.1399999999
2011-03-31,1250285.8700000001
2011-04-01,1256030.3700000001
2011-04-04,1255085.5600000001
2011-04-05,1252710.0000000000
2011-04-06,1248064.0300000000
2011-04-07,1245505.3100000001
2011-04-08,1240405.6200000001
2011-04-11,1233806.6399999999
2011-04-12,1221143.5200000000
2011-04-13,1228709.0300000000
2011-04-14,1230343.6499999999
2011-04-15,1235529.5100000000
2011-04-18,1222349.6899999999
2011-04-19,1232270.6100000001
2011-04-20,1255016.8400000001
2011-04-21,1268663.1499999999
2011-04-25,1265545.9800000000
2011-04-26,1276232.4800000000
2011-04-27,1278705.6399999999
2011-04-28,1276440.3899999999
2011-04-29,1281696.7400000000
2011-05-02,1276554.7400000000
2011-05-03,1264203.9800000000
2011-05-04,1249988.3799999999
2011-05-05,1241470.4399999999
2011-05-06,1247796.1899999999
2011-05-09,1256582.4900000000
2011-05-10,1269459.8899999999
2011-05-11,1251441.1100000001
2011-05-12,1255364.6200000001
2011-05-13,1240762.8500000001
2011-05-16,1228999.4800000000
2011-05-17,1223368.3600000001
2011-05-18,1242285.4500000000
2011-05-19,1246421.8100000001
2011-05-20,1238505.0200000000
2011-05-23,1220830.8200000001
2011-05-24,1219200.2700000000
2011-05-25,1229449.1200000001
2011-05-26,1238793.7800000000
2011-05-27,1243809.2900000000
2011-05-31,1257240.9399999999
2011-06-01,1227651.2800000000
2011-06-02,1231640.9099999999
2011-06-03,1217044.5900000001
2011-06-06,1203418.5100000000
2011-06-07,1202823.9600000000
2011-06-08,1194989.0300000000
2011-06-09,1202537.6699999999
2011-06-10,1182359.2400000000
2011-06-13,1177228.5700000001
2011-06-14,1196945.4700000000
2011-06-15,1175470.4399999999
2011-06-16,1173261.8300000001
2011-06-17,1176257.0700000001
2011-06-20,1183020.0100000000
2011-06-21,1209645.2600000000
2011-06-22,1202552.9500000000
2011-06-23,1207134.8000000000
2011-06-24,1192841.3300000001
2011-06-27,1206015.1899999999
2011-06-28,1228014.9099999999
2011-06-29,1233505.8400000001
2011-06-30,1250766.7700000000
2011-07-01,1273485.7500000000
2011-07-05,1278383.4900000000
2011-07-06,1282560.1499999999
2011-07-07,1294350.4199999999
2011-07-08,1286806.5400000000
2011-07-11,1262938.0000000000
2011-07-12,1252394.3100000001
2011-07-13,1257592.5800000001
2011-07-14,1246767.8300000001
2011-07-15,1257596.2200000000
2011-07-18,1249127.8400000001
2011-07-19,1275123.1599999999
2011-07-20,1271513.4399999999
2011-07-21,1284165.6599999999
2011-07-22,1283588.7900000000
2011-07-25,1280627.1599999999
2011-07-26,1276586.4299999999
2011-07-27,1245572.1399999999
2011-07-28,1237862.1599999999
2011-07-29,1231145.8000000000
2011-08-01,1230235.3100000001
2011-08-02,1192199.8000000000
2011-08-03,1199527.0100000000
2011-08-04,1134355.9600000000
2011-08-05,1132743.5600000001
2011-08-08,1056163.2700000000
2011-08-09,1109022.8400000001
2011-08-10,1068569.9900000000
2011-08-11,1113213.3300000001
2011-08-12,1125532.6100000001
2011-08-15,1147172.0100000000
2011-08-16,1130952.4199999999
2011-08-17,1128186.4199999999
2011-08-18,1065848.5000000000
2011-08-19,1043404.9399999999
2011-08-22,1046352.7500000000
2011-08-23,1089130.1000000001
2011-08-24,1103534.1399999999
2011-08-25,1084723.9099999999
2011-08-26,1108370.5200000000
2011-08-29,1140909.3100000001
2011-08-30,1147491.7400000000
2011-08-31,1151388.2400000000
2011-09-01,1137359.1100000001
2011-09-02,1107141.6799999999
2011-09-06,1101141.9099999999
2011-09-07,1131319.8899999999
2011-09-08,1117043.3799999999
2011-09-09,1089372.4199999999
2011-09-12,1093723.6000000001
2011-09-13,1109836.9900000000
2011-09-14,1126344.4600000000
2011-09-15,1144305.5200000000
2011-09-16,1151135.7100000000
2011-09-19,1147694.8400000001
2011-09-20,1144121.8300000001
2011-09-21,1113231.1799999999
2011-09-22,1075072.8999999999
2011-09-23,1077824.0100000000
2011-09-26,1100800.1799999999
2011-09-27,1110978.6599999999
2011-09-28,1091066.3400000001
2011-09-29,1090138.3500000001
2011-09-30,1061562.3600000001
2011-10-03,1032760.4500000000
2011-10-04,1051416.2700000000
2011-10-05,1072937.3799999999
2011-10-06,1090082.7900000000
2011-10-07,1084395.8600000001
2011-10-10,1122432.5500000000
2011-10-11,1125996.6899999999
2011-10-12,1132954.4700000000
2011-10-13,1134710.4900000000
2011-10-14,1162624.5700000001
2011-10-17,1144127.5000000000
2011-10-18,1156460.8700000001
2011-10-19,1136953.8799999999
2011-10-20,1140936.3300000001
2011-10-21,1161955.0000000000
2011-10-24,1178652.8200000001
2011-10-25,1156543.0000000000
2011-10-26,1164330.7300000000
2011-10-27,1198170.9500000000
2011-10-28,1201808.6200000001
2011-10-31,1172852.6200000001
2011-11-01,1144572.6699999999
2011-11-02,1163547.2600000000
2011-11-03,1185563.4600000000
2011-11-04,1180027.0700000001
2011-11-07,1184512.4800000000
2011-11-08,1197318.5500000000
2011-11-09,1156225.8799999999
2011-11-10,1164946.1899999999
2011-11-11,1186721.0100000000
2011-11-14,1178543.6399999999
2011-11-15,1184078.0800000001
2011-11-16,1166728.1299999999
2011-11-17,1148022.3799999999
2011-11-18,1143535.2900000000
2011-11-21,1123106.7400000000
2011-11-22,1123696.8100000001
2011-11-23,1097578.1200000001
2011-11-25,1091392.9399999999
2011-11-28,1126251.5800000001
2011-11-29,1129898.7200000000
2011-11-30,1174643.3500000001
2011-12-01,1174809.6100000001
2011-12-02,1172538.5200000000
2011-12-05,1181563.6299999999
2011-12-06,1181247.9099999999
2011-12-07,1180483.7100000000
2011-12-08,1161154.7800000000
2011-12-09,1180724.7900000000
2011-12-12,1164962.5900000001
2011-12-13,1154440.0900000001
2011-12-14,1134871.5300000000
2011-12-15,1135297.7700000000
2011-12-16,1137134.7200000000
2011-12-19,1128922.2600000000
2011-12-20,1164018.5700000001
2011-12-21,1165053.7200000000
2011-12-22,1171951.5800000001
2011-12-23,1183442.1699999999
2011-12-27,1186578.4900000000
2011-12-28,1172055.4700000000
2011-12-29,1183014.4900000000
2011-12-30,1177099.1299999999
2012-01-03,1194818.8300000001
2012-01-04,1197257.2600000000
2012-01-05,1198339.8899999999
2012-01-06,1196411.7500000000
2012-01-09,1196560.3200000001
2012-01-10,1203391.4399999999
2012-01-11,1198541.2100000000
2012-01-12,1193877.3700000001
2012-01-13,1191865.0000000000
2012-01-17,1199166.7000000000
2012-01-18,1209977.4900000000
2012-01-19,1215360.5800000001
2012-01-20,1217539.7700000000
2012-01-23,1221704.4099999999
2012-01-24,1220270.6899999999
2012-01-25,1238032.6200000001
2012-01-26,1231983.8100000001
2012-01-27,1230384.4299999999
2012-01-30,1229514.9099999999
2012-01-31,1228346.0700000001
2012-02-01,1233183.8400000001
2012-02-02,1234186.8500000001
2012-02-03,1251103.1200000001
2012-02-06,1252306.6599999999
2012-02-07,1257634.1799999999
2012-02-08,1259322.9099999999
2012-02-09,1266099.1100000001
2012-02-10,1259797.4099999999
2012-02-13,1271150.1899999999
2012-02-14,1274518.9299999999
2012-02-15,1264483.4299999999
2012-02-16,1274469.2900000000
2012-02-17,1278346.1000000001
2012-02-21,1285075.5700000001
2012-02-22,1286716.7100000000
2012-02-23,1292553.9299999999
2012-02-24,1297797.3700000001
2012-02-27,1298026.2400000000
2012-02-28,1303531.7000000000
2012-02-29,1297851.8700000001
2012-03-01,1306316.6699999999
2012-03-02,1302630.3200000001
2012-03-05,1298966.5100000000
2012-03-06,1280922.1499999999
2012-03-07,1289521.5300000000
2012-03-08,1302584.5000000000
2012-03-09,1305151.1100000001
2012-03-12,1306225.6100000001
2012-03-13,1326156.7000000000
2012-03-14,1328244.3600000001
2012-03-15,1331862.2400000000
2012-03-16,1336486.7100000000
2012-03-19,1343489.7600000000
2012-03-20,1342176.0200000000
2012-03-21,1341759.5200000000
2012-03-22,1340890.6899999999
2012-03-23,1341202.0800000001
2012-03-26,1359958.7200000000
2012-03-27,1361101.9500000000
2012-03-28,1355713.0300000000
2012-03-29,1356243.1899999999
2012-03-30,1359764.9399999999
2012-04-02,1372120.6599999999
2012-04-03,1375543.1699999999
2012-04-04,1366685.2600000000
2012-04-05,1373775.8400000001
2012-04-09,1363714.8400000001
2012-04-10,1342179.6399999999
2012-04-11,1351216.3000000000
2012-04-12,1360273.0400000000
2012-04-13,1355257.0200000000
2012-04-16,1348317.8500000001
2012-04-17,1366959.7900000000
2012-04-18,1363750.3500000001
2012-04-19,1354281.3200000001
2012-04-20,1358854.8999999999
2012-04-23,1347044.0900000001
2012-04-24,1344079.3700000001
2012-04-25,1371640.6699999999
2012-04-26,1379997.4500000000
2012-04-27,1386249.2800000000
2012-04-30,1378747.1200000001
2012-05-01,1383613.6699999999
2012-05-02,1388248.2100000000
2012-05-03,1378970.7900000000
2012-05-04,1360680.4700000000
2012-05-07,1360378.6499999999
2012-05-08,1352953.3100000001
2012-05-09,1342406.5600000001
2012-05-10,1348598.3000000000
2012-05-11,1348695.6100000001
2012-05-14,1335031.5700000001
2012-05-15,1333298.3300000001
2012-05-16,1331748.9900000000
2012-05-17,1305694.8100000001
2012-05-18,1299211.8899999999
2012-05-21,1321429.6499999999
2012-05-22,1324231.7400000000
2012-05-23,1324770.0600000001
2012-05-24,1331393.5100000000
2012-05-25,1327910.1599999999
2012-05-29,1339814.6899999999
2012-05-30,1330805.7300000000
2012-05-31,1326276.8600000001
2012-06-01,1293065.6299999999
2012-06-04,1297790.6000000001
2012-06-05,1301696.2000000000
2012-06-06,1326760.0000000000
2012-06-07,1325953.2500000000
2012-06-08,1335522.8600000001
2012-06-11,1322705.9700000000
2012-06-12,1334793.2600000000
2012-06-13,1327378.2800000000
2012-06-14,1343512.4299999999
2012-06-15,1354054.9399999999
2012-06-18,1364003.4500000000
2012-06-19,1370896.9800000000
2012-06-20,1366391.0400000000
2012-06-21,1339331.1899999999
2012-06-22,1351385.0700000001
2012-06-25,1334026.2900000000
2012-06-26,1339280.7900000000
2012-06-27,1341529.6100000001
2012-06-28,1334751.5600000001
2012-06-29,1359375.2900000000
2012-07-02,1367631.6399999999
2012-07-03,1370441.3500000001
2012-07-05,1373831.0200000000
2012-07-06,1366248.0700000001
2012-07-09,1367682.8799999999
2012-07-10,1359635.5000000000
2012-07-11,1355028.5600000001
2012-07-12,1354108.4399999999
2012-07-13,1370813.4700000000
2012-07-16,1369712.9199999999
2012-07-17,1376255.7700000000
2012-07-18,1382367.6299999999
2012-07-19,1387206.6000000001
2012-07-20,1368512.2300000000
2012-07-23,1354025.9199999999
2012-07-24,1344319.6000000001
2012-07-25,1339046.6100000001
2012-07-26,1359689.2000000000
2012-07-27,1380571.1100000001
2012-07-30,1382457.9900000000
2012-07-31,1374104.0100000000
2012-08-01,1366003.4299999999
2012-08-02,1361567.9600000000
2012-08-03,1381528.8100000001
2012-08-06,1382567.4399999999
2012-08-07,1382661.2000000000
2012-08-08,1380607.6499999999
2012-08-09,1376735.5900000001
2012-08-10,1380791.3899999999
2012-08-13,1381347.4600000000
2012-08-14,1385259.7900000000
2012-08-15,1387548.3700000001
2012-08-16,1394399.6899999999
2012-08-17,1397027.5800000001
2012-08-20,1399025.2900000000
2012-08-21,1391695.3600000001
2012-08-22,1393346.9800000000
2012-08-23,1382694.5900000001
2012-08-24,1393503.0300000000
2012-08-27,1396385.5700000001
2012-08-28,1397322.9299999999
2012-08-29,1397628.6899999999
2012-08-30,1388785.2800000000
2012-08-31,1392649.5700000001
2012-09-04,1395871.0500000000
2012-09-05,1391199.2100000000
2012-09-06,1413777.9399999999
2012-09-07,1410503.6100000001
2012-09-10,1402465.5100000000
2012-09-11,1402021.2100000000
2012-09-12,1402968.9700000000
2012-09-13,1422974.5000000000
2012-09-14,1421779.8100000001
2012-09-17,1426136.8300000001
2012-09-18,1427558.8600000001
2012-09-19,1429625.9900000000
2012-09-20,1432126.8999999999
2012-09-21,1434618.0200000000
2012-09-24,1435095.1000000001
2012-09-25,1426061.9399999999
2012-09-26,1420525.7900000000
2012-09-27,1429950.1000000001
2012-09-28,1423473.9800000000
2012-10-01,1428051.2900000000
2012-10-02,1430887.4900000000
2012-10-03,1444406.1599999999
2012-10-04,1450236.2000000000
2012-10-05,1452427.4399999999
2012-10-08,1444068.7100000000
2012-10-09,1428265.4600000000
2012-10-10,1424226.1000000001
2012-10-11,1415080.9399999999
2012-10-12,1414236.6799999999
2012-10-15,1427688.2000000000
2012-10-16,1437533.6200000001
2012-10-17,1441783.0800000001
2012-10-18,1438466.9900000000
2012-10-19,1416871.7600000000
2012-10-22,1418238.8799999999
2012-10-23,1399627.9299999999
2012-10-24,1397633.5900000001
2012-10-25,1397918.7900000000
2012-10-26,1396056.3700000001
2012-10-31,1394810.7400000000
2012-11-01,1400996.5000000000
2012-11-02,1389428.8500000001
2012-11-05,1389838.0200000000
2012-11-06,1395482.9399999999
2012-11-07,1371373.3100000001
2012-11-08,1355327.2900000000
2012-11-09,1358551.1799999999
2012-11-12,1359910.3000000000
2012-11-13,1361242.5400000000
2012-11-14,1343159.9199999999
2012-11-15,1334470.8300000001
2012-11-16,1343472.8799999999
2012-11-19,1370892.2200000000
2012-11-20,1375142.4600000000
2012-11-21,1377420.1200000001
2012-11-23,1393771.1699999999
2012-11-26,1391329.3000000000
2012-11-27,1384170.9099999999
2012-11-28,1395440.2400000000
2012-11-29,1403395.6499999999
2012-11-30,1406331.4600000000
2012-12-03,1402100.1299999999
2012-12-04,1396451.7100000000
2012-12-05,1391935.5400000000
2012-12-06,1395393.0800000001
2012-12-07,1396469.6799999999
2012-12-10,1394570.5100000000
2012-12-11,1401075.8899999999
2012-12-12,1399188.0100000000
2012-12-13,1390076.5600000001
2012-12-14,1381233.1000000001
2012-12-17,1394153.1100000001
2012-12-18,1403032.4900000000
2012-12-19,1387699.6499999999
2012-12-20,1391652.7900000000
2012-12-21,1379960.7900000000
2012-12-24,1379323.4299999999
2012-12-26,1369973.2800000000
2012-12-27,1370156.0900000001
2012-12-28,1357194.2900000000
2012-12-31,1379281.5400000000
2013-01-02,1415563.4299999999
2013-01-03,1414755.2000000000
2013-01-04,1416859.8600000001
2013-01-07,1412400.0800000001
2013-01-08,1408468.2300000000
2013-01-09,1412281.8899999999
2013-01-10,1420197.1499999999
2013-01-11,1419565.7500000000
2013-01-14,1415344.3200000001
2013-01-15,1412248.5500000000
2013-01-16,1411556.2100000000
2013-01-17,1418458.3300000001
2013-01-18,1421451.6200000001
2013-01-22,1426648.5200000000
2013-01-23,1427827.3500000001
2013-01-24,1421034.5400000000
2013-01-25,1423064.3700000001
2013-01-28,1422821.9399999999
2013-01-29,1433655.9900000000
2013-01-30,1429400.6899999999
2013-01-31,1428241.8100000001
2013-02-01,1439686.9199999999
2013-02-04,1423832.7800000000
2013-02-05,1438571.9399999999
2013-02-06,1438870.2000000000
2013-02-07,1440317.9399999999
2013-02-08,1447661.7700000000
2013-02-11,1446100.8600000001
2013-02-12,1443813.1699999999
2013-02-13,1444590.5600000001
2013-02-14,1440131.1599999999
2013-02-15,1444439.6000000001
2013-02-19,1452047.2900000000
2013-02-20,1443008.9199999999
2013-02-21,1440178.4800000000
2013-02-22,1451935.8200000001
2013-02-25,1433959.7000000000
2013-02-26,1444188.5400000000
2013-02-27,1458451.9700000000
2013-02-28,1455768.2500000000
2013-03-01,1458659.9299999999
2013-03-04,1470357.1599999999
2013-03-05,1482725.8600000001
2013-03-06,1478963.9199999999
2013-03-07,1477590.4600000000
2013-03-08,1483152.6299999999
2013-03-11,1486842.4500000000
2013-03-12,1484685.2100000000
2013-03-13,1486101.5400000000
2013-03-14,1491221.5000000000
2013-03-15,1484744.9500000000
2013-03-18,1478935.5500000000
2013-03-19,1478761.6000000001
2013-03-20,1494788.1100000001
2013-03-21,1483726.9199999999
2013-03-22,1494514.9700000000
2013-03-25,1489966.5100000000
2013-03-26,1503130.3799999999
2013-03-27,1503352.8200000001
2013-03-28,1514620.2700000000
2013-04-01,1509456.9099999999
2013-04-02,1523400.7800000000
2013-04-03,1503155.0500000000
2013-04-04,1509994.9700000000
2013-04-05,1504593.6799999999
2013-04-08,1517820.8700000001
2013-04-09,1517419.8200000001
2013-04-10,1536196.1200000001
2013-04-11,1545271.8799999999
2013-04-12,1544885.0000000000
2013-04-15,1512862.1699999999
2013-04-16,1539382.7200000000
2013-04-17,1521484.4299999999
2013-04-18,1505986.2500000000
2013-04-19,1533641.3500000001
2013-04-22,1537365.1200000001
2013-04-23,1552748.2800000000
2013-04-24,1541399.4600000000
2013-04-25,1546841.1399999999
2013-04-26,1542676.6499999999
2013-04-29,1550891.6200000001
2013-04-30,1542429.8500000001
2013-05-01,1531439.7900000000
2013-05-02,1552309.1399999999
2013-05-03,1570856.8999999999
2013-05-06,1576501.0500000000
2013-05-07,1581455.1699999999
2013-05-08,1587049.1299999999
2013-05-09,1583647.6100000001
2013-05-10,1592955.4399999999
2013-05-13,1598124.4199999999
2013-05-14,1619673.6699999999
2013-05-15,1631278.7900000000
2013-05-16,1612517.8000000000
2013-05-17,1625857.9600000000
2013-05-20,1617688.0300000000
2013-05-21,1620903.6699999999
2013-05-22,1612060.9099999999
2013-05-23,1605215.8999999999
2013-05-24,1609048.2600000000
2013-05-28,1620647.6899999999
2013-05-29,1602215.2800000000
2013-05-30,1608255.0500000000
2013-05-31,1582438.3000000000
2013-06-03,1585322.2300000000
2013-06-04,1572276.1299999999
2013-06-05,1547374.3999999999
2013-06-06,1567339.8100000001
2013-06-07,1588894.0900000001
2013-06-10,1586616.7900000000
2013-06-11,1573171.3000000000
2013-06-12,1556804.6000000001
2013-06-13,1581778.0800000001
2013-06-14,1575910.7600000000
2013-06-17,1584703.7400000000
2013-06-18,1597897.8000000000
2013-06-19,1576948.6399999999
2013-06-20,1534712.0700000001
2013-06-21,1540000.4099999999
2013-06-24,1520957.9700000000
2013-06-25,1535795.8799999999
2013-06-26,1553408.1200000001
2013-06-27,1563434.8700000001
2013-06-28,1561316.2600000000
2013-07-01,1568806.7300000000
2013-07-02,1566512.4600000000
2013-07-03,1569588.0700000001
2013-07-05,1586820.3500000001
2013-07-08,1596542.0900000001
2013-07-09,1606399.3999999999
2013-07-10,1605788.6200000001
2013-07-11,1629664.2400000000
2013-07-12,1641223.7300000000
2013-07-15,1638374.5600000001
2013-07-16,1629199.8100000001
2013-07-17,1634991.9199999999
2013-07-18,1638520.0400000000
2013-07-19,1644810.5100000000
2013-07-22,1650522.3500000001
2013-07-23,1647496.0500000000
2013-07-24,1639092.9099999999
2013-07-25,1643450.2300000000
2013-07-26,1644490.3200000001
2013-07-29,1637404.4299999999
2013-07-30,1636945.0300000000
2013-07-31,1637264.7400000000
2013-08-01,1658947.6499999999
2013-08-02,1665823.7400000000
2013-08-05,1662106.5000000000
2013-08-06,1656365.6599999999
2013-08-07,1649419.0500000000
2013-08-08,1654071.1000000001
2013-08-09,1646533.1799999999
2013-08-12,1642494.2500000000
2013-08-13,1647008.8100000001
2013-08-14,1633594.1699999999
2013-08-15,1605580.5600000001
2013-08-16,1600739.2800000000
2013-08-19,1592915.0900000001
2013-08-20,1602602.6799999999
2013-08-21,1595406.7500000000
2013-08-22,1609156.4399999999
2013-08-23,1611366.3000000000
2013-08-26,1605349.0500000000
2013-08-27,1580336.3100000001
2013-08-28,1584515.2000000000
2013-08-29,1589897.3799999999
2013-08-30,1582420.1299999999
2013-09-03,1593616.8799999999
2013-09-04,1605138.1499999999
2013-09-05,1603495.2200000000
2013-09-06,1603278.8500000001
2013-09-09,1616086.4099999999
2013-09-10,1627682.6799999999
2013-09-11,1638932.5900000001
2013-09-12,1633881.5800000001
2013-09-13,1641353.4700000000
2013-09-16,1652210.9199999999
2013-09-17,1656556.3500000001
2013-09-18,1675521.1599999999
2013-09-19,1673501.6899999999
2013-09-20,1666832.2700000000
2013-09-23,1645141.6599999999
2013-09-24,1642799.0300000000
2013-09-25,1640590.5600000001
2013-09-26,1648991.1399999999
2013-09-27,1646545.4299999999
2013-09-30,1636394.0400000000
2013-10-01,1650233.7500000000
2013-10-02,1648450.8000000000
2013-10-03,1633647.6499999999
2013-10-04,1652246.6899999999
2013-10-07,1631387.5100000000
2013-10-08,1604507.9600000000
2013-10-09,1606592.7900000000
2013-10-10,1652449.3300000001
2013-10-11,1664014.6799999999
2013-10-14,1671815.9800000000
2013-10-15,1658845.3600000001
2013-10-16,1689255.7300000000
2013-10-17,1702808.5000000000
2013-10-18,1706626.5000000000
2013-10-21,1702563.3200000001
2013-10-22,1708934.8000000000
2013-10-23,1698986.6599999999
2013-10-24,1705084.2400000000
2013-10-25,1706432.2700000000
2013-10-28,1702793.7600000000
2013-10-29,1714803.0000000000
2013-10-30,1708405.3899999999
2013-10-31,1698067.5700000001
2013-11-01,1706034.5800000001
2013-11-04,1707162.7800000000
2013-11-05,1705011.2700000000
2013-11-06,1701662.2200000000
2013-11-07,1676473.2100000000
2013-11-08,1713474.5400000000
2013-11-11,1717120.5000000000
2013-11-12,1711685.8700000001
2013-11-13,1728621.8200000001
2013-11-14,1742399.5900000001
2013-11-15,1749144.0800000001
2013-11-18,1744631.1200000001
2013-11-19,1745318.1799999999
2013-11-20,1742028.4900000000
2013-11-21,1763710.7400000000
2013-11-22,1776740.4600000000
2013-11-25,1779125.3100000001
2013-11-26,1778496.6000000001
2013-11-27,1782967.1599999999
2013-11-29,1779903.1699999999
2013-12-02,1775222.9199999999
2013-12-03,1760490.0100000000
2013-12-04,1758965.7900000000
2013-12-05,1750473.1000000001
2013-12-06,1773180.6599999999
2013-12-09,1778808.8500000001
2013-12-10,1773491.7400000000
2013-12-11,1749705.0900000001
2013-12-12,1744861.7100000000
2013-12-13,1748760.8300000001
2013-12-16,1756563.5700000001
2013-12-17,1746238.8400000001
2013-12-18,1781658.1899999999
2013-12-19,1780393.1799999999
2013-12-20,1788336.2200000000
2013-12-23,1797417.2500000000
2013-12-24,1800497.6499999999
2013-12-26,1807830.0200000000
2013-12-27,1804019.8300000001
2013-12-30,1803643.3500000001
2013-12-31,1810321.4500000000
2014-01-02,1803896.2900000000
2014-01-03,1809048.6899999999
2014-01-06,1804406.7100000000
2014-01-07,1811575.0600000001
2014-01-08,1819680.8600000001
2014-01-09,1826588.6200000001
2014-01-10,1827795.7800000000
2014-01-13,1799499.3799999999
2014-01-14,1817492.8000000000
2014-01-15,1828470.0900000001
2014-01-16,1823666.0800000001
2014-01-17,1817797.4099999999
2014-01-21,1821940.1399999999
2014-01-22,1830652.8200000001
2014-01-23,1808146.2300000000
2014-01-24,1762561.7300000000
2014-01-27,1749719.2900000000
2014-01-28,1769383.0100000000
2014-01-29,1747218.5100000000
2014-01-30,1767955.0500000000
2014-01-31,1750746.0600000001
2014-02-03,1705915.9500000000
2014-02-04,1720281.9700000000
2014-02-05,1717838.8700000001
2014-02-06,1739367.4600000000
2014-02-07,1763950.6399999999
2014-02-10,1766308.3999999999
2014-02-11,1786862.2700000000
2014-02-12,1787812.7000000000
2014-02-13,1797430.7100000000
2014-02-14,1802048.8100000001
2014-02-18,1808726.9399999999
2014-02-19,1790943.5800000001
2014-02-20,1803334.3100000001
2014-02-21,1802087.5000000000
2014-02-24,1816425.1200000001
2014-02-25,1813246.0000000000
2014-02-26,1813943.3100000001
2014-02-27,1824241.5300000000
2014-02-28,1828752.0700000001
2014-03-03,1813279.9500000000
2014-03-04,1847696.7200000000
2014-03-05,1856575.6599999999
2014-03-06,1857895.8400000001
2014-03-07,1861563.0700000001
2014-03-10,1860520.7500000000
2014-03-11,1845087.7000000000
2014-03-12,1842739.7500000000
2014-03-13,1817271.0500000000
2014-03-14,1804801.9299999999
2014-03-17,1823962.2700000000
2014-03-18,1837920.8700000001
2014-03-19,1834842.6499999999
2014-03-20,1850581.8799999999
2014-03-21,1839260.3400000001
2014-03-24,1820201.3500000001
2014-03-25,1821920.5300000000
2014-03-26,1799370.7400000000
2014-03-27,1789295.8700000001
2014-03-28,1792143.2200000000
2014-03-31,1813147.8600000001
2014-04-01,1837233.3000000000
2014-04-02,1843247.8899999999
2014-04-03,1835035.7200000000
2014-04-04,1791195.1399999999
2014-04-07,1765464.9800000000
2014-04-08,1767888.2400000000
2014-04-09,1803744.0100000000
2014-04-10,1744529.1299999999
2014-04-11,1723545.5300000000
2014-04-14,1741135.7000000000
2014-04-15,1756087.0300000000
2014-04-16,1782946.6399999999
2014-04-17,1781119.4099999999
2014-04-21,1790404.6599999999
2014-04-22,1803219.1000000001
2014-04-23,1803357.0700000001
2014-04-24,1796244.9099999999
2014-04-25,1769069.7100000000
2014-04-28,1759127.5300000000
2014-04-29,1780965.8400000001
2014-04-30,1791450.7900000000
2014-05-01,1795138.5600000001
2014-05-02,1793609.5500000000
2014-05-05,1805160.8200000001
2014-05-06,1780149.8400000001
2014-05-07,1782784.1000000001
2014-05-08,1780832.9299999999
2014-05-09,1787228.0700000001
2014-05-12,1815973.0900000001
2014-05-13,1816611.3500000001
2014-05-14,1802201.5800000001
2014-05-15,1783044.5300000000
2014-05-16,1785986.4199999999
2014-05-19,1804306.3200000001
2014-05-20,1790529.8899999999
2014-05-21,1812028.0700000001
2014-05-22,1822481.4199999999
2014-05-23,1834093.0300000000
2014-05-27,1854966.1200000001
2014-05-28,1852888.2100000000
2014-05-29,1863426.6699999999
2014-05-30,1863335.9700000000
2014-06-02,1868036.7000000000
2014-06-03,1865190.6899999999
2014-06-04,1870489.1100000001
2014-06-05,1883743.0000000000
2014-06-06,1892134.0200000000
2014-06-09,1891314.5600000001
2014-06-10,1890005.6299999999
2014-06-11,1884718.6200000001
2014-06-12,1864212.8000000000
2014-06-13,1869287.4800000000
2014-06-16,1864856.7800000000
2014-06-17,1868930.0500000000
2014-06-18,1882950.2200000000
2014-06-19,1882962.0300000000
2014-06-20,1888929.9500000000
2014-06-23,1887607.0700000001
2014-06-24,1876981.7800000000
2014-06-25,1890642.9399999999
2014-06-26,1890823.1799999999
2014-06-27,1896045.0300000000
2014-06-30,1891800.7500000000
2014-07-01,1916336.3700000001
2014-07-02,1916968.5100000000
2014-07-03,1928951.0800000001
2014-07-07,1914195.7100000000
2014-07-08,1890327.8300000001
2014-07-09,1904056.1899999999
2014-07-10,1896459.4099999999
2014-07-11,1904331.3300000001
2014-07-14,1918406.1200000001
2014-07-15,1915216.4500000000
2014-07-16,1908274.1699999999
2014-07-17,1881812.5900000001
2014-07-18,1913236.2600000000
2014-07-21,1906845.1100000001
2014-07-22,1921064.0600000001
2014-07-23,1928350.5100000000
2014-07-24,1932452.7900000000
2014-07-25,1923019.6499999999
2014-07-28,1923794.9800000000
2014-07-29,1915965.5900000001
2014-07-30,1925958.0500000000
2014-07-31,1882720.3999999999
2014-08-01,1877660.3500000001
2014-08-04,1892063.6899999999
2014-08-05,1877062.4900000000
2014-08-06,1869031.5500000000
2014-08-07,1858059.0600000001
2014-08-08,1879624.4199999999
2014-08-11,1884235.6499999999
2014-08-12,1879212.2700000000
2014-08-13,1898595.9500000000
2014-08-14,1910978.7900000000
2014-08-15,1911822.8100000001
2014-08-18,1934405.8100000001
2014-08-19,1941646.9600000000
2014-08-20,1947310.6000000001
2014-08-21,1953457.0300000000
2014-08-22,1954227.7300000000
2014-08-25,1965730.7500000000
2014-08-26,1964398.0100000000
2014-08-27,1960122.0500000000
2014-08-28,1954451.6000000001
2014-08-29,1958702.3000000000
2014-09-02,1967607.5400000000
2014-09-03,1965192.7300000000
2014-09-04,1960958.1000000001
2014-09-05,1967817.7200000000
2014-09-08,1974315.8700000001
2014-09-09,1959233.8999999999
2014-09-10,1971576.4700000000
2014-09-11,1967470.8500000001
2014-09-12,1959182.7500000000
2014-09-15,1947137.6599999999
2014-09-16,1967328.6299999999
2014-09-17,1970017.9399999999
2014-09-18,1985926.9399999999
2014-09-19,1984503.2600000000
2014-09-22,1964899.3600000001
2014-09-23,1961521.0900000001
2014-09-24,1980908.1299999999
2014-09-25,1945249.6100000001
2014-09-26,1970700.8000000000
2014-09-29,1970043.7100000000
2014-09-30,1960873.3100000001
2014-10-01,1925433.1799999999
2014-10-02,1920813.7800000000
2014-10-03,1942855.8700000001
2014-10-06,1936904.8899999999
2014-10-07,1908636.6599999999
2014-10-08,1943305.4600000000
2014-10-09,1898989.5500000000
2014-10-10,1858660.3500000001
2014-10-13,1812983.2700000000
2014-10-14,1814030.6399999999
2014-10-15,1803949.3600000001
2014-10-16,1809330.7600000000
2014-10-17,1841659.4299999999
2014-10-20,1863927.8799999999
2014-10-21,1913553.3400000001
2014-10-22,1893541.5500000000
2014-10-23,1922496.3600000001
2014-10-24,1940651.3000000000
2014-10-27,1932458.6000000001
2014-10-28,1958606.1399999999
2014-10-29,1953442.9399999999
2014-10-30,1954169.8799999999
2014-10-31,1981925.8300000001
2014-11-03,1981647.1399999999
2014-11-04,1969518.6100000001
2014-11-05,1980946.7300000000
2014-11-06,1996383.1100000001
2014-11-07,1994099.2700000000
2014-11-10,1998745.2400000000
2014-11-11,2003273.7900000000
2014-11-12,2002925.1599999999
2014-11-13,2007450.4299999999
2014-11-14,2014208.3300000001
2014-11-17,2011368.9900000000
2014-11-18,2030056.8799999999
2014-11-19,2019148.1399999999
2014-11-20,2029048.2900000000
2014-11-21,2036344.2100000000
2014-11-24,2048723.3799999999
2014-11-25,2044779.1399999999
2014-11-26,2054211.4700000000
2014-11-28,2035463.4700000000
2014-12-01,2013882.4099999999
2014-12-02,2025175.6799999999
2014-12-03,2035142.3000000000
2014-12-04,2040142.9900000000
2014-12-05,2041646.9399999999
2014-12-08,2015308.0700000001
2014-12-09,2018629.2300000000
2014-12-10,1984210.2600000000
2014-12-11,1994715.2100000000
2014-12-12,1967848.7400000000
2014-12-15,1955642.8000000000
2014-12-16,1932747.9399999999
2014-12-17,1974076.9500000000
2014-12-18,2025787.8100000001
2014-12-19,2036888.7800000000
2014-12-22,2039297.8100000001
2014-12-23,2039414.0500000000
2014-12-24,2037933.5200000000
2014-12-26,2045484.2800000000
2014-12-29,2046549.3799999999
2014-12-30,2032410.8100000001
2014-12-31,2010985.8200000001
2015-01-02,2010660.0700000001
2015-01-05,1972593.5400000000
2015-01-06,1951207.0300000000
2015-01-07,1976241.8600000001
2015-01-08,2022134.1799999999
2015-01-09,2011933.6599999999
2015-01-12,1985345.4900000000
2015-01-13,1980148.1299999999
2015-01-14,1971642.7400000000
2015-01-15,1948335.3000000000
2015-01-16,1979432.3600000001
2015-01-20,1991008.0100000000
2015-01-21,2005193.2100000000
2015-01-22,2035784.6499999999
2015-01-23,2032537.8100000001
2015-01-26,2038713.2900000000
2015-01-27,1995463.9700000000
2015-01-28,1974817.6299999999
2015-01-29,2002471.1299999999
2015-01-30,1972099.2200000000
2015-02-02,1996108.2700000000
2015-02-03,2022990.9700000000
2015-02-04,2018732.9099999999
2015-02-05,2043847.5800000001
2015-02-06,2033016.1699999999
2015-02-09,2023807.8999999999
2015-02-10,2048198.4600000000
2015-02-11,2054862.4900000000
2015-02-12,2080559.9700000000
2015-02-13,2094649.6000000001
2015-02-17,2103636.9600000000
2015-02-18,2104270.2999999998
2015-02-19,2109259.2599999998
2015-02-20,2121394.3900000001
2015-02-23,2124443.7200000002
2015-02-24,2123850.9700000002
2015-02-25,2113992.7000000002
2015-02-26,2112527.1200000001
2015-02-27,2101753.2500000000
2015-03-02,2117748.8300000001
2015-03-03,2106578.2799999998
2015-03-04,2101429.8199999998
2015-03-05,2097930.3500000001
2015-03-06,2070245.2300000000
2015-03-09,2074971.4399999999
2015-03-10,2035826.2000000000
2015-03-11,2036126.5900000001
2015-03-12,2052277.8500000001
2015-03-13,2042816.4900000000
2015-03-16,2068005.3200000001
2015-03-17,2066485.0700000001
2015-03-18,2094351.6499999999
2015-03-19,2090223.2200000000
2015-03-20,2110112.2799999998
2015-03-23,2106823.2200000002
2015-03-24,2095122.0900000001
2015-03-25,2060601.9099999999
2015-03-26,2053686.4600000000
2015-03-27,2071937.7200000000
2015-03-30,2097291.8199999998
2015-03-31,2074792.8799999999
2015-04-01,2066158.1899999999
2015-04-02,2073652.5500000000
2015-04-06,2085005.8200000001
2015-04-07,2074596.1299999999
2015-04-08,2081870.2700000000
2015-04-09,2079498.9500000000
2015-04-10,2088790.9900000000
2015-04-13,2075626.3500000001
2015-04-14,2073550.7600000000
2015-04-15,2071661.5500000000
2015-04-16,2072916.0200000000
2015-04-17,2049411.3999999999
2015-04-20,2069899.0600000001
2015-04-21,2068410.3000000000
2015-04-22,2073993.9299999999
2015-04-23,2078140.9500000000
2015-04-24,2079171.4500000000
2015-04-27,2066517.1200000001
2015-04-28,2066682.0700000001
2015-04-29,2041545.2200000000
2015-04-30,2013497.3000000000
2015-05-01,2047781.5100000000
2015-05-04,2053246.5600000001
2015-05-05,2020895.6299999999
2015-05-06,2019505.6899999999
2015-05-07,2036443.2600000000
2015-05-08,2065305.9500000000
2015-05-11,2050806.7600000000
2015-05-12,2044834.7500000000
2015-05-13,2038570.0000000000
2015-05-14,2068144.8400000001
2015-05-15,2076095.3500000001
2015-05-18,2082972.1200000001
2015-05-19,2081087.7800000000
2015-05-20,2073545.3400000001
2015-05-21,2077990.3400000001
2015-05-22,2075394.1899999999
2015-05-26,2055997.0300000000
2015-05-27,2082403.7400000000
2015-05-28,2080901.6399999999
2015-05-29,2075265.1899999999
2015-06-01,2079877.4399999999
2015-06-02,2066052.4399999999
2015-06-03,2061746.8799999999
2015-06-04,2044760.6200000001
2015-06-05,2030192.4800000000
2015-06-08,2016973.1000000001
2015-06-09,2015661.4099999999
2015-06-10,2036721.7900000000
2015-06-11,2045536.2900000000
2015-06-12,2030971.8999999999
2015-06-15,2024489.5100000000
2015-06-16,2036547.6899999999
2015-06-17,2043876.3400000001
2015-06-18,2069712.6399999999
2015-06-19,2059382.2600000000
2015-06-22,2066316.6200000001
2015-06-23,2060361.7700000000
2015-06-24,2044460.8999999999
2015-06-25,2043650.3899999999
2015-06-26,2042380.7200000000
2015-06-29,2006043.3300000001
2015-06-30,2010532.4299999999
2015-07-01,2030319.4299999999
2015-07-02,2031281.2100000000
2015-07-06,2030963.8300000001
2015-07-07,2053944.9099999999
2015-07-08,2026003.6699999999
2015-07-09,2024143.8300000001
2015-07-10,2053118.0500000000
2015-07-13,2070286.4500000000
2015-07-14,2074916.6499999999
2015-07-15,2081074.7800000000
2015-07-16,2098770.5200000000
2015-07-17,2095623.2100000000
2015-07-20,2100948.1099999999
2015-07-21,2089656.2500000000
2015-07-22,2086522.2400000000
2015-07-23,2073586.2300000000
2015-07-24,2060812.7000000000
2015-07-27,2055274.0100000000
2015-07-28,2081996.9500000000
2015-07-29,2089391.5700000001
2015-07-30,2086973.7300000000
2015-07-31,2088902.7900000000
2015-08-03,2088079.5300000000
2015-08-04,2073523.0500000000
2015-08-05,2079303.0900000001
2015-08-06,2064130.7600000000
2015-08-07,2066044.6499999999
2015-08-10,2084844.3899999999
2015-08-11,2068940.1699999999
2015-08-12,2074764.7900000000
2015-08-13,2075107.5300000000
2015-08-14,2083353.0900000001
2015-08-17,2098643.0600000001
2015-08-18,2094248.6000000001
2015-08-19,2082685.6299999999
2015-08-20,2048094.1499999999
2015-08-21,1989921.8600000001
2015-08-24,1920137.4700000000
2015-08-25,1896669.5900000001
2015-08-26,1965450.8799999999
2015-08-27,2005548.3500000001
2015-08-28,2004866.8200000001
2015-08-31,1981004.3500000001
2015-09-01,1928990.1599999999
2015-09-02,1968303.6100000001
2015-09-03,1970305.9600000000
2015-09-04,1941890.2700000000
2015-09-08,1992837.5700000001
2015-09-09,1964896.0600000001
2015-09-10,1975492.4600000000
2015-09-11,1995616.7900000000
2015-09-14,1991310.2900000000
2015-09-15,2015185.1299999999
2015-09-16,2030344.2000000000
2015-09-17,2033963.7900000000
2015-09-18,2007851.9700000000
2015-09-21,2015974.6399999999
2015-09-22,1997011.9600000000
2015-09-23,2001325.4299999999
2015-09-24,1990727.1899999999
2015-09-25,1977964.6399999999
2015-09-28,1915373.6899999999
2015-09-29,1913966.3300000001
2015-09-30,1956101.2100000000
2015-10-01,1973205.9500000000
2015-10-02,2002567.6899999999
2015-10-05,2024655.6899999999
2015-10-06,1996086.9600000000
2015-10-07,2012826.1200000001
2015-10-08,2027561.7800000000
2015-10-09,2036991.0800000001
2015-10-12,2051214.2200000000
2015-10-13,2033941.0800000001
2015-10-14,2016478.6799999999
2015-10-15,2046420.6599999999
2015-10-16,2063513.6699999999
2015-10-19,2073868.4700000000
2015-10-20,2062384.4600000000
2015-10-21,2052151.3300000001
2015-10-22,2072389.3100000001
2015-10-23,2090789.9900000000
2015-10-26,2100816.6699999999
2015-10-27,2111669.8700000001
2015-10-28,2127399.8799999999
2015-10-29,2125999.5099999998
2015-10-30,2111227.3999999999
2015-11-02,2129867.3300000001
2015-11-03,2126473.8199999998
2015-11-04,2120180.9199999999
2015-11-05,2124523.9300000002
2015-11-06,2118305.0600000001
2015-11-09,2099475.3700000001
2015-11-10,2113051.9100000001
2015-11-11,2103553.2900000000
2015-11-12,2074946.2100000000
2015-11-13,2044568.3000000000
2015-11-16,2073141.8400000001
2015-11-17,2081894.0100000000
2015-11-18,2116341.6600000001
2015-11-19,2100116.9399999999
2015-11-20,2122597.9800000000
2015-11-23,2124677.3199999998
2015-11-24,2126358.4800000000
2015-11-25,2138414.5899999999
2015-11-27,2139356.4300000002
2015-11-30,2118086.0899999999
2015-12-01,2146540.1000000001
2015-12-02,2132333.3700000001
2015-12-03,2098675.8799999999
2015-12-04,2149022.0499999998
2015-12-07,2139818.4300000002
2015-12-08,2140115.4600000000
2015-12-09,2111946.6099999999
2015-12-10,2116898.3700000001
2015-12-11,2080299.0700000001
2015-12-14,2100484.2500000000
2015-12-15,2113250.4700000002
2015-12-16,2148132.2200000002
2015-12-17,2121060.6299999999
2015-12-18,2087742.1799999999
2015-12-21,2105378.7700000000
2015-12-22,2119542.2700000000
2015-12-23,2133687.8399999999
2015-12-24,2131783.9700000002
2015-12-28,2132082.1499999999
2015-12-29,2156361.1600000001
2015-12-30,2144353.1000000001
2015-12-31,2120124.1000000001
2016-01-04,2079814.2300000000
2016-01-05,2086650.2800000000
2016-01-06,2071252.5300000000
2016-01-07,2031398.4099999999
2016-01-08,2008803.9399999999
2016-01-11,2018377.3899999999
2016-01-12,2040812.5600000001
2016-01-13,1978301.2700000000
2016-01-14,2004191.9800000000
2016-01-15,1967125.5000000000
2016-01-19,1976846.3300000001
2016-01-20,1964155.7300000000
2016-01-21,1974347.6799999999
2016-01-22,2009054.7000000000
2016-01-25,1989505.4900000000
2016-01-26,2002158.7800000000
2016-01-27,1977163.6799999999
2016-01-28,1980174.1799999999
2016-01-29,2019134.6200000001
2016-02-01,2024160.2800000000
2016-02-02,1991033.4800000000
2016-02-03,1980622.8799999999
2016-02-04,1966144.4700000000
2016-02-05,1917053.5300000000
2016-02-08,1875311.9700000000
2016-02-09,1889321.4299999999
2016-02-10,1905296.4600000000
2016-02-11,1888696.6899999999
2016-02-12,1921075.9099999999
2016-02-16,1955456.6000000001
2016-02-17,1984740.3400000001
2016-02-18,1968878.7300000000
2016-02-19,1976747.4099999999
2016-02-22,2008324.3600000001
2016-02-23,1999752.3700000001
2016-02-24,2008739.0600000001
2016-02-25,2035385.4399999999
2016-02-26,2030053.5700000001
2016-02-29,2009123.1899999999
2016-03-01,2051272.2700000000
2016-03-02,2047642.7200000000
2016-03-03,2046534.0400000000
2016-03-04,2046325.1200000001
2016-03-07,2033186.0800000001
2016-03-08,2022969.0000000000
2016-03-09,2028555.4600000000
2016-03-10,2031277.7100000000
2016-03-11,2064071.2400000000
2016-03-14,2065380.4399999999
2016-03-15,2059176.2300000000
2016-03-16,2063366.5000000000
2016-03-17,2062925.1200000001
2016-03-18,2070980.2600000000
2016-03-21,2075917.2400000000
2016-03-22,2074708.6200000001
2016-03-23,2074496.8300000001
2016-03-24,2077801.8300000001
2016-03-28,2081328.6799999999
2016-03-29,2107168.3900000001
2016-03-30,2117402.6899999999
2016-03-31,2110705.0699999998
2016-04-01,2129346.4700000002
2016-04-04,2119077.6200000001
2016-04-05,2102896.9700000002
2016-04-06,2121904.4100000001
2016-04-07,2102431.8999999999
2016-04-08,2101479.8399999999
2016-04-11,2089923.4600000000
2016-04-12,2104324.3199999998
2016-04-13,2112860.1699999999
2016-04-14,2113203.8700000001
2016-04-15,2118724.2599999998
2016-04-18,2135508.0600000001
2016-04-19,2126984.0099999998
2016-04-20,2122014.8599999999
2016-04-21,2107233.7599999998
2016-04-22,2073986.5400000000
2016-04-25,2082131.9900000000
2016-04-26,2074627.6799999999
2016-04-27,2077240.6599999999
2016-04-28,2066804.2700000000
2016-04-29,2078225.5800000001
2016-05-02,2104638.0499999998
2016-05-03,2086479.2700000000
2016-05-04,2086925.4900000000
2016-05-05,2083390.3300000001
2016-05-06,2102652.1499999999
2016-05-09,2108203.2000000002
2016-05-10,2137913.9800000000
2016-05-11,2122461.7200000002
2016-05-12,2131497.8799999999
2016-05-13,2115539.9199999999
2016-05-16,2128656.7000000002
2016-05-17,2097961.2599999998
2016-05-18,2093956.9199999999
2016-05-19,2085728.0800000001
2016-05-20,2092248.0200000000
2016-05-23,2082886.8799999999
2016-05-24,2116495.5699999998
2016-05-25,2122245.0899999999
2016-05-26,2128876.4100000001
2016-05-27,2137092.2400000002
2016-05-31,2136581.0299999998
2016-06-01,2136688.2100000000
2016-06-02,2139026.8599999999
2016-06-03,2135238.2300000000
2016-06-06,2135837.4600000000
2016-06-07,2137078.6499999999
2016-06-08,2145848.2999999998
2016-06-09,2148336.0400000000
2016-06-10,2134256.4800000000
2016-06-13,2116140.7700000000
2016-06-14,2120228.6800000002
2016-06-15,2117434.3300000001
2016-06-16,2126273.7599999998
2016-06-17,2110191.0899999999
2016-06-20,2120482.1899999999
2016-06-21,2130343.1200000001
2016-06-22,2123884.1899999999
2016-06-23,2146679.8300000001
2016-06-24,2088920.7800000000
2016-06-27,2065659.4500000000
2016-06-28,2097993.7100000000
2016-06-29,2127794.1499999999
2016-06-30,2154381.3100000001
2016-07-01,2160152.9399999999
2016-07-05,2160201.4199999999
2016-07-06,2172368.5899999999
2016-07-07,2165907.3500000001
2016-07-08,2194894.4700000002
2016-07-11,2202716.4700000002
2016-07-12,2205751.6499999999
2016-07-13,2205297.3399999999
2016-07-14,2213979.6000000001
2016-07-15,2211427.9300000002
2016-07-18,2219469.3599999999
2016-07-19,2217020.6600000001
2016-07-20,2233026.9300000002
2016-07-21,2222058.6000000001
2016-07-22,2234858.5200000000
2016-07-25,2231633.3900000001
2016-07-26,2221819.9399999999
2016-07-27,2215226.4800000000
2016-07-28,2224799.3399999999
2016-07-29,2234693.6699999999
2016-08-01,2237215.3300000001
2016-08-02,2225086.9100000001
2016-08-03,2224392.0499999998
2016-08-04,2230192.1800000002
2016-08-05,2245143.2100000000
2016-08-08,2240500.0299999998
2016-08-09,2242966.4199999999
2016-08-10,2244617.7999999998
2016-08-11,2250903.0099999998
2016-08-12,2250046.9399999999
2016-08-15,2247495.8199999998
2016-08-16,2231326.2700000000
2016-08-17,2237185.2500000000
2016-08-18,2236305.7599999998
2016-08-19,2231394.6400000001
2016-08-22,2234902.1200000001
2016-08-23,2237509.2700000000
2016-08-24,2230617.3100000001
2016-08-25,2230942.8100000001
2016-08-26,2228186.0600000001
2016-08-29,2238285.3199999998
2016-08-30,2231593.0899999999
2016-08-31,2229598.2500000000
2016-09-01,2231509.3300000001
2016-09-02,2239904.8199999998
2016-09-06,2252524.7200000002
2016-09-07,2248013.2200000002
2016-09-08,2236137.8999999999
2016-09-09,2179478.8300000001
2016-09-12,2211687.5600000001
2016-09-13,2182514.3199999998
2016-09-14,2181078.2300000000
2016-09-15,2204007.3900000001
2016-09-16,2199975.8799999999
2016-09-19,2201343.1899999999
2016-09-20,2203706.4500000002
2016-09-21,2232712.2999999998
2016-09-22,2250231.8799999999
2016-09-23,2241683.8599999999
2016-09-26,2227117.7900000000
2016-09-27,2241388.8700000001
2016-09-28,2243625.0200000000
2016-09-29,2223711.2599999998
2016-09-30,2228483.9100000001
2016-10-03,2220137.7999999998
2016-10-04,2196844.9700000002
2016-10-05,2194975.8599999999
2016-10-06,2196712.1699999999
2016-10-07,2189756.6899999999
2016-10-10,2198159.3900000001
2016-10-11,2177082.2500000000
2016-10-12,2189002.1899999999
2016-10-13,2189839.3500000001
2016-10-14,2186542.4399999999
2016-10-17,2185055.3700000001
2016-10-18,2191365.4100000001
2016-10-19,2189060.4500000002
2016-10-20,2180518.4300000002
2016-10-21,2184659.4800000000
2016-10-24,2200790.2500000000
2016-10-25,2194764.4800000000
2016-10-26,2184707.7900000000
2016-10-27,2171479.3300000001
2016-10-28,2173934.8199999998
2016-10-31,2183302.8900000001
2016-11-01,2162394.5000000000
2016-11-02,2143292.8300000001
2016-11-03,2133971.3399999999
2016-11-04,2127884.9800000000
2016-11-07,2170983.5699999998
2016-11-08,2185189.0899999999
2016-11-09,2173915.3799999999
2016-11-10,2138444.7999999998
2016-11-11,2143042.9199999999
2016-11-14,2124718.9399999999
2016-11-15,2149389.1899999999
2016-11-16,2156540.5000000000
2016-11-17,2166659.9399999999
2016-11-18,2163366.7900000000
2016-11-21,2178476.3199999998
2016-11-22,2190551.8700000001
2016-11-23,2184566.1499999999
2016-11-25,2197973.4399999999
2016-11-28,2200613.3399999999
2016-11-29,2204060.0000000000
2016-11-30,2168225.0299999998
2016-12-01,2147118.0200000000
2016-12-02,2156574.1699999999
2016-12-05,2168197.7200000002
2016-12-06,2174529.7500000000
2016-12-07,2205291.8999999999
2016-12-08,2202556.1400000001
2016-12-09,2215823.5499999998
2016-12-12,2225235.2000000002
2016-12-13,2243691.4900000002
2016-12-14,2225309.3199999998
2016-12-15,2229101.1899999999
2016-12-16,2236569.4700000002
2016-12-19,2250063.6899999999
2016-12-20,2256348.0699999998
2016-12-21,2251747.2000000002
2016-12-22,2253702.2500000000
2016-12-23,2254432.2100000000
2016-12-27,2261343.1400000001
2016-12-28,2244964.6499999999
2016-12-29,2253880.4500000002
2016-12-30,2238124.6000000001
2017-01-03,2249099.7000000002
2017-01-04,2256286.3300000001
2017-01-05,2263378.8399999999
2017-01-06,2267784.0600000001
2017-01-09,2260751.9500000002
2017-01-10,2256766.7000000002
2017-01-11,2259537.0400000000
2017-01-12,2260663.8199999998
2017-01-13,2263329.8399999999
2017-01-17,2269094.9900000002
2017-01-18,2270902.0099999998
2017-01-19,2266265.8300000001
2017-01-20,2271277.4300000002
2017-01-23,2276591.3599999999
2017-01-24,2276572.0600000001
2017-01-25,2286387.4300000002
2017-01-26,2285347.1499999999
2017-01-27,2291683.8900000001
2017-01-30,2281348.6099999999
2017-01-31,2281392.0499999998
2017-02-01,2277405.7000000002
2017-02-02,2281224.5000000000
2017-02-03,2287082.0299999998
2017-02-06,2281183.9199999999
2017-02-07,2287009.1299999999
2017-02-08,2296613.4100000001
2017-02-09,2303000.8300000001
2017-02-10,2312218.2100000000
2017-02-13,2315722.2100000000
2017-02-14,2315066.7799999998
2017-02-15,2320776.7599999998
2017-02-16,2328278.6600000001
2017-02-17,2335031.4199999999
2017-02-21,2353058.6400000001
2017-02-22,2354037.7900000000
2017-02-23,2359113.0499999998
2017-02-24,2371117.3199999998
2017-02-27,2366828.9500000002
2017-02-28,2364064.3399999999
2017-03-01,2382941.9300000002
2017-03-02,2376350.3399999999
2017-03-03,2376181.8399999999
2017-03-06,2370371.2900000000
2017-03-07,2369722.8599999999
2017-03-08,2365012.9199999999
2017-03-09,2368455.9700000002
2017-03-10,2380667.2900000000
2017-03-13,2384964.6200000001
2017-03-14,2378688.5000000000
2017-03-15,2402029.5499999998
2017-03-16,2394878.8300000001
2017-03-17,2404054.4700000002
2017-03-20,2397433.9800000000
2017-03-21,2342595.1699999999
2017-03-22,2350914.9399999999
2017-03-23,2352138.5099999998
2017-03-24,2350130.8199999998
2017-03-27,2340554.7500000000
2017-03-28,2362885.5200000000
2017-03-29,2359207.6200000001
2017-03-30,2377991.7200000002
2017-03-31,2367601.9300000002
2017-04-03,2362719.1800000002
2017-04-04,2362882.8500000001
2017-04-05,2348411.2200000002
2017-04-06,2361188.7300000000
2017-04-07,2358545.9100000001
2017-04-10,2352365.8100000001
2017-04-11,2346928.3500000001
2017-04-12,2323929.1400000001
2017-04-13,2304177.9800000000
2017-04-17,2333689.6499999999
2017-04-18,2327319.4700000002
2017-04-19,2324921.6600000001
2017-04-20,2356381.2700000000
2017-04-21,2346259.6800000002
2017-04-24,2382014.9500000002
2017-04-25,2406507.6000000001
2017-04-26,2405768.6699999999
2017-04-27,2405122.7500000000
2017-04-28,2388080.0899999999
2017-05-01,2394814.5200000000
2017-05-02,2393263.6000000001
2017-05-03,2389802.9800000000
2017-05-04,2388816.9600000000
2017-05-05,2397741.8300000001
2017-05-08,2393227.1699999999
2017-05-09,2390909.2100000000
2017-05-10,2408729.5800000001
2017-05-11,2406825.2000000002
2017-05-12,2400318.4100000001
2017-05-15,2419775.7700000000
2017-05-16,2421794.1400000001
2017-05-17,2351605.3300000001
2017-05-18,2366026.1099999999
2017-05-19,2388301.2400000002
2017-05-22,2404844.3199999998
2017-05-23,2415444.5099999998
2017-05-24,2422394.1600000001
2017-05-25,2433015.0800000001
2017-05-26,2439400.2000000002
2017-05-30,2434836.0499999998
2017-05-31,2431819.1200000001
2017-06-01,2448132.4300000002
2017-06-02,2452408.6000000001
2017-06-05,2448187.3700000001
2017-06-06,2441426.9700000002
2017-06-07,2453076.4300000002
2017-06-08,2472372.8700000001
2017-06-09,2474889.4500000002
2017-06-12,2476783.9500000002
2017-06-13,2491163.1699999999
2017-06-14,2482209.1800000002
2017-06-15,2477637.2200000002
2017-06-16,2478550.3300000001
2017-06-19,2505957.3700000001
2017-06-20,2481885.4900000002
2017-06-21,2470925.6099999999
2017-06-22,2463049.5299999998
2017-06-23,2457955.9800000000
2017-06-26,2459372.4600000000
2017-06-27,2445594.6299999999
2017-06-28,2482299.4500000002
2017-06-29,2466495.8100000001
2017-06-30,2471585.3599999999
2017-07-03,2482106.8300000001
2017-07-05,2496176.6600000001
2017-07-06,2479571.3900000001
2017-07-07,2499433.0000000000
2017-07-10,2508679.1800000002
2017-07-11,2504957.2000000002
2017-07-12,2520335.0000000000
2017-07-13,2524969.7599999998
2017-07-14,2531752.0499999998
2017-07-17,2528354.4800000000
2017-07-18,2526252.2400000002
2017-07-19,2533892.1800000002
2017-07-20,2532483.3799999999
2017-07-21,2531555.5899999999
2017-07-24,2528959.5000000000
2017-07-25,2550352.9100000001
2017-07-26,2545261.7200000002
2017-07-27,2533755.7400000002
2017-07-28,2536743.1200000001
2017-07-31,2542269.9100000001
2017-08-01,2546351.8100000001
2017-08-02,2547279.7900000000
2017-08-03,2543504.7900000000
2017-08-04,2556825.0000000000
2017-08-07,2561720.1400000001
2017-08-08,2555949.2900000000
2017-08-09,2557459.0800000001
2017-08-10,2514019.1800000002
2017-08-11,2508879.6000000001
2017-08-14,2547066.3900000001
2017-08-15,2548104.8900000001
2017-08-16,2548461.6800000002
2017-08-17,2503418.2599999998
2017-08-18,2505496.8799999999
2017-08-21,2503241.9500000002
2017-08-22,2538807.9800000000
2017-08-23,2531364.3199999998
2017-08-24,2527031.7100000000
2017-08-25,2528288.0099999998
2017-08-28,2526981.2000000002
2017-08-29,2526316.5299999998
2017-08-30,2544731.4399999999
2017-08-31,2555269.4199999999
2017-09-01,2565561.7100000000
2017-09-05,2529132.6899999999
2017-09-06,2537011.5400000000
2017-09-07,2517998.9399999999
2017-09-08,2520229.8799999999
2017-09-11,2552908.1000000001
2017-09-12,2571023.7900000000
2017-09-13,2578222.6400000001
2017-09-14,2577941.1699999999
2017-09-15,2593235.5800000001
2017-09-18,2609484.0200000000
2017-09-19,2621981.1800000002
2017-09-20,2621311.6800000002
2017-09-21,2612661.2000000002
2017-09-22,2608320.1400000001
2017-09-25,2575333.8799999999
2017-09-26,2578801.9700000002
2017-09-27,2610204.8700000001
2017-09-28,2615198.2300000000
2017-09-29,2628446.8799999999
2017-10-02,2639320.3599999999
2017-10-03,2646011.7400000002
2017-10-04,2645902.7900000000
2017-10-05,2674210.9500000002
2017-10-06,2679793.3799999999
2017-10-09,2680288.4199999999
2017-10-10,2684735.6699999999
2017-10-11,2690337.9700000002
2017-10-12,2683237.4399999999
2017-10-13,2692265.3199999998
2017-10-16,2706334.8500000001
2017-10-17,2705724.7999999998
2017-10-18,2712004.4399999999
2017-10-19,2709308.4500000002
2017-10-20,2736116.3500000001
2017-10-23,2725485.6699999999
2017-10-24,2744472.2300000000
2017-10-25,2729240.9300000002
2017-10-26,2739176.8799999999
2017-10-27,2779237.3599999999
2017-10-30,2780558.4100000001
2017-10-31,2784899.6499999999
2017-11-01,2782947.2100000000
2017-11-02,2798048.4300000002
2017-11-03,2808125.4500000002
2017-11-06,2816037.0000000000
2017-11-07,2795983.5600000001
2017-11-08,2791379.0800000001
2017-11-09,2773846.5600000001
2017-11-10,2773543.0899999999
2017-11-13,2779030.2300000000
2017-11-14,2774204.5600000001
2017-11-15,2764454.0200000000
2017-11-16,2786063.5099999998
2017-11-17,2775853.7400000002
2017-11-20,2787436.3500000001
2017-11-21,2811277.6200000001
2017-11-22,2803679.5899999999
2017-11-24,2808759.6899999999
2017-11-27,2804987.8199999998
2017-11-28,2840996.4399999999
2017-11-29,2820200.0099999998
2017-11-30,2849987.8399999999
2017-12-01,2840395.2599999998
2017-12-04,2823049.9100000001
2017-12-05,2815379.2100000000
2017-12-06,2822106.5200000000
2017-12-07,2837815.1000000001
2017-12-08,2854095.7500000000
2017-12-11,2860011.1299999999
2017-12-12,2865678.1099999999
2017-12-13,2858639.2700000000
2017-12-14,2845786.7700000000
2017-12-15,2876404.2999999998
2017-12-18,2896900.1299999999
2017-12-19,2885019.8500000001
2017-12-20,2883160.6899999999
2017-12-21,2888685.9700000002
2017-12-22,2886204.0800000001
2017-12-26,2871735.7599999998
2017-12-27,2878493.6400000001
2017-12-28,2887913.3399999999
2017-12-29,2867034.3799999999
2018-01-02,2895513.6800000002
2018-01-03,2921780.5099999998
2018-01-04,2940373.7500000000
2018-01-05,2965748.9800000000
2018-01-08,2972958.9500000002
2018-01-09,2983947.1299999999
2018-01-10,2989749.4100000001
2018-01-11,3009173.1299999999
2018-01-12,3036588.9700000002
2018-01-16,3023988.9600000000
2018-01-17,3063515.3999999999
2018-01-18,3063859.7900000000
2018-01-19,3075413.5800000001
2018-01-22,3095510.7300000000
2018-01-23,3107880.5600000001
2018-01-24,3106117.1000000001
2018-01-25,3105102.2599999998
2018-01-26,3139370.3799999999
2018-01-29,3118710.6400000001
2018-01-30,3084055.3700000001
2018-01-31,3102763.2500000000
2018-02-01,3112014.4399999999
2018-02-02,3043271.7000000002
2018-02-05,2908891.2100000000
2018-02-06,2987645.1200000001
2018-02-07,2973092.7500000000
2018-02-08,2840696.7100000000
2018-02-09,2900053.9700000002
2018-02-12,2951634.8500000001
2018-02-13,2960746.9399999999
2018-02-14,3021306.0699999998
2018-02-15,3060946.1200000001
2018-02-16,3052099.2300000000
2018-02-20,3049079.7300000000
2018-02-21,3040372.5800000001
2018-02-22,3040664.5899999999
2018-02-23,3092282.8300000001
2018-02-26,3132949.3999999999
2018-02-27,3104585.2100000000
2018-02-28,3076699.5499999998
2018-03-01,3024897.1400000001
2018-03-02,3036531.6200000001
2018-03-05,3075544.1400000001
2018-03-06,3086898.1499999999
2018-03-07,3094728.9900000002
2018-03-08,3104522.4700000002
2018-03-09,3172347.2400000002
2018-03-12,3167078.7400000002
2018-03-13,3132920.1600000001
2018-03-14,3113972.3599999999
2018-03-15,3120386.8399999999
2018-03-16,3126598.9100000001
2018-03-19,3076843.0800000001
2018-03-20,3100081.3700000001
2018-03-21,3090610.7000000002
2018-03-22,2987671.5000000000
2018-03-23,2922037.3700000001
2018-03-26,3018831.9500000002
2018-03-27,2932516.5000000000
2018-03-28,2911815.9399999999
2018-03-29,2963369.2400000002
2018-04-02,2890662.2200000002
2018-04-03,2923796.0299999998
2018-04-04,2958224.2900000000
2018-04-05,2987173.7000000002
2018-04-06,2910404.7500000000
2018-04-09,2921858.3999999999
2018-04-10,2980824.2500000000
2018-04-11,2957243.0299999998
2018-04-12,2994108.4300000002
2018-04-13,2975965.9600000000
2018-04-16,2998326.8399999999
2018-04-17,3056290.2799999998
2018-04-18,3067016.0400000000
2018-04-19,3066964.8199999998
2018-04-20,3042764.6299999999
2018-04-23,3034922.1600000001
2018-04-24,2962667.8999999999
2018-04-25,2962149.4300000002
2018-04-26,3021244.2799999998
2018-04-27,3024844.0600000001
2018-04-30,3002151.6499999999
2018-05-01,3019536.8799999999
2018-05-02,2994402.2799999998
2018-05-03,3001858.9600000000
2018-05-04,3037999.2000000002
2018-05-07,3058166.3300000001
2018-05-08,3064571.7300000000
2018-05-09,3099619.0600000001
2018-05-10,3127753.0000000000
2018-05-11,3132340.3399999999
2018-05-14,3132403.8900000001
2018-05-15,3099974.4900000002
2018-05-16,3106860.3599999999
2018-05-17,3102311.5899999999
2018-05-18,3104300.2999999998
2018-05-21,3135239.4100000001
2018-05-22,3117099.7400000002
2018-05-23,3137343.9199999999
2018-05-24,3133276.2700000000
2018-05-25,3126251.0699999998
2018-05-29,3089252.2700000000
2018-05-30,3130158.1499999999
2018-05-31,3115829.1200000001
2018-06-01,3158594.0800000001
2018-06-04,3182545.5400000000
2018-06-05,3192472.8100000001
2018-06-06,3221192.8199999998
2018-06-07,3202823.6000000001
2018-06-08,3213330.6200000001
2018-06-11,3214816.1699999999
2018-06-12,3223975.9399999999
2018-06-13,3214788.7799999998
2018-06-14,3227371.3799999999
2018-06-15,3218369.4199999999
2018-06-18,3226027.3500000001
2018-06-19,3203415.9100000001
2018-06-20,3213786.9600000000
2018-06-21,3189456.9500000002
2018-06-22,3177858.7900000000
2018-06-25,3114918.8799999999
2018-06-26,3127860.6899999999
2018-06-27,3087915.6899999999
2018-06-28,3119804.2599999998
2018-06-29,3119110.0600000001
2018-07-02,3138622.2999999998
2018-07-03,3109713.6499999999
2018-07-05,3139755.7599999998
2018-07-06,3165796.2599999998
2018-07-09,3205403.2200000002
2018-07-10,3215423.3399999999
2018-07-11,3202287.4199999999
2018-07-12,3250873.2799999998
2018-07-13,3258655.2599999998
2018-07-16,3257618.7100000000
2018-07-17,3276134.4199999999
2018-07-18,3288637.5800000001
2018-07-19,3260872.2799999998
2018-07-20,3268032.8799999999
2018-07-23,3275843.4800000000
2018-07-24,3299730.3500000001
2018-07-25,3342360.6600000001
2018-07-26,3300859.5400000000
2018-07-27,3269575.3100000001
2018-07-30,3217894.1699999999
2018-07-31,3234314.8100000001
2018-08-01,3234311.7700000000
2018-08-02,3257004.8100000001
2018-08-03,3264832.7200000002
2018-08-06,3282053.5200000000
2018-08-07,3296797.0299999998
2018-08-08,3303973.2300000000
2018-08-09,3302182.2300000000
2018-08-10,3278741.3300000001
2018-08-13,3267393.6200000001
2018-08-14,3292236.7500000000
2018-08-15,3252681.9600000000
2018-08-16,3274142.9399999999
2018-08-17,3272733.1699999999
2018-08-20,3278394.3900000001
2018-08-21,3284066.1899999999
2018-08-22,3293882.1000000001
2018-08-23,3293137.5600000001
2018-08-24,3321939.1400000001
2018-08-27,3357422.1400000001
2018-08-28,3360420.2599999998
2018-08-29,3391757.8500000001
2018-08-30,3377696.1699999999
2018-08-31,3374554.9199999999
2018-09-04,3374424.8199999998
2018-09-05,3333693.7900000000
2018-09-06,3329867.3300000001
2018-09-07,3322861.1899999999
2018-09-10,3327965.6299999999
2018-09-11,3355649.9399999999
2018-09-12,3357639.5099999998
2018-09-13,3378642.6299999999
2018-09-14,3381683.2599999998
2018-09-17,3347284.8700000001
2018-09-18,3374477.1099999999
2018-09-19,3376343.8300000001
2018-09-20,3404087.1299999999
2018-09-21,3396523.7799999998
2018-09-24,3403299.4399999999
2018-09-25,3414123.8700000001
2018-09-26,3408741.8900000001
2018-09-27,3421900.1099999999
2018-09-28,3422236.8900000001
2018-10-01,3447891.3399999999
2018-10-02,3426836.4700000002
2018-10-03,3431146.2500000000
2018-10-04,3376663.3700000001
2018-10-05,3348470.9399999999
2018-10-08,3320120.9199999999
2018-10-09,3322298.2200000002
2018-10-10,3170679.6099999999
2018-10-11,3119678.2400000002
2018-10-12,3199550.2599999998
2018-10-15,3157465.6800000002
2018-10-16,3250607.9800000000
2018-10-17,3240736.3799999999
2018-10-18,3180255.5400000000
2018-10-19,3153083.8799999999
2018-10-22,3164343.4500000002
2018-10-23,3131673.7799999998
2018-10-24,3009888.1000000001
2018-10-25,3104597.8199999998
2018-10-26,3030286.0800000001
2018-10-29,2974400.2900000000
2018-10-30,3014893.1800000002
2018-10-31,3083195.5200000000
2018-11-01,3119470.9500000002
2018-11-02,3105230.1499999999
2018-11-05,3112057.7700000000
2018-11-06,3127107.5499999998
2018-11-07,3231453.1800000002
2018-11-08,3221770.7900000000
2018-11-09,3178897.1899999999
2018-11-12,3088300.6699999999
2018-11-13,3079173.5600000001
2018-11-14,3049062.6099999999
2018-11-15,3093161.3100000001
2018-11-16,3084593.2599999998
2018-11-19,2983616.3799999999
2018-11-20,2927177.1800000002
2018-11-21,2948003.1499999999
2018-11-23,2924873.6499999999
2018-11-26,2992007.6499999999
2018-11-27,3003272.2700000000
2018-11-28,3114921.8500000001
2018-11-29,3105306.2599999998
2018-11-30,3134992.7999999998
2018-12-03,3194426.0099999998
2018-12-04,3070994.6200000001
2018-12-06,3077836.8199999998
2018-12-07,2979764.5800000001
2018-12-10,2996964.9300000002
2018-12-11,2999856.6099999999
2018-12-12,3030851.4700000002
2018-12-13,3026968.6099999999
2018-12-14,2948866.7400000002
2018-12-17,2874818.2400000002
2018-12-18,2892067.3500000001
2018-12-19,2846001.8399999999
2018-12-20,2787342.6099999999
2018-12-21,2714425.6099999999
2018-12-24,2644841.0800000001
2018-12-26,2808828.1699999999
2018-12-27,2835447.8799999999
2018-12-28,2828080.2999999998
2018-12-31,2862080.6000000001
2019-01-02,2862681.3700000001
2019-01-03,2776665.2799999998
2019-01-04,2892145.9100000001
2019-01-07,2928154.5099999998
2019-01-08,2961266.5200000000
2019-01-09,2986727.4100000001
2019-01-10,2999284.6899999999
2019-01-11,2996326.7700000000
2019-01-14,2976437.9399999999
2019-01-15,3024017.4700000002
2019-01-16,3029555.5699999998
2019-01-17,3051578.2799999998
2019-01-18,3094152.1400000001
2019-01-22,3040340.4399999999
2019-01-23,3041943.8399999999
2019-01-24,3053853.7700000000
2019-01-25,3089368.0200000000
2019-01-28,3050905.6899999999
2019-01-29,3032626.1699999999
2019-01-30,3100148.8599999999
2019-01-31,3121754.1000000001
2019-02-01,3114413.2799999998
2019-02-04,3146115.7200000002
2019-02-05,3168617.0000000000
2019-02-06,3160011.4900000002
2019-02-07,3123874.6600000001
2019-02-08,3125420.9500000002
2019-02-11,3128974.9199999999
2019-02-12,3181734.3300000001
2019-02-13,3190462.5699999998
2019-02-14,3192492.7400000002
2019-02-15,3226088.5299999998
2019-02-19,3228551.7300000000
2019-02-20,3231807.2700000000
2019-02-21,3221123.4300000002
2019-02-22,3252911.5400000000
2019-02-25,3256037.5899999999
2019-02-26,3256760.3300000001
2019-02-27,3252395.6899999999
2019-02-28,3244745.5600000001
2019-03-01,3271915.8599999999
2019-03-04,3246392.3100000001
2019-03-05,3241582.7599999998
2019-03-06,3220862.8799999999
2019-03-07,3188670.7000000002
2019-03-08,3181280.5600000001
2019-03-11,3234287.5600000001
2019-03-12,3241580.7500000000
2019-03-13,3269712.8700000001
2019-03-14,3270103.9500000002
2019-03-15,3290894.5299999998
2019-03-18,3299081.1699999999
2019-03-19,3305477.3599999999
2019-03-20,3310551.4500000002
2019-03-21,3350971.3599999999
2019-03-22,3301493.1000000001
2019-03-25,3310043.0800000001
2019-03-26,3325924.7000000002
2019-03-27,3302571.4700000002
2019-03-28,3315352.5299999998
2019-03-29,3336482.9199999999
2019-04-01,3356523.7100000000
2019-04-02,3357220.9800000000
2019-04-03,3360212.5600000001
2019-04-04,3345072.7000000002
2019-04-05,3361464.2300000000
2019-04-08,3361921.2900000000
2019-04-09,3352220.3300000001
2019-04-10,3363380.8599999999
2019-04-11,3348936.8700000001
2019-04-12,3341587.2200000002
2019-04-15,3346469.9300000002
2019-04-16,3315375.3199999998
2019-04-17,3277337.8300000001
2019-04-18,3288004.8599999999
2019-04-22,3295523.8700000001
2019-04-23,3329306.0800000001
2019-04-24,3330761.3599999999
2019-04-25,3331683.1699999999
2019-04-26,3362590.3300000001
2019-04-29,3348232.9100000001
2019-04-30,3370935.8300000001
2019-05-01,3341634.7799999998
2019-05-02,3344734.5800000001
2019-05-03,3372493.2500000000
2019-05-06,3368182.8399999999
2019-05-07,3316959.9800000000
2019-05-08,3315405.7100000000
2019-05-09,3310370.7900000000
2019-05-10,3333358.3799999999
2019-05-13,3279066.6200000001
2019-05-14,3297758.4900000002
2019-05-15,3317234.7400000002
2019-05-16,3360793.4500000002
2019-05-17,3348234.0299999998
2019-05-20,3337762.6400000001
2019-05-21,3358146.7599999998
2019-05-22,3369886.7200000002
2019-05-23,3336595.8999999999
2019-05-24,3344892.7200000002
2019-05-28,3323600.2200000002
2019-05-29,3296711.4100000001
2019-05-30,3315049.1800000002
2019-05-31,3285115.9199999999
2019-06-03,3261922.5699999998
2019-06-04,3316848.4700000002
2019-06-05,3365986.1400000001
2019-06-06,3384843.0299999998
2019-06-07,3422663.3999999999
2019-06-10,3426493.9700000002
2019-06-11,3415799.3900000001
2019-06-12,3422853.5899999999
2019-06-13,3419885.9399999999
2019-06-14,3421392.6499999999
2019-06-17,3428579.4600000000
2019-06-18,3446264.0099999998
2019-06-19,3475383.2000000002
2019-06-20,3500877.5400000000
2019-06-21,3492029.8599999999
2019-06-24,3490617.8999999999
2019-06-25,3455477.7300000000
2019-06-26,3424696.0499999998
2019-06-27,3440989.3900000001
2019-06-28,3448577.3199999998
2019-07-01,3472590.2100000000
2019-07-02,3493476.0499999998
2019-07-03,3532434.5299999998
2019-07-05,3519732.5299999998
2019-07-08,3516407.8500000001
2019-07-09,3530303.3199999998
2019-07-10,3556559.7999999998
2019-07-11,3552638.3799999999
2019-07-12,3554854.8399999999
2019-07-15,3559713.9900000002
2019-07-16,3548034.9700000002
2019-07-17,3541726.6000000001
2019-07-18,3549739.9399999999
2019-07-19,3513850.3999999999
2019-07-22,3518794.7999999998
2019-07-23,3523227.7100000000
2019-07-24,3527490.1299999999
2019-07-25,3510696.2100000000
2019-07-26,3532946.0200000000
2019-07-29,3530985.3100000001
2019-07-30,3511037.2000000002
2019-07-31,3474891.9199999999
2019-08-01,3463639.1400000001
2019-08-02,3457671.7599999998
2019-08-05,3349406.3900000001
2019-08-06,3404817.7999999998
2019-08-07,3418457.5299999998
2019-08-08,3473016.4500000002
2019-08-09,3463724.3900000001
2019-08-12,3427238.1099999999
2019-08-13,3466281.8399999999
2019-08-14,3379669.5499999998
2019-08-15,3384358.2000000002
2019-08-16,3425217.7200000002
2019-08-19,3454261.8199999998
2019-08-20,3429795.5600000001
2019-08-21,3458353.7400000002
2019-08-22,3455029.0600000001
2019-08-23,3383505.7200000002
2019-08-26,3418457.5299999998
2019-08-27,3416667.3199999998
2019-08-28,3428687.3300000001
2019-08-29,3462786.6600000001
2019-08-30,3461593.1800000002
2019-09-03,3461763.6800000002
2019-09-04,3477364.1200000001
2019-09-05,3501489.3900000001
2019-09-06,3501318.8999999999
2019-09-09,3463639.1400000001
2019-09-10,3435507.1899999999
2019-09-11,3444884.5099999998
2019-09-12,3460229.2100000000
2019-09-13,3454261.8199999998
2019-09-16,3443179.5400000000
2019-09-17,3466878.5800000001
2019-09-18,3467049.0699999998
2019-09-19,3474891.9199999999
2019-09-20,3469350.7799999998
2019-09-23,3472244.1000000001
2019-09-24,3462919.5400000000
2019-09-25,3472073.0099999998
2019-09-26,3484306.1499999999
2019-09-27,3447606.7300000000
2019-09-30,3472244.1000000001
2019-10-01,3437426.7100000000
2019-10-02,3381650.4300000002
2019-10-03,3410479.5800000001
2019-10-04,3465742.5800000001
2019-10-07,3449916.4900000002
2019-10-08,3402096.0299999998
2019-10-09,3439052.0899999999
2019-10-10,3445895.7999999998
2019-10-11,3453594.9800000000
2019-10-14,3444612.6099999999
2019-10-15,3449916.4900000002
2019-10-16,3446836.8100000001
2019-10-17,3453509.4399999999
2019-10-18,3449574.2999999998
2019-10-21,3456931.2900000000
2019-10-22,3414158.0800000001
2019-10-23,3415355.7300000000
2019-10-24,3442302.8500000001
2019-10-25,3432978.2900000000
2019-10-28,3437597.7999999998
2019-10-29,3446494.6299999999
2019-10-30,3471474.1899999999
2019-10-31,3462919.5400000000
2019-11-01,3455477.0000000000
2019-11-04,3422712.7200000002
2019-11-05,3397048.7900000000
2019-11-06,3419718.6000000001
2019-11-07,3414756.8999999999
2019-11-08,3423995.9199999999
2019-11-11,3422712.7200000002
2019-11-12,3437854.4399999999
2019-11-13,3472073.0099999998
2019-11-14,3475665.9600000000
2019-11-15,3485503.7999999998
2019-11-18,3495256.0899999999
2019-11-19,3509456.7999999998
2019-11-20,3509970.0800000001
2019-11-21,3484819.4300000002
2019-11-22,3480114.3799999999
2019-11-25,3495940.4700000002
2019-11-26,3530415.6800000002
2019-11-27,3540766.7999999998
2019-11-29,3531100.0499999998
2019-12-02,3499961.1499999999
2019-12-03,3496111.5600000001
2019-12-04,3512279.8300000001
2019-12-05,3510911.0899999999
2019-12-06,3526737.1800000002
2019-12-09,3519294.6400000001
2019-12-10,3512964.2100000000
2019-12-11,3518952.4600000000
2019-12-12,3531356.6899999999
2019-12-13,3550690.1800000002
2019-12-16,3568826.0299999998
2019-12-17,3563522.1499999999
2019-12-18,3563008.8700000001
2019-12-19,3582684.5499999998
2019-12-20,3610914.8700000001
2019-12-23,3596799.7100000000
2019-12-24,3602041.2300000000
2019-12-26,3606767.1899999999
2019-12-27,3616906.5200000000
2019-12-30,3595596.7400000002
2019-12-31,3601181.9600000000
2020-01-02,3621718.4100000001
2020-01-03,3610547.9600000000
2020-01-06,3613211.6800000002
2020-01-07,3592589.3100000001
2020-01-08,3610633.8799999999
2020-01-09,3647582.2999999998
2020-01-10,3643200.0499999998
2020-01-13,3669751.3500000001
2020-01-14,3662361.6699999999
2020-01-15,3696560.4399999999
2020-01-16,3725345.8399999999
2020-01-17,3748631.9300000002
2020-01-21,3754131.2300000000
2020-01-22,3765387.6099999999
2020-01-23,3765559.4600000000
2020-01-24,3746999.3300000001
2020-01-27,3711683.5099999998
2020-01-28,3741585.9600000000
2020-01-29,3736859.9900000002
2020-01-30,3772854.6299999999
2020-01-31,3709449.4199999999
2020-02-03,3747772.6699999999
2020-02-04,3791337.4300000002
2020-02-05,3791217.1299999999
2020-02-06,3810584.9800000000
2020-02-07,3797008.5800000001
2020-02-10,3833355.5200000000
2020-02-11,3830605.8700000001
2020-02-12,3843494.8500000001
2020-02-13,3852345.2900000000
2020-02-14,3876404.7200000002
2020-02-18,3880013.6400000001
2020-02-19,3885169.2300000000
2020-02-20,3869272.8199999998
2020-02-21,3835761.4600000000
2020-02-24,3734282.2000000002
2020-02-25,3634693.3199999998
2020-02-26,3620601.3599999999
2020-02-27,3444795.6299999999
2020-02-28,3401832.3500000001
2020-03-02,3590011.5099999998
2020-03-03,3501507.1600000001
2020-03-04,3657893.4900000002
2020-03-05,3563116.5000000000
2020-03-06,3526425.8599999999
2020-03-09,3332403.7000000002
2020-03-10,3452013.4600000000
2020-03-11,3300954.5800000001
2020-03-12,3021005.8599999999
2020-03-13,3227487.3700000001
2020-03-16,2731948.9199999999
2020-03-17,3010866.5200000000
2020-03-18,2931814.0899999999
2020-03-19,2925971.0899999999
2020-03-20,2779208.5299999998
2020-03-23,2683317.0699999998
2020-03-24,2933271.5499999998
2020-03-25,2973793.0299999998
2020-03-26,3151949.3199999998
2020-03-27,3074967.1400000001
2020-03-30,3195753.9900000002
2020-03-31,3111687.0299999998
2020-04-01,2984506.6000000001
2020-04-02,3071165.5499999998
2020-04-03,3031421.6699999999
2020-04-06,3242582.6600000001
2020-04-07,3208022.7599999998
2020-04-08,3319824.0400000000
2020-04-09,3380390.2599999998
2020-04-13,3322243.2300000000
2020-04-14,3436118.1000000001
2020-04-15,3357839.9300000002
2020-04-16,3395510.2200000002
2020-04-17,3479749.9700000002
2020-04-20,3408470.1800000002
2020-04-21,3310838.4600000000
2020-04-22,3404322.9900000002
2020-04-23,3369676.6899999999
2020-04-24,3397238.2100000000
2020-04-27,3445103.6699999999
2020-04-28,3413222.1699999999
2020-04-29,3482860.3700000001
2020-04-30,3457372.4399999999
2020-05-01,3383759.8500000001
2020-05-04,3418924.5499999998
2020-05-05,3468431.6099999999
2020-05-06,3450719.6600000001
2020-05-07,3481045.9700000002
2020-05-08,3534095.4199999999
2020-05-11,3556472.9500000002
2020-05-12,3486921.1499999999
2020-05-13,3444153.2799999998
2020-05-14,3473961.1899999999
2020-05-15,3495733.9300000002
2020-05-18,3594229.6400000001
2020-05-19,3568655.3199999998
2020-05-20,3603215.2200000002
2020-05-21,3564853.7300000000
2020-05-22,3587231.2599999998
2020-05-26,3597685.6299999999
2020-05-27,3624555.9600000000
2020-05-28,3656696.6600000001
2020-05-29,3692379.7599999998
2020-06-01,3697909.3500000001
2020-06-02,3722965.2700000000
2020-06-03,3748626.0000000000
2020-06-04,3699810.1400000001
2020-06-05,3778606.7100000000
2020-06-08,3808501.0299999998
2020-06-09,3807637.0299999998
2020-06-10,3844875.3199999998
2020-06-11,3639675.9100000001
2020-06-12,3682443.7900000000
2020-06-15,3702402.1299999999
2020-06-16,3758907.5699999998
2020-06-17,3773077.1299999999
2020-06-18,3774459.5299999998
2020-06-19,3760376.3700000001
2020-06-22,3792616.4300000002
2020-06-23,3803804.0899999999
2020-06-24,3720113.4600000000
2020-06-25,3752028.6499999999
2020-06-26,3676316.8100000001
2020-06-29,3723148.8799999999
2020-06-30,3787326.1400000001
2020-07-01,3808227.1200000001
2020-07-02,3816813.0000000000
2020-07-06,3868241.5400000000
2020-07-07,3850809.6099999999
2020-07-08,3892871.7300000000
2020-07-09,3888622.1600000001
2020-07-10,3909176.2300000000
2020-07-13,3851416.6899999999
2020-07-14,3913252.3500000001
2020-07-15,3925220.5499999998
2020-07-16,3908655.8700000001
2020-07-17,3942132.1299999999
2020-07-20,3996162.4500000002
2020-07-21,3976302.1800000002
2020-07-22,4024842.7500000000
2020-07-23,3961393.9800000000
2020-07-24,3957309.1800000002
2020-07-27,3991305.7900000000
2020-07-28,3970864.4600000000
2020-07-29,4022093.5299999998
2020-07-30,4032821.5400000000
2020-07-31,4077598.2000000002
2020-08-03,4130041.4300000002
2020-08-04,4151696.9300000002
2020-08-05,4162338.2100000000
2020-08-06,4197835.1799999997
2020-08-07,4178538.6400000001
2020-08-10,4164497.6899999999
2020-08-11,4104379.2000000002
2020-08-12,4192232.6800000002
2020-08-13,4203463.7000000002
2020-08-14,4195415.5199999996
2020-08-17,4239168.8099999996
2020-08-18,4242637.8499999996
2020-08-19,4229195.3200000003
2020-08-20,4266921.1399999997
2020-08-21,4302088.5499999998
2020-08-24,4317916.0499999998
2020-08-25,4333622.1399999997
2020-08-26,4378598.2599999998
2020-08-27,4376464.7999999998
2020-08-28,4414268.6799999997
2020-08-31,4423895.2699999996
2020-09-01,4460276.8499999996
2020-09-02,4535945.3200000003
2020-09-03,4334862.3200000003
2020-09-04,4268655.6600000001
2020-09-08,4147811.6000000001
2020-09-09,4271153.3700000001
2020-09-10,4190602.2300000000
2020-09-11,4172892.7700000000
2020-09-14,4251926.2100000000
2020-09-15,4289617.3499999996
2020-09-16,4243895.3799999999
2020-09-17,4207947.4400000004
2020-09-18,4155035.8799999999
2020-09-21,4147438.6800000002
2020-09-22,4248396.6100000003
2020-09-23,4130885.0600000001
2020-09-24,4152242.8799999999
2020-09-25,4242382.6500000004
2020-09-28,4302217.6200000001
2020-09-29,4310128.9000000004
2020-09-30,4349894.1399999997
2020-10-01,4395151.1399999997
2020-10-02,4291582.2300000004
2020-10-05,4390364.3399999999
2020-10-06,4317770.3700000001
2020-10-07,4397379.1699999999
2020-10-08,4403889.2199999997
2020-10-09,4453141.0199999996
2020-10-12,4561575.0599999996
2020-10-13,4565012.8499999996
2020-10-14,4520887.2699999996
2020-10-15,4481313.5099999998
2020-10-16,4474350.8899999997
2020-10-19,4396404.4100000001
2020-10-20,4422183.4900000002
2020-10-21,4410799.6200000001
2020-10-22,4380721.1200000001
2020-10-23,4406595.9400000004
2020-10-26,4346047.2900000000
2020-10-27,4369041.3300000001
2020-10-28,4226133.6399999997
2020-10-29,4295542.2199999997
2020-10-30,4163583.2400000002
2020-11-02,4199788.8399999999
2020-11-03,4279406.3499999996
2020-11-04,4449111.4100000001
2020-11-05,4560443.6299999999
2020-11-06,4576309.6900000004
2020-11-09,4447370.7500000000
2020-11-10,4331721.7100000000
2020-11-11,4434942.4900000002
2020-11-12,4408815.2699999996
2020-11-13,4440921.6299999999
2020-11-16,4447222.7999999998
2020-11-17,4433245.3499999996
2020-11-18,4383184.1399999997
2020-11-19,4402601.1399999997
2020-11-20,4389058.8499999996
2020-11-23,4373392.9600000000
2020-11-24,4387283.3799999999
2020-11-25,4419938.0499999998
2020-11-27,4449137.5199999996
2020-11-30,4483924.4900000002
2020-12-01,4525386.8600000003
2020-12-02,4509163.9699999997
2020-12-03,4480382.2599999998
2020-12-04,4504029.0400000000
2020-12-07,4523019.5700000003
2020-12-08,4530486.9800000004
2020-12-09,4462166.3099999996
2020-12-10,4471322.1500000004
2020-12-11,4458772.0400000000
2020-12-14,4495160.4100000001
2020-12-15,4532001.3499999996
2020-12-16,4566266.1200000001
2020-12-17,4597014.7699999996
2020-12-18,4593811.9699999997
2020-12-21,4579073.8499999996
2020-12-22,4595103.4699999997
2020-12-23,4570404.2400000002
2020-12-24,4577057.0499999998
2020-12-28,4616877.9000000004
2020-12-29,4612294.2699999996
2020-12-30,4604925.5300000003
2020-12-31,4619427.2699999996
2021-01-04,4555858.8499999996
2021-01-05,4592449.3200000003
2021-01-06,4524262.3499999996
2021-01-07,4613315.7599999998
2021-01-08,4656096.3200000003
2021-01-11,4625399.0899999999
2021-01-12,4601276.0899999999
2021-01-13,4626883.3099999996
2021-01-14,4591488.9400000004
2021-01-15,4575668.8700000001
2021-01-19,4631755.0499999998
2021-01-20,4736174.5400000000
2021-01-21,4770006.0999999996
2021-01-22,4776231.1100000003
2021-01-25,4804859.1600000001
2021-01-26,4801689.9100000001
2021-01-27,4660260.8799999999
2021-01-28,4679669.2800000003
2021-01-29,4627712.7300000004
2021-02-01,4693638.4400000004
2021-02-02,4756263.9400000004
2021-02-03,4727688.2699999996
2021-02-04,4772214.9800000004
2021-02-05,4772747.5499999998
2021-02-08,4807696.6500000004
2021-02-09,4806125.1200000001
2021-02-10,4809704.7199999997
2021-02-11,4833137.9900000002
2021-02-12,4862717.6900000004
2021-02-16,4844418.0800000001
2021-02-17,4828921.0499999998
2021-02-18,4802624.0999999996
2021-02-19,4757704.5099999998
2021-02-22,4660234.6799999997
2021-02-23,4639403.1699999999
2021-02-24,4652865.9500000002
2021-02-25,4519460.4500000002
2021-02-26,4561018.7100000000
2021-03-01,4682288.5000000000
2021-03-02,4589742.7999999998
2021-03-03,4459218.4400000004
2021-03-04,4364551.1799999997
2021-03-05,4440796.6100000003
2021-03-08,4343710.9299999997
2021-03-09,4481796.0999999996
2021-03-10,4475658.4000000004
2021-03-11,4565026.1100000003
2021-03-12,4540361.8099999996
2021-03-15,4581326.3799999999
2021-03-16,4610434.6200000001
2021-03-17,4601188.7800000003
2021-03-18,4499405.9699999997
2021-03-19,4537829.9000000004
2021-03-22,4613828.2500000000
2021-03-23,4574710.5300000003
2021-03-24,4497008.4199999999
2021-03-25,4493003.9699999997
2021-03-26,4561831.5800000001
2021-03-29,4552747.2400000002
2021-03-30,4539168.8300000001
2021-03-31,4636246.1900000004
2021-04-01,4697432.1200000001
2021-04-05,4788660.1799999997
2021-04-06,4777634.8200000003
2021-04-07,4780222.8600000003
2021-04-08,4833032.6600000001
2021-04-09,4881409.5899999999
2021-04-12,4897960.7400000002
2021-04-13,4978749.2500000000
2021-04-14,4905401.3300000001
2021-04-15,4993910.2100000000
2021-04-16,4994976.9000000004
2021-04-19,4932190.9400000004
2021-04-20,4892889.5999999996
2021-04-21,4944527.7999999998
2021-04-22,4882074.0800000001
2021-04-23,4954381.5499999998
2021-04-26,4991715.6299999999
2021-04-27,4973844.2300000004
2021-04-28,4936466.4299999997
2021-04-29,4913620.0700000003
2021-04-30,4884906.9299999997
2021-05-03,4859551.2300000004
2021-05-04,4780861.1200000001
2021-05-05,4787016.4299999997
2021-05-06,4820800.7199999997
2021-05-07,4861299.8899999997
2021-05-10,4747514.0000000000
2021-05-11,4743264.7400000002
2021-05-12,4595458.4900000002
2021-05-13,4632233.0000000000
2021-05-14,4725769.2999999998
2021-05-17,4692457.1600000001
2021-05-18,4667223.8600000003
2021-05-19,4662825.9600000000
2021-05-20,4743194.7900000000
2021-05-21,4727098.2900000000
2021-05-24,4804625.5300000003
2021-05-25,4805998.2400000002
2021-05-26,4822514.4199999999
2021-05-27,4837692.8600000003
2021-05-28,4846436.2100000000
2021-06-01,4813648.6600000001
2021-06-02,4812966.6799999997
2021-06-03,4770613.9199999999
2021-06-04,4838567.2000000002
2021-06-07,4853798.0999999996
2021-06-08,4850807.8799999999
2021-06-09,4847808.9100000001
2021-06-10,4895154.1299999999
2021-06-11,4910306.3399999999
2021-06-14,4953979.3499999996
2021-06-15,4913698.7599999998
2021-06-16,4912885.6299999999
2021-06-17,4977874.9199999999
2021-06-18,4950482.0099999998
2021-06-21,4978813.0800000001
2021-06-22,5032374.5800000001
2021-06-23,5059317.2699999996
2021-06-24,5102488.5999999996
2021-06-25,5097052.7999999998
2021-06-28,5167657.0000000000
2021-06-29,5193671.8399999999
2021-06-30,5194092.0000000000
2021-07-01,5189260.1699999999
2021-07-02,5250235.7300000004
2021-07-06,5267094.6100000003
2021-07-07,5281747.6500000004
2021-07-08,5238672.6100000003
2021-07-09,5286596.9900000002
2021-07-12,5319386.8899999997
2021-07-13,5299464.3499999996
2021-07-14,5291157.4600000000
2021-07-15,5247338.3899999997
2021-07-16,5193225.4199999999
2021-07-19,5160969.4699999997
2021-07-20,5237981.0999999996
2021-07-21,5266718.2199999997
2021-07-22,5303175.7599999998
2021-07-23,5357026.1200000001
2021-07-26,5351161.4000000004
2021-07-27,5294002.2900000000
2021-07-28,5311841.5300000003
2021-07-29,5351686.5999999996
2021-07-30,5309819.5199999996
2021-08-02,5325514.2000000002
2021-08-03,5374532.7400000002
2021-08-04,5370156.0899999999
2021-08-05,5403943.8700000001
2021-08-06,5374532.7400000002
2021-08-09,5378760.5899999999
2021-08-10,5354969.0999999996
2021-08-11,5353726.1200000001
2021-08-12,5380966.4299999997
2021-08-13,5401668.0099999998
2021-08-16,5406044.6600000001
2021-08-17,5331641.5199999996
2021-08-18,5281747.6500000004
2021-08-19,5314791.4000000004
2021-08-20,5379697.2000000002
2021-08-23,5448935.8799999999
2021-08-24,5455063.2000000002
2021-08-25,5474057.8899999997
2021-08-26,5435805.9199999999
2021-08-27,5494776.9699999997
2021-08-30,5566440.3300000001
2021-08-31,5553695.5099999998
2021-09-01,5547848.2999999998
2021-09-02,5561853.5899999999
2021-09-03,5589715.3799999999
2021-09-07,5590687.0000000000
2021-09-08,5566659.1600000001
2021-09-09,5531497.1100000003
2021-09-10,5501919.6699999999
2021-09-13,5479134.8099999996
2021-09-14,5471606.9600000000
2021-09-15,5518962.3700000001
2021-09-16,5519653.8799999999
2021-09-17,5474408.0199999996
2021-09-20,5367523.9699999997
2021-09-21,5375612.5000000000
2021-09-22,5446761.7699999996
2021-09-23,5546067.5300000003
2021-09-24,5526139.7800000003
2021-09-27,5521276.1399999997
2021-09-28,5391824.6100000003
2021-09-29,5363142.3200000003
2021-09-30,5293763.2400000002
2021-10-01,5351662.3899999997
2021-10-04,5278979.5400000000
2021-10-05,5356157.9600000000
2021-10-06,5341260.3499999996
2021-10-07,5406625.8300000001
2021-10-08,5402480.7900000000
2021-10-11,5363194.9000000004
2021-10-12,5353371.2300000004
2021-10-13,5375419.7100000000
2021-10-14,5472149.0599999996
2021-10-15,5518769.8399999999
2021-10-18,5556811.3399999999
2021-10-19,5578667.0300000003
2021-10-20,5588359.2400000002
2021-10-21,5604869.3099999996
2021-10-22,5602178.9699999997
2021-10-25,5626339.4000000004
2021-10-26,5627180.6799999997
2021-10-27,5608514.8399999999
2021-10-28,5664126.7699999996
2021-10-29,5683879.2599999998
2021-11-01,5661357.5700000003
2021-11-02,5707347.3899999997
2021-11-03,5720571.2100000000
2021-11-04,5704420.4400000004
2021-11-05,5709757.2999999998
2021-11-08,5735591.5199999996
2021-11-09,5726863.2699999996
2021-11-10,5663180.3300000001
2021-11-11,5679488.8399999999
2021-11-12,5740402.5700000003
2021-11-15,5729001.5099999998
2021-11-16,5747684.8799999999
2021-11-17,5717100.9500000002
2021-11-18,5721237.2300000004
2021-11-19,5702755.4199999999
2021-11-22,5712132.1500000004
2021-11-23,5722884.7300000004
2021-11-24,5726898.3200000003
2021-11-26,5599339.6600000001
2021-11-29,5676868.6200000001
2021-11-30,5518436.8300000001
2021-12-01,5442888.3899999997
2021-12-02,5563059.5800000001
2021-12-03,5513853.6299999999
2021-12-06,5556811.3399999999
2021-12-07,5685561.8099999996
2021-12-08,5691608.4900000002
2021-12-09,5654758.7999999998
2021-12-10,5691450.7500000000
2021-12-13,5621142.7599999998
2021-12-14,5581523.8600000003
2021-12-15,5643971.1699999999
2021-12-16,5629108.6100000003
2021-12-17,5536261.4000000004
2021-12-20,5436637.5199999996
2021-12-21,5545945.7900000000
2021-12-22,5591423.5800000001
2021-12-23,5634697.2900000000
2021-12-27,5691537.9400000004
2021-12-28,5675117.1200000001
2021-12-29,5693654.2100000000
2021-12-30,5677725.1299999999
2021-12-31,5665624.6500000004
2022-01-03,5665361.2100000000
2022-01-04,5753805.3700000001
2022-01-05,5613174.5899999999
2022-01-06,5634012.3600000003
2022-01-07,5624879.9199999999
2022-01-10,5605297.8600000003
2022-01-11,5652496.7699999996
2022-01-12,5682194.7599999998
2022-01-13,5617029.5400000000
2022-01-14,5599976.4600000000
2022-01-18,5457352.3499999996
2022-01-19,5380745.2400000002
2022-01-20,5306473.9199999999
2022-01-21,5208730.4800000004
2022-01-24,5226573.8600000003
2022-01-25,5166809.0700000003
2022-01-26,5140509.4100000001
2022-01-27,5123096.2999999998
2022-01-28,5206227.8399999999
2022-01-31,5304954.7800000003
2022-02-01,5370576.6200000001
2022-02-02,5479103.3600000003
2022-02-03,5351258.0000000000
2022-02-04,5370752.2400000002
2022-02-07,5335574.7900000000
2022-02-08,5401846.4400000004
2022-02-09,5499879.6600000001
2022-02-10,5418153.1100000003
2022-02-11,5304015.1900000004
2022-02-14,5261575.6900000004
2022-02-15,5342283.6200000001
2022-02-16,5370040.9699999997
2022-02-17,5210521.8399999999
2022-02-18,5165430.4299999997
2022-02-22,5102627.3499999996
2022-02-23,5006086.9299999997
2022-02-24,5091800.1399999997
2022-02-25,5219698.1900000004
2022-02-28,5196796.8399999999
2022-03-01,5082000.3300000001
2022-03-02,5194952.7900000000
2022-03-03,5170365.4600000000
2022-03-04,5077161.8899999997
2022-03-07,4867739.2599999998
2022-03-08,4870452.6500000004
2022-03-09,5048087.3700000001
2022-03-10,5034098.9299999997
2022-03-11,4974465.8600000003
2022-03-14,4928259.2300000004
2022-03-15,5011768.3600000003
2022-03-16,5161584.2699999996
2022-03-17,5225405.9600000000
2022-03-18,5294636.8799999999
2022-03-21,5328483.0999999996
2022-03-22,5366971.3099999996
2022-03-23,5316002.8200000003
2022-03-24,5397951.9900000002
2022-03-25,5440480.0099999998
2022-03-28,5436211.3700000001
2022-03-29,5472332.0199999996
2022-03-30,5447142.6200000001
2022-03-31,5381519.9100000001
2022-04-01,5388288.1299999999
2022-04-04,5392574.3799999999
2022-04-05,5342406.7999999998
2022-04-06,5347687.5999999996
2022-04-07,5383773.0499999998
2022-04-08,5398937.7400000002
2022-04-11,5291359.0899999999
2022-04-12,5282557.7599999998
2022-04-13,5328324.6799999997
2022-04-14,5281052.7400000002
2022-04-18,5281677.6299999999
2022-04-19,5337126.0099999998
2022-04-20,5361769.7300000004
2022-04-21,5268581.2500000000
2022-04-22,5099490.1200000001
2022-04-25,5112692.1100000003
2022-04-26,5029651.5700000003
2022-04-27,5007076.1600000001
2022-04-28,5110051.7100000000
2022-04-29,4922583.4000000004
2022-05-02,4941013.3899999997
2022-05-03,4978911.9100000001
2022-05-04,5126774.2400000002
2022-05-05,4983312.5700000003
2022-05-06,4987546.0099999998
2022-05-09,4814071.8099999996
2022-05-10,4816967.4500000002
2022-05-11,4795404.2000000002
2022-05-12,4772054.2699999996
2022-05-13,4883417.4900000002
2022-05-16,4887378.0899999999
2022-05-17,4961309.2500000000
2022-05-18,4759758.8099999996
2022-05-19,4738952.4699999997
2022-05-20,4729834.2900000000
2022-05-23,4830697.5300000003
2022-05-24,4807717.2599999998
2022-05-25,4855693.2999999998
2022-05-26,4946831.0599999996
2022-05-27,5051962.9400000004
2022-05-31,4999154.9699999997
2022-06-01,4984192.7100000000
2022-06-02,5048442.4100000001
2022-06-03,5005720.7599999998
2022-06-06,5019345.2100000000
2022-06-07,5076606.6600000001
2022-06-08,5036120.5499999998
2022-06-09,4928744.3300000001
2022-06-10,4802005.1900000004
2022-06-13,4632139.5400000000
2022-06-14,4596934.2199999997
2022-06-15,4637578.7599999998
2022-06-16,4500999.7400000002
2022-06-17,4449952.0300000003
2022-06-21,4597906.7699999996
2022-06-22,4586414.2100000000
2022-06-23,4579341.8700000001
2022-06-24,4708412.1200000001
2022-06-27,4719020.6399999997
2022-06-28,4665094.0300000003
2022-06-29,4638864.4699999997
2022-06-30,4589066.3399999999
2022-07-01,4630616.3499999996
2022-07-05,4601442.9400000004
2022-07-06,4608515.2800000003
2022-07-07,4686311.0499999998
2022-07-08,4689847.2199999997
2022-07-11,4642161.9500000002
2022-07-12,4597906.7699999996
2022-07-13,4560776.9699999997
2022-07-14,4533371.6399999997
2022-07-15,4627964.2300000004
2022-07-18,4598490.2400000002
2022-07-19,4732113.3099999996
2022-07-20,4734252.7000000002
2022-07-21,4750227.3499999996
2022-07-22,4699465.6100000003
2022-07-25,4746337.5599999996
2022-07-26,4707793.2900000000
2022-07-27,4826873.8600000003
2022-07-28,4882665.8099999996
2022-07-29,4951983.5999999996
2022-08-01,4918089.4000000004
2022-08-02,4892443.3200000003
2022-08-03,4930466.0000000000
2022-08-04,4884336.6500000004
2022-08-05,4907321.7599999998
2022-08-08,4898481.3300000001
2022-08-09,4905898.4500000002
2022-08-10,4989537.7400000002
2022-08-11,5018711.1600000001
2022-08-12,5098345.7400000002
2022-08-15,5104861.1299999999
2022-08-16,5116839.9100000001
2022-08-17,5086605.6500000004
2022-08-18,5118608.0000000000
2022-08-19,5069985.6399999997
2022-08-22,4983349.4400000004
2022-08-23,4992189.8700000001
2022-08-24,5008102.6399999997
2022-08-25,5071196.7800000003
2022-08-26,4926532.0099999998
2022-08-29,4914517.8700000001
2022-08-30,4853395.1500000004
2022-08-31,4805656.8399999999
2022-09-01,4797700.4500000002
2022-09-02,4762338.7400000002
2022-09-06,4743773.8399999999
2022-09-07,4806540.8799999999
2022-09-08,4843440.8300000001
2022-09-09,4914234.9800000004
2022-09-12,4952372.5800000001
2022-09-13,4767651.8300000001
2022-09-14,4780214.0800000001
2022-09-15,4751473.8499999996
2022-09-16,4721805.3700000001
2022-09-19,4727756.7500000000
2022-09-20,4697988.1100000003
2022-09-21,4640325.8300000001
2022-09-22,4635020.7900000000
2022-09-23,4506224.7900000000
2022-09-26,4444856.9800000004
2022-09-27,4457173.1900000004
2022-09-28,4577625.0800000001
2022-09-29,4526867.3399999999
2022-09-30,4470431.3399999999
2022-10-03,4606816.1200000001
2022-10-04,4717670.9600000000
2022-10-05,4740641.6799999997
2022-10-06,4728325.4600000000
2022-10-07,4652428.7800000003
2022-10-10,4623877.5400000000
2022-10-11,4620776.2800000003
2022-10-12,4609713.0099999998
2022-10-13,4749652.2500000000
2022-10-14,4646519.4800000004
2022-10-17,4711050.7699999996
2022-10-18,4763870.0999999996
2022-10-19,4768615.3099999996
2022-10-20,4756761.1699999999
2022-10-21,4873169.8600000003
2022-10-24,4944259.1399999997
2022-10-25,4948622.2400000002
2022-10-26,4996687.4800000004
2022-10-27,5002001.4000000004
2022-10-28,5087326.3099999996
2022-10-31,5077551.5300000003
2022-11-01,5079328.7599999998
2022-11-02,5007439.7300000004
2022-11-03,5037679.3300000001
2022-11-04,5082883.2300000004
2022-11-07,5103321.3899999997
2022-11-08,5135311.5700000003
2022-11-09,5005662.5000000000
2022-11-10,5111318.9400000004
2022-11-11,5094435.2300000004
2022-11-14,5087326.3099999996
2022-11-15,5109541.7100000000
2022-11-16,5082883.2300000004
2022-11-17,5105987.2400000002
2022-11-18,5132645.7199999997
2022-11-21,5120205.0999999996
2022-11-22,5208533.5199999996
2022-11-23,5197514.6799999997
2022-11-25,5211617.0199999996
2022-11-28,5148640.8099999996
2022-11-29,5160192.8099999996
2022-11-30,5238391.0199999996
2022-12-01,5209066.6900000004
2022-12-02,5216175.6200000001
2022-12-05,5139754.6500000004
2022-12-06,5095323.8499999996
2022-12-07,5084660.4600000000
2022-12-08,5092658.0000000000
2022-12-09,5025123.1900000004
2022-12-12,5107764.4699999997
2022-12-13,5113096.1699999999
2022-12-14,5106875.8600000003
2022-12-15,5034009.3499999996
2022-12-16,4983358.2400000002
2022-12-19,4971815.1200000001
2022-12-20,4986109.6500000004
2022-12-21,5057582.2800000003
2022-12-22,5017378.9199999999
2022-12-23,5075530.8499999996
2022-12-27,5101359.2699999996
2022-12-28,5028099.8200000003
2022-12-29,5063836.1399999997
2022-12-30,5072770.2199999997
2023-01-03,4991470.0899999999
2023-01-04,4983429.4199999999
2023-01-05,4978068.9699999997
2023-01-06,5059646.0499999998
2023-01-09,5008444.8399999999
2023-01-10,5009338.2500000000
2023-01-11,5045074.5700000003
2023-01-12,5059369.0999999996
2023-01-13,5062049.3200000003
2023-01-17,5049541.6100000003
2023-01-18,4953348.3799999999
2023-01-19,4969134.9000000004
2023-01-20,5006658.0300000003
2023-01-23,5007551.4400000004
2023-01-24,5015779.7199999997
2023-01-25,5021845.9600000000
2023-01-26,5085277.9299999997
2023-01-27,5029886.6299999999
2023-01-30,4981222.7000000002
2023-01-31,5049541.6100000003
2023-02-01,5005335.7800000003
2023-02-02,4921784.2800000003
2023-02-03,4905702.9299999997
2023-02-06,4904809.5199999996
2023-02-07,4965561.2599999998
2023-02-08,4937865.6200000001
2023-02-09,4929449.7199999997
2023-02-10,5023632.7800000003
2023-02-13,5040607.5300000003
2023-02-14,5020952.5599999996
2023-02-15,4989683.2800000003
2023-02-16,4945906.2900000000
2023-02-17,4921784.2800000003
2023-02-21,4889469.7100000000
2023-02-22,4867286.3899999997
2023-02-23,4890515.0000000000
2023-02-24,4868027.9199999999
2023-02-27,4871753.4299999997
2023-02-28,4819042.3600000003
2023-03-01,4834230.2999999998
2023-03-02,4868179.7999999998
2023-03-03,4905702.9299999997
2023-03-06,4934291.9900000002
2023-03-07,4861032.5400000000
2023-03-08,4833336.8899999997
2023-03-09,4774371.9699999997
2023-03-10,4729692.6399999997
2023-03-13,4718087.2699999996
2023-03-14,4759184.0300000003
2023-03-15,4683244.3600000003
2023-03-16,4714513.6399999997
2023-03-17,4646614.6299999999
2023-03-20,4730894.2699999996
2023-03-21,4794740.2100000000
2023-03-22,4712909.5000000000
2023-03-23,4695823.9699999997
2023-03-24,4730894.2699999996
2023-03-27,4785001.4600000000
2023-03-28,4812724.9800000004
2023-03-29,4851392.2400000002
2023-03-30,4864880.8200000003
2023-03-31,4903548.0800000001
2023-04-03,5016852.1500000004
2023-04-04,4956603.1600000001
2023-04-05,5019549.8600000003
2023-04-06,5003363.5700000003
2023-04-10,5023146.8200000003
2023-04-11,5041131.5899999999
2023-04-12,5054233.4900000002
2023-04-13,5098682.8600000003
2023-04-14,5075302.6500000004
2023-04-17,5063612.5499999998
2023-04-18,5074403.4199999999
2023-04-19,5052821.6900000004
2023-04-20,5050123.9699999997
2023-04-21,5051922.4500000002
2023-04-24,5086093.5199999996
2023-04-25,5045627.7800000003
2023-04-26,4962897.8300000001
2023-04-27,5012355.9500000002
2023-04-28,5045627.7800000003
2023-05-01,5051023.2100000000
2023-05-02,4961998.5899999999
2023-05-03,4935021.4299999997
2023-05-04,4890958.7400000002
2023-05-05,4971890.2199999997
2023-05-08,4980882.5999999996
2023-05-09,4973688.6900000004
2023-05-10,4968293.2599999998
2023-05-11,4941316.0999999996
2023-05-12,4949409.2500000000
2023-05-15,4953006.2000000002
2023-05-16,4884664.0700000003
2023-05-17,4924230.5700000003
2023-05-18,4928726.7599999998
2023-05-19,4948510.0099999998
2023-05-22,4921532.8499999996
2023-05-23,4899951.1299999999
2023-05-24,4881067.1200000001
2023-05-25,4836105.1900000004
2023-05-26,4826213.5599999996
2023-05-30,4795639.4500000002
2023-05-31,4767763.0499999998
2023-06-01,4814523.4600000000
2023-06-02,4901749.5999999996
2023-06-05,4908943.5099999998
2023-06-06,4902648.8399999999
2023-06-07,4926029.0499999998
2023-06-08,4953006.2000000002
2023-06-09,4954804.6799999997
2023-06-12,4944013.8200000003
2023-06-13,4975487.1699999999
2023-06-14,4921344.0099999998
2023-06-15,4988076.5099999998
2023-06-16,4976386.4100000001
2023-06-20,4938629.1799999997
2023-06-21,4966648.4900000002
2023-06-22,4968456.1799999997
2023-06-23,4944956.1200000001
2023-06-26,4959372.5000000000
2023-06-27,4975686.9699999997
2023-06-28,4969360.0300000003
2023-06-29,5013648.6200000001
2023-06-30,5056129.5099999998
2023-07-03,5057937.2000000002
2023-07-05,5036244.8399999999
2023-07-06,4982917.7599999998
2023-07-07,4965744.6399999997
2023-07-10,5000994.7400000002
2023-07-11,5033533.2900000000
2023-07-12,5030821.7400000002
2023-07-13,5010033.2199999997
2023-07-14,4995119.7199999997
2023-07-17,5004610.1299999999
2023-07-18,5030821.7400000002
2023-07-19,5047994.8700000001
2023-07-20,5120302.7599999998
2023-07-21,5140991.8600000003
2023-07-24,5152497.8499999996
2023-07-25,5154477.2800000003
2023-07-26,5140187.4299999997
2023-07-27,5111182.9299999997
2023-07-28,5125626.4299999997
2023-07-31,5145086.2900000000
2023-08-01,5141434.7400000002
2023-08-02,5127533.5499999998
2023-08-03,5126629.7000000002
2023-08-04,5105841.1799999997
2023-08-07,5152841.3099999996
2023-08-08,5224245.3600000003
2023-08-09,5244130.0300000003
2023-08-10,5243777.5300000003
2023-08-11,5290786.7000000002
2023-08-14,5313726.3799999999
2023-08-15,5255880.0599999996
2023-08-16,5239610.7900000000
2023-08-17,5223133.6299999999
2023-08-18,5247157.9199999999
2023-08-21,5248884.2800000003
2023-08-22,5223558.4400000004
2023-08-23,5236899.2400000002
2023-08-24,5200745.2900000000
2023-08-25,5232741.5400000000
2023-08-28,5254587.5599999996
2023-08-29,5280283.9800000004
2023-08-30,5285851.6900000004
2023-08-31,5266816.6299999999
2023-09-01,5316383.6900000004
2023-09-05,5296553.2500000000
2023-09-06,5281160.7100000000
2023-09-07,5307137.3200000003
2023-09-08,5347873.7800000003
2023-09-11,5343553.3899999997
2023-09-12,5393265.0599999996
2023-09-13,5366990.1799999997
2023-09-14,5418572.8300000001
2023-09-15,5348072.6299999999
2023-09-18,5356957.4600000000
2023-09-19,5349964.9900000002
2023-09-20,5299737.2699999996
2023-09-21,5196221.4900000002
2023-09-22,5218007.1200000001
2023-09-25,5232546.0099999998
2023-09-26,5176243.0099999998
2023-09-27,5194405.2699999996
2023-09-28,5247983.9199999999
2023-09-29,5201833.6299999999
2023-10-02,5201670.1699999999
2023-10-03,5126296.8099999996
2023-10-04,5168070.0000000000
2023-10-05,5166253.7699999996
2023-10-06,5259789.3899999997
2023-10-09,5281584.0999999996
2023-10-10,5334254.6399999997
2023-10-11,5376027.8300000001
2023-10-12,5351490.6200000001
2023-10-13,5289475.5999999996
2023-10-16,5357556.8200000003
2023-10-17,5338985.9100000001
2023-10-18,5252524.4900000002
2023-10-19,5207118.8499999996
2023-10-20,5136286.0499999998
2023-10-23,5171702.4500000002
2023-10-24,5210751.2999999998
2023-10-25,5119940.0199999996
2023-10-26,5057280.2300000004
2023-10-27,5032325.2900000000
2023-10-30,5095420.9699999997
2023-10-31,5098145.3099999996
2023-11-01,5175334.9000000004
2023-11-02,5269778.6299999999
2023-11-03,5326081.6299999999
2023-11-06,5366946.7000000002
2023-11-07,5372395.3799999999
2023-11-08,5406903.6699999999
2023-11-09,5371487.2699999996
2023-11-10,5483493.9000000004
2023-11-13,5508612.2999999998
2023-11-14,5598515.4699999997
2023-11-15,5573088.3099999996
2023-11-16,5569455.8600000003
2023-11-17,5602147.9199999999
2023-11-20,5661175.2500000000
2023-11-21,5638472.4299999997
2023-11-22,5638472.4299999997
2023-11-24,5632687.7500000000
2023-11-27,5612327.8600000003
2023-11-28,5598515.4699999997
2023-11-29,5587164.0599999996
2023-11-30,5598515.4699999997
2023-12-01,5620310.1799999997
2023-12-04,5584893.7800000003
2023-12-05,5566277.4600000000
2023-12-06,5544028.7000000002
2023-12-07,5583985.6600000001
2023-12-08,5640888.0099999998
2023-12-11,5688427.7199999997
2023-12-12,5740108.4199999999
2023-12-13,5811912.9000000004
2023-12-14,5818215.2000000002
2023-12-15,5833716.6900000004
2023-12-18,5887695.8200000003
2023-12-19,5935948.1600000001
2023-12-20,5842174.7500000000
2023-12-21,5910456.3600000003
2023-12-22,5921381.4199999999
2023-12-26,5956887.8499999996
2023-12-27,5975096.2800000003
2023-12-28,5976006.7100000000
2023-12-29,5962869.3200000003
2024-01-02,5907725.0899999999
2024-01-03,5857651.9100000001
2024-01-04,5863114.4400000004
2024-01-05,5901352.1399999997
2024-01-08,5989098.5700000003
2024-01-09,5994388.1200000001
2024-01-10,6050661.2699999996
2024-01-11,6084346.8600000003
2024-01-12,6084838.4900000002
2024-01-16,6065228.0099999998
2024-01-17,6030631.9900000002
2024-01-18,6122584.5700000003
2024-01-19,6213626.7199999997
2024-01-22,6232745.5700000003
2024-01-23,6227283.0400000000
2024-01-24,6287206.9800000004
2024-01-25,6331981.5099999998
2024-01-26,6313773.0800000001
2024-01-29,6372950.4800000004
2024-01-30,6386606.7999999998
2024-01-31,6299206.3399999999
2024-02-01,6420292.4000000004
2024-02-02,6602376.6900000004
2024-02-05,6637883.1299999999
2024-02-06,6618764.2800000003
2024-02-07,6713448.1200000001
2024-02-08,6721641.9100000001
2024-02-09,6759879.6100000003
2024-02-12,6756237.9299999997
2024-02-13,6687045.8899999997
2024-02-14,6795386.0499999998
2024-02-15,6842727.9699999997
2024-02-16,6816325.7500000000
2024-02-20,6730746.1299999999
2024-02-21,6699791.7999999998
2024-02-22,6959261.9199999999
2024-02-23,6969276.5599999996
2024-02-26,6976559.9299999997
2024-02-27,6983843.2999999998
2024-02-28,6981112.0400000000
2024-02-29,7022991.4299999997
2024-03-01,7165017.1799999997
2024-03-04,7184136.0300000003
2024-03-05,7128600.3200000003
2024-03-06,7194150.6699999999
2024-03-07,7322520.0999999996
2024-03-08,7192329.8200000003
2024-03-11,7104018.9400000004
2024-03-12,7250596.7999999998
2024-03-13,7230567.5300000003
2024-03-14,7177763.0800000001
2024-03-15,7155002.5400000000
2024-03-18,7206582.4699999997
2024-03-19,7256735.8399999999
2024-03-20,7335157.4600000000
2024-03-21,7363425.7199999997
2024-03-22,7370720.7599999998
2024-03-25,7347923.7699999996
2024-03-26,7308712.9600000000
2024-03-27,7322391.1500000004
2024-03-28,7315096.1200000001
2024-04-01,7305065.4400000004
2024-04-02,7263118.9900000002
2024-04-03,7302329.7999999998
2024-04-04,7204758.7100000000
2024-04-05,7336069.3399999999
2024-04-08,7308712.9600000000
2024-04-09,7277709.0599999996
2024-04-10,7226643.8200000003
2024-04-11,7355218.8099999996
2024-04-12,7233026.9699999997
2024-04-15,7123601.4500000002
2024-04-16,7118130.1799999997
2024-04-17,7031501.6399999997
2024-04-18,6989555.1900000004
2024-04-19,6821769.3899999997
2024-04-22,6901102.8899999997
2024-04-23,7012352.1699999999
2024-04-24,6995938.3399999999
2024-04-25,6940313.7000000002
2024-04-26,7026942.2400000002
2024-04-29,7024206.5999999996
2024-04-30,6916604.8399999999
2024-05-01,6886512.8200000003
2024-05-02,6964934.4500000002
2024-05-03,7096245.0700000003
2024-05-06,7217525.0300000003
2024-05-07,7225731.9400000004
2024-05-08,7224820.0599999996
2024-05-09,7243969.5300000003
2024-05-10,7254000.2000000002
2024-05-13,7235762.6100000003
2024-05-14,7278620.9400000004
2024-05-15,7416314.7199999997
2024-05-16,7373456.3899999997
2024-05-17,7363425.7199999997
2024-05-20,7404460.2900000000
2024-05-21,7425433.5199999996
2024-05-22,7415402.8399999999
2024-05-23,7429992.9100000001
2024-05-24,7506590.7800000003
2024-05-28,7544889.7100000000
2024-05-29,7523916.4900000002
2024-05-30,7407195.9299999997
2024-05-31,7424521.6399999997
2024-06-03,7471939.3600000003
2024-06-04,7480146.2800000003
2024-06-05,7650667.7100000000
2024-06-06,7641548.9199999999
2024-06-07,7649755.8399999999
2024-06-10,7697173.5599999996
2024-06-11,7758269.4800000004
2024-06-12,7859488.0899999999
2024-06-13,7929702.7900000000
2024-06-14,7972561.1200000001
2024-06-17,8058277.7800000003
2024-06-18,8081986.6500000004
2024-06-20,8021802.6100000003
2024-06-21,7966177.9699999997
2024-06-24,7865807.4100000001
2024-06-25,7971670.4600000000
2024-06-26,8004524.5099999998
2024-06-27,8029165.0499999998
2024-06-28,7981709.2000000002
2024-07-01,8030990.2800000003
2024-07-02,8079358.7400000002
2024-07-03,8145979.4600000000
2024-07-05,8229027.2000000002
2024-07-08,8253667.7300000004
2024-07-09,8271007.3700000001
2024-07-10,8363181.2400000002
2024-07-11,8188872.2500000000
2024-07-12,8212600.1699999999
2024-07-15,8242716.3799999999
2024-07-16,8228114.5800000001
2024-07-17,7950680.3700000001
2024-07-18,7925127.2199999997
2024-07-19,7880409.2100000000
2024-07-22,7998136.2300000004
2024-07-23,8021864.1500000004
2024-07-24,7738041.6500000004
2024-07-25,7644042.5599999996
2024-07-26,7731653.3700000001
2024-07-29,7712488.5000000000
2024-07-30,7597499.3200000003
2024-07-31,7848467.7699999996
2024-08-01,7707925.4400000004
2024-08-02,7501675.0099999998
2024-08-05,7262570.5300000003
2024-08-06,7379384.9299999997
2024-08-07,7307288.5400000000
2024-08-08,7555519.1500000004
2024-08-09,7631265.9900000002
2024-08-12,7668683.0999999996
2024-08-13,7846642.5499999998
2024-08-14,7894098.4000000004
2024-08-15,8078446.1299999999
2024-08-16,8066582.1699999999
2024-08-19,8157843.4199999999
2024-08-20,8156930.8099999996
2024-08-21,8197998.3700000001
2024-08-22,8100348.8300000001
2024-08-23,8177920.8899999997
2024-08-26,8109474.9600000000
2024-08-27,8142329.0099999998
2024-08-28,8074795.6799999997
2024-08-29,8032815.5000000000
2024-08-30,8145066.8399999999
2024-09-03,7889535.3300000001
2024-09-04,7860331.7300000004
2024-09-05,7835691.2000000002
2024-09-06,7658644.3600000003
2024-09-09,7767245.2599999998
2024-09-10,7817438.9400000004
2024-09-11,8006349.7400000002
2024-09-12,8103999.2800000003
2024-09-13,8129552.4299999997
2024-09-16,8103086.6699999999
2024-09-17,8090310.0899999999
2024-09-18,8062931.7199999997
2024-09-19,8267356.9199999999
2024-09-20,8261881.2500000000
2024-09-23,8305610.9000000004
2024-09-24,8325703.6500000004
2024-09-25,8333923.4100000001
2024-09-26,8316570.5800000001
2024-09-27,8250812.5000000000
2024-09-30,8278211.7000000002
2024-10-01,8217020.1500000004
2024-10-02,8248985.8899999997
2024-10-03,8248072.5800000001
2024-10-04,8374108.9000000004
2024-10-07,8314743.9699999997
2024-10-08,8415207.6999999993
2024-10-09,8488272.2400000002
2024-10-10,8466352.8800000008
2024-10-11,8554943.6199999992
2024-10-14,8605175.4900000002
2024-10-15,8512931.5199999996
2024-10-16,8554943.6199999992
2024-10-17,8589649.2799999993
2024-10-18,8591475.8900000006
2024-10-21,8599695.6500000004
2024-10-22,8574123.0600000005
2024-10-23,8492838.7699999996
2024-10-24,8487358.9299999997
2024-10-25,8465439.5700000003
2024-10-28,8495578.6899999995
2024-10-29,8528457.7300000004
2024-10-30,8470006.0999999996
2024-10-31,8294651.2199999997
2024-11-01,8349449.6200000001
2024-11-04,8310177.4400000004
2024-11-05,8447173.4399999995
2024-11-06,8717512.2100000009
2024-11-07,8771397.3100000005
2024-11-08,8849028.3699999992
2024-11-11,8835328.7699999996
2024-11-12,8817975.9499999993
2024-11-13,8819802.5600000005
2024-11-14,8717512.2100000009
2024-11-15,8575949.6799999997
2024-11-18,8580516.2100000009
2024-11-19,8641707.7599999998
2024-11-20,8655407.3599999994
2024-11-21,8723905.3599999994
2024-11-22,8729385.1999999993
2024-11-25,8723905.3599999994
2024-11-26,8830762.2400000002
2024-11-27,8777790.4499999993
2024-11-29,8843548.5299999993
2024-12-02,8838068.6899999995
2024-12-03,8884647.3300000001
2024-12-04,8969584.8599999994
2024-12-05,8963191.7100000009
2024-12-06,9014336.8800000008
2024-12-09,8867294.5099999998
2024-12-10,8801536.4299999997
2024-12-11,8903826.7699999996
2024-12-12,8832588.8499999996
2024-12-13,8929399.3599999994
2024-12-16,9000637.2799999993
2024-12-17,8902913.4700000007
2024-12-18,8613395.2500000000
2024-12-19,8635314.6099999994
2024-12-20,8729385.1999999993
2024-12-23,8822789.0700000003
2024-12-24,8926199.0099999998
2024-12-26,8932604.9299999997
2024-12-27,8839261.4499999993
2024-12-30,8739512.0500000007
2024-12-31,8694670.5700000003
2025-01-02,8744087.7100000009
2025-01-03,8866715.4199999999
2025-01-06,8928944.4000000004
2025-01-07,8808146.9600000009
2025-01-08,8843837.1099999994
2025-01-10,8746833.0999999996
2025-01-13,8733106.1199999992
2025-01-14,8739512.0500000007
2025-01-15,8901490.4399999995
2025-01-16,8928944.4000000004
2025-01-17,9027778.6799999997
2025-01-21,9156812.3100000005
2025-01-22,9219041.2899999991
2025-01-23,9283100.5500000007
2025-01-24,9273034.0899999999
2025-01-27,8985682.5999999996
2025-01-28,9097328.7200000007
2025-01-29,9068959.6199999992
2025-01-30,9213550.5000000000
2025-01-31,9154982.0399999991
2025-02-03,9150406.3800000008
2025-02-04,9208059.7100000009
2025-02-05,9327026.8900000006
2025-02-06,9413964.4399999995
2025-02-07,9337093.3399999999
2025-02-10,9406643.3900000006
2025-02-11,9415794.7100000009
2025-02-12,9370953.2300000004
2025-02-13,9449654.5999999996
2025-02-14,9431351.9499999993
2025-02-18,9432267.0899999999
2025-02-19,9434097.3499999996
2025-02-20,9326111.7599999998
2025-02-21,9143085.3300000001
2025-02-24,9071705.0199999996
2025-02-25,9054317.5099999998
2025-02-26,9146745.8499999996
2025-02-27,8968295.0899999999
2025-02-28,9133018.8699999992
2025-03-03,8937180.5899999999
2025-03-04,8794419.9800000004
2025-03-05,8896914.7799999993
2025-03-06,8665386.3399999999
2025-03-07,8651659.3599999994
2025-03-10,8429282.2500000000
2025-03-11,8417385.5299999993
2025-03-12,8505238.2200000007
2025-03-13,8397252.6199999992
2025-03-14,8589430.3699999992
2025-03-17,8653489.6300000008
2025-03-18,8538182.9700000007
2025-03-19,8647083.6999999993
2025-03-20,8637017.2500000000
2025-03-21,8622375.1300000008
2025-03-24,8873985.2300000004
2025-03-25,8917993.0099999998
2025-03-26,8730959.9499999993
2025-03-27,8655779.9900000002
2025-03-28,8452244.0099999998
2025-03-31,8483416.1899999995
2025-04-01,8543010.0600000005
2025-04-02,8631025.6099999994
2025-04-03,8127686.6399999997
2025-04-04,7547334.0599999996
2025-04-07,7653686.1900000004
2025-04-08,7578506.2400000002
2025-04-09,8427489.6400000006
2025-04-10,8096514.4699999997
2025-04-11,8234955.6100000003
2025-04-14,8271628.7500000000
2025-04-15,8300050.4400000004
2025-04-16,8091930.3200000003
2025-04-17,8091930.3200000003
2025-04-21,7878309.2300000004
2025-04-22,8103849.0999999996
2025-04-23,8314719.7000000002
2025-04-24,8510921.0500000007
2025-04-25,8620023.6699999999
2025-04-28,8628275.1300000008
2025-04-29,8690619.4800000004
2025-04-30,8670449.2500000000
2025-05-01,8776801.3800000008
2025-05-02,8966584.9299999997
2025-05-05,8937246.4100000001
2025-05-06,8852898.1699999999
2025-05-07,8939080.0700000003
2025-05-08,9030762.9399999995
2025-05-09,9028929.2799999993
2025-05-12,9340651.0500000007
2025-05-13,9519432.6500000004
2025-05-14,9595529.4299999997
2025-05-15,9590945.2899999991
2025-05-16,9645038.1799999997
2025-05-19,9649622.3300000001
2025-05-20,9617533.3200000003
2025-05-21,9444252.6899999995
2025-05-22,9460755.6099999994
2025-05-23,9429583.4299999997
2025-05-27,9652372.8100000005
2025-05-28,9612949.1799999997
2025-05-29,9647788.6699999999
2025-05-30,9658790.6099999994
2025-06-02,9757808.1199999992
2025-06-03,9825653.4399999995
2025-06-04,9821986.1300000008
2025-06-05,9696380.5899999999
2025-06-06,9802732.7200000007
2025-06-09,9800899.0700000003
2025-06-10,9819235.6400000006
2025-06-11,9820152.4700000007
2025-06-12,9830237.5899999999
2025-06-13,9733053.7400000002
2025-06-16,9865077.0800000001
2025-06-17,9786229.8100000005
2025-06-18,9828403.9299999997
2025-06-20,9801815.9000000004
2025-06-23,9959633.2899999991
2025-06-24,10098344.2899999991
2025-06-25,10100181.5199999996
2025-06-26,10219601.5800000001
2025-06-27,10273799.9199999999
2025-06-30,10331672.7200000007
2025-07-01,10172752.1699999999
2025-07-02,10229706.3599999994
2025-07-03,10335347.1799999997
2025-07-07,10294928.0899999999
2025-07-08,10218682.9700000007
2025-07-09,10294928.0899999999
2025-07-10,10326161.0199999996
2025-07-11,10304114.2400000002
2025-07-14,10384952.4399999995
2025-07-15,10355556.7300000004
2025-07-16,10369335.9700000007
2025-07-17,10444662.4700000007
2025-07-18,10456604.4800000004
2025-07-21,10475895.4100000001
2025-07-22,10367498.7400000002
2025-07-23,10505291.1199999992
2025-07-24,10503453.8900000006
2025-07-25,10566838.3800000008
2025-07-28,10592559.6300000008
2025-07-29,10555814.9900000002
2025-07-30,10602664.4000000004
2025-07-31,10627467.0299999993
2025-08-01,10401487.5299999993
2025-08-04,10587047.9299999997
2025-08-05,10540198.5199999996
2025-08-06,10691770.1400000006
2025-08-07,10690851.5299999993
2025-08-08,10765259.4100000001
2025-08-11,10752398.7899999991
2025-08-12,10887435.3200000003
2025-08-13,10826806.6799999997
2025-08-14,10849772.0700000003
2025-08-15,10776282.8000000007
2025-08-18,10780875.8800000008
2025-08-19,10627467.0299999993
2025-08-20,10611850.5600000005
2025-08-21,10544791.5999999996
2025-08-22,10702793.5299999993
2025-08-25,10677990.9000000004
2025-08-26,10777201.4199999999
2025-08-27,10773526.9499999993
2025-08-28,10821294.9800000004
2025-08-29,10700037.6799999997
2025-09-02,10615525.0199999996
2025-09-03,10618280.8699999992
2025-09-04,10778120.0299999993
2025-09-05,10752398.7899999991
2025-09-08,10813946.0500000007
2025-09-09,10882842.2400000002
2025-09-10,10977459.6799999997
2025-09-11,11035332.4800000004
2025-09-12,11067484.0299999993
2025-09-15,11127194.0700000003
2025-09-16,11121682.3699999992
2025-09-17,11085856.3499999996
2025-09-18,11156589.7699999996
2025-09-19,11200683.3399999999
2025-09-22,11235747.8200000003
2025-09-23,11188824.8699999992
2025-09-24,11123500.7500000000
2025-09-25,11069217.3300000001
2025-09-26,11094058.9000000004
2025-09-29,11106019.6500000004
2025-09-30,11138221.6799999997
2025-10-01,11092218.7799999993
2025-10-02,11112460.0600000005
2025-10-03,11048976.0600000005
2025-10-06,11078417.9100000001
2025-10-07,11083938.2599999998
2025-10-08,11172263.8200000003
2025-10-09,11206305.9700000007
2025-10-10,10902686.8399999999
2025-10-13,11148342.3200000003
2025-10-14,11091298.7200000007
2025-10-15,11150182.4299999997
2025-10-16,11061856.8699999992
2025-10-17,11079337.9700000007
2025-10-20,11154782.7200000007
2025-10-21,11108779.8200000003
2025-10-22,10991932.4600000009
2025-10-23,11071977.5000000000
2025-10-24,11198025.4499999993
2025-10-27,11316712.9199999999
2025-10-28,11357195.4700000007
2025-10-29,11425279.7599999998
2025-10-30,11206305.9700000007
2025-10-31,11197105.3900000006
2025-11-03,11192505.0999999996
2025-11-04,10991012.4000000004
2025-11-05,11019534.1999999993
2025-11-06,10869564.7500000000
2025-11-07,10905447.0099999998
2025-11-10,11112460.0600000005
2025-11-11,11067377.2200000007
2025-11-12,11071977.5000000000
2025-11-13,10827242.0899999999
2025-11-14,10841042.9600000009
2025-11-17,10716835.1300000008
2025-11-18,10657951.4199999999
2025-11-19,10737996.4600000009
2025-11-20,10527303.1899999995
2025-11-21,10516262.5000000000
2025-11-24,10759157.8000000007
2025-11-25,10849323.4800000004
2025-11-26,10974451.3599999994
2025-11-28,11051736.2300000004
2025-12-01,10942249.3300000001
2025-12-02,10963410.6699999999
2025-12-03,10991012.4000000004
2025-12-04,11086698.4299999997
2025-12-05,11118900.4600000009
2025-12-08,11132701.3300000001
2025-12-09,11106939.7100000009
2025-12-10,11181464.4000000004
2025-12-11,11204465.8499999996
2025-12-12,10957890.3200000003
2025-12-15,10919247.8800000008
2025-12-16,10921088.0000000000
2025-12-17,10721435.4199999999
2025-12-18,10829082.1999999993
2025-12-19,10997452.8100000005
2025-12-22,11088623.1899999995
2025-12-23,11157794.5099999998
2025-12-24,11201141.8699999992
2025-12-26,11194685.8800000008
2025-12-29,11125514.5600000005
2025-12-30,11099690.5999999996
2025-12-31,11004695.3300000001
2026-01-02,11036975.2799999993
2026-01-05,11106146.5899999999
2026-01-06,11164250.5000000000
2026-01-07,11084934.0600000005
2026-01-08,10977026.8000000007
2026-01-09,11070177.5099999998
2026-01-12,11110758.0099999998
2026-01-13,11079400.3499999996
2026-01-14,10966881.6799999997
2026-01-15,11041586.6999999993
2026-01-16,11067410.6600000001
2026-01-20,10788880.8200000003
2026-01-21,10850673.8599999994
2026-01-22,10877420.1099999994
2026-01-23,10875575.5399999991
2026-01-26,10959503.4000000004
2026-01-27,11031441.5700000003
2026-01-28,10991783.3499999996
2026-01-29,11115369.4399999995
2026-01-30,11055420.9600000009
2026-02-02,11092312.3300000001
2026-02-03,11023141.0099999998
2026-02-04,10793492.2400000002
2026-02-05,10700341.5399999991
2026-02-06,11052654.1099999994
2026-02-09,11204831.0099999998
2026-02-10,11139348.8300000001
2026-02-11,11121825.4299999997
2026-02-12,10907855.4900000002
2026-02-13,10906010.9199999999
2026-02-17,10962270.2599999998
2026-02-18,11005617.6099999994
2026-02-19,11011151.3200000003
2026-02-20,11063721.5199999996
2026-02-23,10877420.1099999994
2026-02-24,10952125.1300000008
2026-02-25,11112602.5800000001
2026-02-26,11063721.5199999996
2026-02-27,11018529.5899999999
2026-03-02,11077555.7799999993
2026-03-03,10995472.4900000002
2026-03-04,11091390.0500000007
2026-03-05,11035130.7100000009
2026-03-06,10905088.6300000008
2026-03-09,11002850.7599999998
2026-03-10,10982560.5099999998
2026-03-11,10947513.7100000009
2026-03-12,10806404.2200000007
2026-03-13,10715098.0800000001
2026-03-16,10823005.3399999999
2026-03-17,10823005.3399999999
2026-03-18,10704030.6699999999
2026-03-19,10687429.5600000005
2026-03-20,10493749.8699999992
2026-03-23,10592535.7300000004
2026-03-24,10621206.6999999993
2026-03-25,10665600.4600000009
2026-03-26,10297502.2100000009
2026-03-27,10202240.6099999994
2026-03-30,9973797.7300000004
2026-03-31,10368717.1999999993
2026-04-01,10589761.1199999992
2026-04-02,10611958.0000000000
2026-04-06,10697970.9100000001
2026-04-07,10788608.1699999999
2026-04-08,11224221.9199999999
2026-04-09,11353703.7200000007
2026-04-10,11407346.1699999999
2026-04-13,11522954.9199999999
2026-04-14,11713478.1300000008
2026-04-15,11707004.0399999991
2026-04-16,11721801.9600000009
2026-04-17,11866081.6799999997
2026-04-20,11805040.2599999998
2026-04-21,11713478.1300000008
2026-04-22,11940996.1500000004
2026-04-23,11952094.5899999999
2026-04-24,12163889.8100000005
2026-04-27,12218457.1400000006
2026-04-28,12019610.0899999999
2026-04-29,12094524.5600000005
2026-04-30,12373835.2899999991
2026-05-01,12432102.0999999996
2026-05-04,12433951.8399999999
2026-05-05,12752107.1099999994
2026-05-06,13095233.8599999994
2026-05-07,12883438.6400000006
2026-05-08,13300555.0000000000
2026-05-11,13509575.6099999994
2026-05-12,13359746.6799999997
2026-05-13,13529922.7500000000
2026-05-14,13643681.7599999998
2026-05-15,13270034.2899999991
2026-05-18,13079511.0800000001
2026-05-19,13006446.3499999996
2026-05-20,13254311.5000000000
2026-05-21,13381943.5500000007
2026-05-22,13405065.3000000007
2026-05-26,13854552.1099999994
2026-05-27,13836054.7100000009
2026-05-28,13885072.8200000003
2026-05-29,13927616.8399999999
